🗄️  Database query logging enabled for performance analysis (Prisma 6 event-based)
🗺️ Zone Cache Service initialized
🔗 CORS Allowed Origins: [
  'http://localhost:3000',
  'http://localhost:3001',
  'http://localhost:3002',
  'http://localhost:3003',
  'http://localhost:3004',
  'http://localhost:3005',
  'http://localhost:3006',
  'http://localhost:3007',
  'http://localhost:3008',
  'http://localhost:3009',
  'http://localhost:3010'
]
📊 Performance logging enabled - API calls & DB queries will be tracked
🎛️  Performance configuration API enabled at /api/admin/performance
🚀 Server running on http://127.0.0.1:3000
⏰ Initializing cron jobs...
[Cron Manager] Initializing cron jobs...
[Cron Manager] ✓ Driver Activity Monitor started (runs every minute)
[Cron Manager] Drivers will be set OFFLINE after 10 minutes of inactivity
✓ Cron jobs initialized successfully
✅ Connected to PostgreSQL database
Driver connected: BDys5QShe4144QB0AAAB
🔐 Driver authenticating: {
  userId: 'cmgt7lmqs000ymxarz2f1edxx',
  companyId: 'cmgt7lmip0005mxarxkkjup1p',
  socketId: 'BDys5QShe4144QB0AAAB'
}
✅ Driver cmgt7lmqs000ymxarz2f1edxx joined rooms: {
  driverRoom: 'driver_cmgt7lmqs000ymxarz2f1edxx',
  companyRoom: 'company:cmgt7lmip0005mxarxkkjup1p',
  roomCount: 3,
  rooms: [
    'BDys5QShe4144QB0AAAB',
    'driver_cmgt7lmqs000ymxarz2f1edxx',
    'company:cmgt7lmip0005mxarxkkjup1p'
  ]
}
✅ Enhanced status handlers initialized for driver cmgt7lmqs000ymxarz2f1edxx
🔍 Mobile API Request: GET /api/mobile/driver/shift/current
Dispatcher connected: Tui8uc0ZuAQ6f3VlAAAD
Driver disconnected: BDys5QShe4144QB0AAAB
🔄 Processing disconnect cleanup for driver cmgt7lmqs000ymxarz2f1edxx
📍 Emitted zone change to mobile driver cmgt7lmqs000ymxarz2f1edxx: { zoneId: 'cmh87ng5j00079kxcd9v0jk7k', zoneName: undefined }
✅ Driver cmgt7lmqs000ymxarz2f1edxx disconnect cleanup completed
Driver connected: dkklbHnIvdmRTPLjAAAF
🔍 Mobile API Request: GET /api/mobile/driver/shift/current
🔍 Mobile API Request: GET /api/mobile/driver/shift/current
🔐 Driver authenticating: {
  userId: 'cmgt7lmqs000ymxarz2f1edxx',
  companyId: 'cmgt7lmip0005mxarxkkjup1p',
  socketId: 'dkklbHnIvdmRTPLjAAAF'
}
✅ Driver cmgt7lmqs000ymxarz2f1edxx joined rooms: {
  driverRoom: 'driver_cmgt7lmqs000ymxarz2f1edxx',
  companyRoom: 'company:cmgt7lmip0005mxarxkkjup1p',
  roomCount: 3,
  rooms: [
    'dkklbHnIvdmRTPLjAAAF',
    'driver_cmgt7lmqs000ymxarz2f1edxx',
    'company:cmgt7lmip0005mxarxkkjup1p'
  ]
}
✅ Enhanced status handlers initialized for driver cmgt7lmqs000ymxarz2f1edxx
🔍 Mobile API Request: GET /api/mobile/driver/jobs/history?limit=3&status=COMPLETED&includeEarnings=true
🔍 Mobile API Request: GET /api/mobile/driver/vehicles
🔍 Mobile API Request: GET /api/mobile/driver/jobs/history?limit=3&status=COMPLETED&includeEarnings=true
🔍 Mobile API Request: GET /api/mobile/driver/shift/current
🔍 Mobile API Request: GET /api/mobile/driver/jobs/history?limit=3&status=COMPLETED&includeEarnings=true
🔍 Mobile API Request: GET /api/mobile/driver/shift/current
🔄 Zone cache MISS for company cmgt7lmip0005mxarxkkjup1p - fetching from DB
✅ Cached 5 zones for company cmgt7lmip0005mxarxkkjup1p
🔍 Zone detection: 4/5 candidates after bounds check
✅ Zone detected: "Iusto et distinctio" (cmh87ng5j00079kxcd9v0jk7k) in 1ms
⏳ Zone stability pending for driver cmgt7lmqs000ymxarz2f1edxx (need 3 consecutive detections)
[BROADCAST LOCATION] Driver: cmgt7lmqs000ymxarz2f1edxx, Lat: 25.2841722, Lng: 51.5289844
[Socket Broadcast] Event: driver:location:update, Rooms: dispatch_cmgt7lmip0005mxarxkkjup1p, company_cmgt7lmip0005mxarxkkjup1p, super_admin, all_dispatchers
[Socket Broadcast] Event: driverLocationUpdate, Rooms: dispatch_cmgt7lmip0005mxarxkkjup1p, company_cmgt7lmip0005mxarxkkjup1p, super_admin, all_dispatchers
[Socket Broadcast] Event: driver:location:realtime, Rooms: dispatch_cmgt7lmip0005mxarxkkjup1p, company_cmgt7lmip0005mxarxkkjup1p, super_admin, all_dispatchers
[Socket Broadcast] Event: driver:zone:changed, Rooms: dispatch_cmgt7lmip0005mxarxkkjup1p, company_cmgt7lmip0005mxarxkkjup1p, super_admin, all_dispatchers
[Driver Activity Monitor] Checking driver activity at 2025-10-28T08:22:00.009Z
[Driver Activity Monitor] Threshold: 2025-10-28T08:12:00.009Z
[Driver Activity Monitor] Found 9 total active drivers
[Driver Activity Monitor] Driver3 Quick Ride:
  - Location Update: Never
  - Status Update: 2025-10-18T09:55:35.663Z
  - Preferences Location: Never
  - User Updated: Sat Oct 18 2025 12:55:35 GMT+0300 (Arabian Standard Time)
  - Last Activity: 2025-10-18T09:55:35.665Z
  - Inactive: true
[Driver Activity Monitor] Driver2 Quick Ride:
  - Location Update: Never
  - Status Update: 2025-10-18T09:55:35.663Z
  - Preferences Location: Never
  - User Updated: Sat Oct 18 2025 12:55:35 GMT+0300 (Arabian Standard Time)
  - Last Activity: 2025-10-18T09:55:35.665Z
  - Inactive: true
[Driver Activity Monitor] Driver2 Metro Taxi:
  - Location Update: Never
  - Status Update: 2025-10-18T09:55:35.663Z
  - Preferences Location: Never
  - User Updated: Sat Oct 18 2025 12:55:35 GMT+0300 (Arabian Standard Time)
  - Last Activity: 2025-10-18T09:55:35.665Z
  - Inactive: true
[Driver Activity Monitor] Driver1 Quick Ride:
  - Location Update: Never
  - Status Update: 2025-10-18T09:55:35.663Z
  - Preferences Location: Never
  - User Updated: Sat Oct 18 2025 12:55:35 GMT+0300 (Arabian Standard Time)
  - Last Activity: 2025-10-18T09:55:35.665Z
  - Inactive: true
[Driver Activity Monitor] Driver1 Metro Taxi:
  - Location Update: Never
  - Status Update: 2025-10-18T09:55:35.663Z
  - Preferences Location: Never
  - User Updated: Sat Oct 18 2025 12:55:35 GMT+0300 (Arabian Standard Time)
  - Last Activity: 2025-10-18T09:55:35.665Z
  - Inactive: true
[Driver Activity Monitor] Driver3 Metro Taxi:
  - Location Update: Never
  - Status Update: 2025-10-18T09:55:35.663Z
  - Preferences Location: Never
  - User Updated: Sat Oct 18 2025 12:55:35 GMT+0300 (Arabian Standard Time)
  - Last Activity: 2025-10-18T09:55:35.665Z
  - Inactive: true
[Driver Activity Monitor] Driver3 City Cabs:
  - Location Update: Never
  - Status Update: 2025-10-22T11:00:39.313Z
  - Preferences Location: Never
  - User Updated: Fri Oct 24 2025 19:30:17 GMT+0300 (Arabian Standard Time)
  - Last Activity: 2025-10-24T16:30:17.836Z
  - Inactive: true
[Driver Activity Monitor] Driver1 City Cabs:
  - Location Update: 2025-10-28T08:21:48.495Z
  - Status Update: 2025-10-28T08:21:51.051Z
  - Preferences Location: Never
  - User Updated: Tue Oct 28 2025 11:21:51 GMT+0300 (Arabian Standard Time)
  - Last Activity: 2025-10-28T08:21:51.172Z
  - Inactive: false
[Driver Activity Monitor] Driver2 City Cabs:
  - Location Update: Never
  - Status Update: 2025-10-18T09:55:35.663Z
  - Preferences Location: Never
  - User Updated: Sat Oct 18 2025 12:55:35 GMT+0300 (Arabian Standard Time)
  - Last Activity: 2025-10-18T09:55:35.665Z
  - Inactive: true
[Driver Activity Monitor] Found 8 inactive drivers
[Driver Activity Monitor] Processing driver cmgt7lmye001imxarbrwufab7 (Driver3 Quick Ride)
  - Last location update: Never
  - Active jobs: 0
  - Active shifts: 0
  - Current shift status: OFFLINE
  ✓ Emitted driver:status:changed for driver cmgt7lmye001imxarbrwufab7
[Driver Activity Monitor] Processing driver cmgt7lmww001emxarm6fiocom (Driver2 Quick Ride)
  - Last location update: Never
  - Active jobs: 0
  - Active shifts: 0
  - Current shift status: OFFLINE
  ✓ Emitted driver:status:changed for driver cmgt7lmww001emxarm6fiocom
[Driver Activity Monitor] Processing driver cmgt7lmns000qmxarybo79dix (Driver2 Metro Taxi)
  - Last location update: Never
  - Active jobs: 0
  - Active shifts: 0
  - Current shift status: OFFLINE
  ✓ Emitted driver:status:changed for driver cmgt7lmns000qmxarybo79dix
[Driver Activity Monitor] Processing driver cmgt7lmva001amxargvvis3qo (Driver1 Quick Ride)
  - Last location update: Never
  - Active jobs: 0
  - Active shifts: 0
  - Current shift status: OFFLINE
  ✓ Emitted driver:status:changed for driver cmgt7lmva001amxargvvis3qo
[Driver Activity Monitor] Processing driver cmgt7lmm7000mmxarb23yrhm4 (Driver1 Metro Taxi)
  - Last location update: Never
  - Active jobs: 0
  - Active shifts: 0
  - Current shift status: OFFLINE
  ✓ Emitted driver:status:changed for driver cmgt7lmm7000mmxarb23yrhm4
[Driver Activity Monitor] Processing driver cmgt7lmpa000umxaro9mk6xmc (Driver3 Metro Taxi)
  - Last location update: Never
  - Active jobs: 0
  - Active shifts: 0
  - Current shift status: OFFLINE
  ✓ Emitted driver:status:changed for driver cmgt7lmpa000umxaro9mk6xmc
[Driver Activity Monitor] Processing driver cmgt7lmts0016mxar09d3mqpx (Driver3 City Cabs)
  - Last location update: Never
  - Active jobs: 0
  - Active shifts: 0
  - Current shift status: OFFLINE
  ✓ Emitted driver:status:changed for driver cmgt7lmts0016mxar09d3mqpx
[Driver Activity Monitor] Processing driver cmgt7lms90012mxare5ugbirp (Driver2 City Cabs)
  - Last location update: Never
  - Active jobs: 0
  - Active shifts: 0
  - Current shift status: OFFLINE
  ✓ Emitted driver:status:changed for driver cmgt7lms90012mxare5ugbirp
[Driver Activity Monitor] Processed 8 inactive drivers
[Cron - Driver Activity] Processed inactive drivers: {
  count: 8,
  drivers: [
    {
      id: 'cmgt7lmye001imxarbrwufab7',
      name: 'Driver3 Quick Ride',
      unassignedJobs: 0
    },
    {
      id: 'cmgt7lmww001emxarm6fiocom',
      name: 'Driver2 Quick Ride',
      unassignedJobs: 0
    },
    {
      id: 'cmgt7lmns000qmxarybo79dix',
      name: 'Driver2 Metro Taxi',
      unassignedJobs: 0
    },
    {
      id: 'cmgt7lmva001amxargvvis3qo',
      name: 'Driver1 Quick Ride',
      unassignedJobs: 0
    },
    {
      id: 'cmgt7lmm7000mmxarb23yrhm4',
      name: 'Driver1 Metro Taxi',
      unassignedJobs: 0
    },
    {
      id: 'cmgt7lmpa000umxaro9mk6xmc',
      name: 'Driver3 Metro Taxi',
      unassignedJobs: 0
    },
    {
      id: 'cmgt7lmts0016mxar09d3mqpx',
      name: 'Driver3 City Cabs',
      unassignedJobs: 0
    },
    {
      id: 'cmgt7lms90012mxare5ugbirp',
      name: 'Driver2 City Cabs',
      unassignedJobs: 0
    }
  ]
}
🔍 Mobile API Request: POST /api/mobile/driver/shift/start
Driver shift started: cmgt7lmqs000ymxarz2f1edxx - Shift ID: cmhaat4cx0003mxpc4u3bptis
📍 Emitted zone change to mobile driver cmgt7lmqs000ymxarz2f1edxx: { zoneId: 'cmh87ng5j00079kxcd9v0jk7k', zoneName: undefined }
✅ Queue management updated for driver cmgt7lmqs000ymxarz2f1edxx on shift start
📡 Driver online broadcasted: cmgt7lmqs000ymxarz2f1edxx (Driver1)
🔍 Mobile API Request: GET /api/mobile/driver/shift/current
🔍 Mobile API Request: PUT /api/mobile/driver/shift/status
Driver status updated: cmgt7lmqs000ymxarz2f1edxx - Status: AVAILABLE
📍 Emitted zone change to mobile driver cmgt7lmqs000ymxarz2f1edxx: { zoneId: 'cmh87ng5j00079kxcd9v0jk7k', zoneName: undefined }
✅ Queue management updated for driver cmgt7lmqs000ymxarz2f1edxx -> AVAILABLE
📡 Driver status broadcasted via socket: cmgt7lmqs000ymxarz2f1edxx (Driver1) -> AVAILABLE
   Rooms: dispatch_cmgt7lmip0005mxarxkkjup1p, company_cmgt7lmip0005mxarxkkjup1p, super_admin
🔍 Mobile API Request: GET /api/mobile/driver/shift/current
👤 Driver status update: {
  driverId: 'cmgt7lmqs000ymxarz2f1edxx',
  companyId: 'cmgt7lmip0005mxarxkkjup1p',
  status: 'AVAILABLE',
  newStatus: 'AVAILABLE',
  timestamp: 1761639723856,
  reason: 'manual'
}
📍 Emitted zone change to mobile driver cmgt7lmqs000ymxarz2f1edxx: { zoneId: 'cmh87ng5j00079kxcd9v0jk7k', zoneName: undefined }
[BROADCAST STATUS] Driver: cmgt7lmqs000ymxarz2f1edxx, Status: AVAILABLE
[Socket Broadcast] Event: driver:status:update, Rooms: dispatch_cmgt7lmip0005mxarxkkjup1p, company_cmgt7lmip0005mxarxkkjup1p, super_admin, all_dispatchers
[Socket Broadcast] Event: driver:status:updated, Rooms: dispatch_cmgt7lmip0005mxarxkkjup1p, company_cmgt7lmip0005mxarxkkjup1p, super_admin, all_dispatchers
🔍 Mobile API Request: GET /api/mobile/driver/jobs/history?limit=3&status=COMPLETED&includeEarnings=true
🔍 Mobile API Request: GET /api/mobile/driver/vehicles
🔍 Mobile API Request: PUT /api/mobile/driver/shift/status
🔍 Mobile API Request: GET /api/mobile/driver/jobs/history?limit=3&status=COMPLETED&includeEarnings=true
🔍 Mobile API Request: GET /api/mobile/driver/shift/current
Driver status updated: cmgt7lmqs000ymxarz2f1edxx - Status: AVAILABLE
📍 Emitted zone change to mobile driver cmgt7lmqs000ymxarz2f1edxx: { zoneId: 'cmh87ng5j00079kxcd9v0jk7k', zoneName: undefined }
✅ Queue management updated for driver cmgt7lmqs000ymxarz2f1edxx -> AVAILABLE
📡 Driver status broadcasted via socket: cmgt7lmqs000ymxarz2f1edxx (Driver1) -> AVAILABLE
   Rooms: dispatch_cmgt7lmip0005mxarxkkjup1p, company_cmgt7lmip0005mxarxkkjup1p, super_admin
🔍 Mobile API Request: GET /api/mobile/driver/shift/current
🔍 Mobile API Request: GET /api/mobile/driver/jobs/history?limit=3&status=COMPLETED&includeEarnings=true
👤 Driver status update: {
  driverId: 'cmgt7lmqs000ymxarz2f1edxx',
  companyId: 'cmgt7lmip0005mxarxkkjup1p',
  status: 'AVAILABLE',
  newStatus: 'AVAILABLE',
  timestamp: 1761639723992,
  reason: 'manual'
}
📍 Emitted zone change to mobile driver cmgt7lmqs000ymxarz2f1edxx: { zoneId: 'cmh87ng5j00079kxcd9v0jk7k', zoneName: undefined }
[BROADCAST STATUS] Driver: cmgt7lmqs000ymxarz2f1edxx, Status: AVAILABLE
[Socket Broadcast] Event: driver:status:update, Rooms: dispatch_cmgt7lmip0005mxarxkkjup1p, company_cmgt7lmip0005mxarxkkjup1p, super_admin, all_dispatchers
[Socket Broadcast] Event: driver:status:updated, Rooms: dispatch_cmgt7lmip0005mxarxkkjup1p, company_cmgt7lmip0005mxarxkkjup1p, super_admin, all_dispatchers
✅ Zone cache HIT for company cmgt7lmip0005mxarxkkjup1p (5 zones)
🔍 Zone detection: 4/5 candidates after bounds check
✅ Zone detected: "Iusto et distinctio" (cmh87ng5j00079kxcd9v0jk7k) in 0ms
⏳ Zone stability pending for driver cmgt7lmqs000ymxarz2f1edxx (need 3 consecutive detections)
[BROADCAST LOCATION] Driver: cmgt7lmqs000ymxarz2f1edxx, Lat: 25.2841722, Lng: 51.5289844
[Socket Broadcast] Event: driver:location:update, Rooms: dispatch_cmgt7lmip0005mxarxkkjup1p, company_cmgt7lmip0005mxarxkkjup1p, super_admin, all_dispatchers
[Socket Broadcast] Event: driverLocationUpdate, Rooms: dispatch_cmgt7lmip0005mxarxkkjup1p, company_cmgt7lmip0005mxarxkkjup1p, super_admin, all_dispatchers
[Socket Broadcast] Event: driver:location:realtime, Rooms: dispatch_cmgt7lmip0005mxarxkkjup1p, company_cmgt7lmip0005mxarxkkjup1p, super_admin, all_dispatchers
[Socket Broadcast] Event: driver:zone:changed, Rooms: dispatch_cmgt7lmip0005mxarxkkjup1p, company_cmgt7lmip0005mxarxkkjup1p, super_admin, all_dispatchers
❌ [JobAudit] Failed to log action: PrismaClientKnownRequestError: 
Invalid `prisma.$executeRaw()` invocation:


Raw query failed. Code: `42P01`. Message: `relation "job_audit_logs" does not exist`
    at ei.handleRequestError (/Applications/A_B_TAXI/backend/node_modules/@prisma/client/runtime/library.js:121:7268)
    at ei.handleAndLogRequestError (/Applications/A_B_TAXI/backend/node_modules/@prisma/client/runtime/library.js:121:6593)
    at ei.request (/Applications/A_B_TAXI/backend/node_modules/@prisma/client/runtime/library.js:121:6300)
    at async a (/Applications/A_B_TAXI/backend/node_modules/@prisma/client/runtime/library.js:130:9551)
    at async JobAuditService.logAction (/Applications/A_B_TAXI/backend/services/jobAuditService.js:36:30)
    at async JobService.assignDriver (/Applications/A_B_TAXI/backend/services/jobService.js:778:7)
    at async /Applications/A_B_TAXI/backend/routes/dispatch.js:1791:26 {
  code: 'P2010',
  meta: {
    code: '42P01',
    message: 'relation "job_audit_logs" does not exist'
  },
  clientVersion: '6.16.3'
}
📝 [JobService] Job cmha71kcb002p8ogj1q5zf9l9 assigned to driver cmgt7lmqs000ymxarz2f1edxx - UNASSIGNED → OFFERED
🚨 JobService: Emitting job_assigned to driver_cmgt7lmqs000ymxarz2f1edxx for job JOB_1761633401261_fdsjxmx3h
📡 Driver namespace connected sockets: 1
📡 Sockets in room driver_cmgt7lmqs000ymxarz2f1edxx: 1
📡 Job data being sent: {
  "id": "cmha71kcb002p8ogj1q5zf9l9",
  "jobId": "cmha71kcb002p8ogj1q5zf9l9",
  "jobType": "TAXI",
  "status": "OFFERED",
  "pickupAddress": "Ar-Rayyan, Qatar",
  "pickupLatitude": 25.16442,
  "pickupLongitude": 51.404421,
  "dropoffAddress": "Al Markhiyah، الدوحة، Qatar",
  "dropoffLatitude": 25.3333333,
  "dropoffLongitude": 51.48333330000001,
  "distance": 28.44,
  "fare": 88.21249999999999,
  "estimatedPrice": 88.21249999999999,
  "estimatedDistance": 28.44,
  "estimatedDuration": 28,
  "customerId": "cmha71ju2002l8ogjnpgj5k8y",
  "customerName": "tet Passenger",
  "customerPhone": "123432",
  "createdAt": "2025-10-28T06:36:41.916Z",
  "assignedAt": "2025-10-28T08:22:12.094Z",
  "company": {
    "id": "cmgt7lmip0005mxarxkkjup1p",
    "name": "City Cabs Ltd"
  },
  "internalJobId": "cmha71kcb002p8ogj1q5zf9l9",
  "assignmentId": "cmhaat8qm0009mxpcjt5682l0",
  "offerId": "cmha71kct002r8ogjcdxa8khr",
  "driverId": "cmgt7lmqs000ymxarz2f1edxx",
  "pickup": {
    "address": "Ar-Rayyan, Qatar",
    "latitude": 25.16442,
    "longitude": 51.404421
  },
  "dropoff": {
    "address": "Al Markhiyah، الدوحة، Qatar",
    "latitude": 25.3333333,
    "longitude": 51.48333330000001
  },
  "expiresAt": "2025-10-28T08:24:12.095Z",
  "legacyJobId": "cmha71kcb002p8ogj1q5zf9l9"
}
✅ Job assignment notification sent to driver cmgt7lmqs000ymxarz2f1edxx
✅ Job assignment notification sent to dispatch portal for company cmgt7lmip0005mxarxkkjup1p
🔍 Mobile API Request: PUT /api/mobile/driver/shift/status
🔍 Mobile API Request: PUT /api/mobile/driver/shift/status
Driver status updated: cmgt7lmqs000ymxarz2f1edxx - Status: BUSY
Driver status updated: cmgt7lmqs000ymxarz2f1edxx - Status: BUSY
📍 Emitted zone change to mobile driver cmgt7lmqs000ymxarz2f1edxx: { zoneId: 'cmh87ng5j00079kxcd9v0jk7k', zoneName: undefined }
✅ Queue management updated for driver cmgt7lmqs000ymxarz2f1edxx -> BUSY
📡 Driver status broadcasted via socket: cmgt7lmqs000ymxarz2f1edxx (Driver1) -> BUSY
   Rooms: dispatch_cmgt7lmip0005mxarxkkjup1p, company_cmgt7lmip0005mxarxkkjup1p, super_admin
📍 Emitted zone change to mobile driver cmgt7lmqs000ymxarz2f1edxx: { zoneId: 'cmh87ng5j00079kxcd9v0jk7k', zoneName: undefined }
✅ Queue management updated for driver cmgt7lmqs000ymxarz2f1edxx -> BUSY
📡 Driver status broadcasted via socket: cmgt7lmqs000ymxarz2f1edxx (Driver1) -> BUSY
   Rooms: dispatch_cmgt7lmip0005mxarxkkjup1p, company_cmgt7lmip0005mxarxkkjup1p, super_admin
👤 Driver status update: {
  driverId: 'cmgt7lmqs000ymxarz2f1edxx',
  companyId: 'cmgt7lmip0005mxarxkkjup1p',
  status: 'BUSY',
  newStatus: 'BUSY',
  timestamp: 1761639729597,
  reason: 'manual'
}
👤 Driver status update: {
  driverId: 'cmgt7lmqs000ymxarz2f1edxx',
  companyId: 'cmgt7lmip0005mxarxkkjup1p',
  status: 'BUSY',
  newStatus: 'BUSY',
  timestamp: 1761639729598,
  reason: 'manual'
}
📍 Emitted zone change to mobile driver cmgt7lmqs000ymxarz2f1edxx: { zoneId: 'cmh87ng5j00079kxcd9v0jk7k', zoneName: undefined }
📍 Emitted zone change to mobile driver cmgt7lmqs000ymxarz2f1edxx: { zoneId: 'cmh87ng5j00079kxcd9v0jk7k', zoneName: undefined }
[BROADCAST STATUS] Driver: cmgt7lmqs000ymxarz2f1edxx, Status: BUSY
[Socket Broadcast] Event: driver:status:update, Rooms: dispatch_cmgt7lmip0005mxarxkkjup1p, company_cmgt7lmip0005mxarxkkjup1p, super_admin, all_dispatchers
[Socket Broadcast] Event: driver:status:updated, Rooms: dispatch_cmgt7lmip0005mxarxkkjup1p, company_cmgt7lmip0005mxarxkkjup1p, super_admin, all_dispatchers
[BROADCAST STATUS] Driver: cmgt7lmqs000ymxarz2f1edxx, Status: BUSY
[Socket Broadcast] Event: driver:status:update, Rooms: dispatch_cmgt7lmip0005mxarxkkjup1p, company_cmgt7lmip0005mxarxkkjup1p, super_admin, all_dispatchers
[Socket Broadcast] Event: driver:status:updated, Rooms: dispatch_cmgt7lmip0005mxarxkkjup1p, company_cmgt7lmip0005mxarxkkjup1p, super_admin, all_dispatchers
✅ Driver accepting job: {
  jobId: 'cmha71kcb002p8ogj1q5zf9l9',
  driverId: 'cmgt7lmqs000ymxarz2f1edxx',
  acceptedAt: '2025-10-28T08:22:11.761Z',
  location: { latitude: 25.2841722, longitude: 51.5289844 }
}
❌ Error accepting job: ReferenceError: jobService is not defined
    at Socket.<anonymous> (/Applications/A_B_TAXI/backend/server.js:865:7)
👤 Driver status update: {
  driverId: 'cmgt7lmqs000ymxarz2f1edxx',
  companyId: 'cmgt7lmip0005mxarxkkjup1p',
  status: 'BUSY',
  newStatus: 'BUSY',
  location: {
    latitude: 25.2841722,
    longitude: 51.5289844,
    accuracy: 5,
    heading: 69.90164947509766,
    speed: 9.614922523498535,
    timestamp: 1761639724030
  },
  timestamp: 1761639731763,
  reason: 'manual'
}
📍 Emitted zone change to mobile driver cmgt7lmqs000ymxarz2f1edxx: { zoneId: 'cmh87ng5j00079kxcd9v0jk7k', zoneName: undefined }
[BROADCAST STATUS] Driver: cmgt7lmqs000ymxarz2f1edxx, Status: BUSY
[Socket Broadcast] Event: driver:status:update, Rooms: dispatch_cmgt7lmip0005mxarxkkjup1p, company_cmgt7lmip0005mxarxkkjup1p, super_admin, all_dispatchers
[Socket Broadcast] Event: driver:status:updated, Rooms: dispatch_cmgt7lmip0005mxarxkkjup1p, company_cmgt7lmip0005mxarxkkjup1p, super_admin, all_dispatchers
📍 Emitted zone change to mobile driver cmgt7lmqs000ymxarz2f1edxx: { zoneId: 'cmh87ng5j00079kxcd9v0jk7k', zoneName: undefined }
[BROADCAST STATUS] Driver: cmgt7lmqs000ymxarz2f1edxx, Status: BUSY
[Socket Broadcast] Event: driver:status:update, Rooms: dispatch_cmgt7lmip0005mxarxkkjup1p, company_cmgt7lmip0005mxarxkkjup1p, super_admin, all_dispatchers
[Socket Broadcast] Event: driver:status:updated, Rooms: dispatch_cmgt7lmip0005mxarxkkjup1p, company_cmgt7lmip0005mxarxkkjup1p, super_admin, all_dispatchers
[Socket Broadcast] Event: job:data:updated, Rooms: dispatch_cmgt7lmip0005mxarxkkjup1p, company_cmgt7lmip0005mxarxkkjup1p, super_admin, all_dispatchers
📡 Broadcasting job progress to dispatch: {
  jobId: 'JOB_1761633401261_fdsjxmx3h',
  internalJobId: 'cmha71kcb002p8ogj1q5zf9l9',
  status: 'ACCEPTED',
  progressStatus: 'ACCEPTED',
  driverCleared: false
}
[Socket Broadcast] Event: job:progress:updated, Rooms: dispatch_cmgt7lmip0005mxarxkkjup1p, company_cmgt7lmip0005mxarxkkjup1p, super_admin, all_dispatchers
✅ Job progress: cmha71kcb002p8ogj1q5zf9l9 -> ACCEPTED (driver: cmgt7lmqs000ymxarz2f1edxx)
📍 Emitted zone change to mobile driver cmgt7lmqs000ymxarz2f1edxx: { zoneId: 'cmh87ng5j00079kxcd9v0jk7k', zoneName: undefined }
[BROADCAST STATUS] Driver: cmgt7lmqs000ymxarz2f1edxx, Status: BUSY
[Socket Broadcast] Event: driver:status:update, Rooms: dispatch_cmgt7lmip0005mxarxkkjup1p, company_cmgt7lmip0005mxarxkkjup1p, super_admin, all_dispatchers
[Socket Broadcast] Event: driver:status:updated, Rooms: dispatch_cmgt7lmip0005mxarxkkjup1p, company_cmgt7lmip0005mxarxkkjup1p, super_admin, all_dispatchers
[Socket Broadcast] Event: job:data:updated, Rooms: dispatch_cmgt7lmip0005mxarxkkjup1p, company_cmgt7lmip0005mxarxkkjup1p, super_admin, all_dispatchers
📡 Broadcasting job progress to dispatch: {
  jobId: 'JOB_1761633401261_fdsjxmx3h',
  internalJobId: 'cmha71kcb002p8ogj1q5zf9l9',
  status: 'ON_THE_WAY',
  progressStatus: 'ON_THE_WAY',
  driverCleared: false
}
[Socket Broadcast] Event: job:progress:updated, Rooms: dispatch_cmgt7lmip0005mxarxkkjup1p, company_cmgt7lmip0005mxarxkkjup1p, super_admin, all_dispatchers
✅ Job progress: cmha71kcb002p8ogj1q5zf9l9 -> ON_THE_WAY (driver: cmgt7lmqs000ymxarz2f1edxx)
👤 Driver status update: {
  driverId: 'cmgt7lmqs000ymxarz2f1edxx',
  companyId: 'cmgt7lmip0005mxarxkkjup1p',
  status: 'BUSY',
  newStatus: 'BUSY',
  location: {
    latitude: 25.2841722,
    longitude: 51.5289844,
    accuracy: 5,
    heading: 69.90164947509766,
    speed: 9.614922523498535,
    timestamp: 1761639724030
  },
  timestamp: 1761639739261,
  reason: 'manual'
}
📍 Emitted zone change to mobile driver cmgt7lmqs000ymxarz2f1edxx: { zoneId: 'cmh87ng5j00079kxcd9v0jk7k', zoneName: undefined }
[BROADCAST STATUS] Driver: cmgt7lmqs000ymxarz2f1edxx, Status: BUSY
[Socket Broadcast] Event: driver:status:update, Rooms: dispatch_cmgt7lmip0005mxarxkkjup1p, company_cmgt7lmip0005mxarxkkjup1p, super_admin, all_dispatchers
[Socket Broadcast] Event: driver:status:updated, Rooms: dispatch_cmgt7lmip0005mxarxkkjup1p, company_cmgt7lmip0005mxarxkkjup1p, super_admin, all_dispatchers
📍 Emitted zone change to mobile driver cmgt7lmqs000ymxarz2f1edxx: { zoneId: 'cmh87ng5j00079kxcd9v0jk7k', zoneName: undefined }
[BROADCAST STATUS] Driver: cmgt7lmqs000ymxarz2f1edxx, Status: BUSY
[Socket Broadcast] Event: driver:status:update, Rooms: dispatch_cmgt7lmip0005mxarxkkjup1p, company_cmgt7lmip0005mxarxkkjup1p, super_admin, all_dispatchers
[Socket Broadcast] Event: driver:status:updated, Rooms: dispatch_cmgt7lmip0005mxarxkkjup1p, company_cmgt7lmip0005mxarxkkjup1p, super_admin, all_dispatchers
[Socket Broadcast] Event: job:data:updated, Rooms: dispatch_cmgt7lmip0005mxarxkkjup1p, company_cmgt7lmip0005mxarxkkjup1p, super_admin, all_dispatchers
📡 Broadcasting job progress to dispatch: {
  jobId: 'JOB_1761633401261_fdsjxmx3h',
  internalJobId: 'cmha71kcb002p8ogj1q5zf9l9',
  status: 'ARRIVED',
  progressStatus: 'ARRIVED',
  driverCleared: false
}
[Socket Broadcast] Event: job:progress:updated, Rooms: dispatch_cmgt7lmip0005mxarxkkjup1p, company_cmgt7lmip0005mxarxkkjup1p, super_admin, all_dispatchers
✅ Job progress: cmha71kcb002p8ogj1q5zf9l9 -> ARRIVED (driver: cmgt7lmqs000ymxarz2f1edxx)
👤 Driver status update: {
  driverId: 'cmgt7lmqs000ymxarz2f1edxx',
  companyId: 'cmgt7lmip0005mxarxkkjup1p',
  status: 'BUSY',
  newStatus: 'BUSY',
  location: {
    latitude: 25.2841722,
    longitude: 51.5289844,
    accuracy: 5,
    heading: 69.90164947509766,
    speed: 9.614922523498535,
    timestamp: 1761639724030
  },
  timestamp: 1761639745529,
  reason: 'manual'
}
📍 Emitted zone change to mobile driver cmgt7lmqs000ymxarz2f1edxx: { zoneId: 'cmh87ng5j00079kxcd9v0jk7k', zoneName: undefined }
[BROADCAST STATUS] Driver: cmgt7lmqs000ymxarz2f1edxx, Status: BUSY
[Socket Broadcast] Event: driver:status:update, Rooms: dispatch_cmgt7lmip0005mxarxkkjup1p, company_cmgt7lmip0005mxarxkkjup1p, super_admin, all_dispatchers
[Socket Broadcast] Event: driver:status:updated, Rooms: dispatch_cmgt7lmip0005mxarxkkjup1p, company_cmgt7lmip0005mxarxkkjup1p, super_admin, all_dispatchers
🚫 Driver rejecting job: {
  jobId: 'cmha71kcb002p8ogj1q5zf9l9',
  driverId: 'cmgt7lmqs000ymxarz2f1edxx',
  reason: 'timeout',
  rejectedAt: '2025-10-28T08:22:43.602Z',
  location: { latitude: 25.2841722, longitude: 51.5289844 }
}
❌ Error rejecting job: PrismaClientValidationError: 
Invalid `prisma.assignment.updateMany()` invocation in
/Applications/A_B_TAXI/backend/server.js:927:31

  924 }
  925 
  926 // Update assignment status
→ 927 await prisma.assignment.updateMany({
        where: {
          jobId: "cmha71kcb002p8ogj1q5zf9l9",
          driverId: "cmgt7lmqs000ymxarz2f1edxx",
          status: "OFFERED"
        },
        data: {
          status: "REJECTED",
          respondedAt: new Date("2025-10-28T08:22:43.602Z"),
          ~~~~~~~~~~~
          rejectionReason: "timeout",
          updatedAt: new Date("2025-10-28T08:22:46.270Z"),
      ?   id?: String | StringFieldUpdateOperationsInput,
      ?   createdAt?: DateTime | DateTimeFieldUpdateOperationsInput,
      ?   assignedBy?: String | StringFieldUpdateOperationsInput,
      ?   assignedAt?: DateTime | DateTimeFieldUpdateOperationsInput,
      ?   acceptedAt?: DateTime | NullableDateTimeFieldUpdateOperationsInput | Null,
      ?   rejectedAt?: DateTime | NullableDateTimeFieldUpdateOperationsInput | Null
        }
      })

Unknown argument `respondedAt`. Available options are marked with ?.
    at Nn (/Applications/A_B_TAXI/backend/node_modules/@prisma/client/runtime/library.js:29:1363)
    at ei.handleRequestError (/Applications/A_B_TAXI/backend/node_modules/@prisma/client/runtime/library.js:121:6911)
    at ei.handleAndLogRequestError (/Applications/A_B_TAXI/backend/node_modules/@prisma/client/runtime/library.js:121:6593)
    at ei.request (/Applications/A_B_TAXI/backend/node_modules/@prisma/client/runtime/library.js:121:6300)
    at async a (/Applications/A_B_TAXI/backend/node_modules/@prisma/client/runtime/library.js:130:9551)
    at async Socket.<anonymous> (/Applications/A_B_TAXI/backend/server.js:927:7) {
  clientVersion: '6.16.3'
}
👤 Driver status update: {
  driverId: 'cmgt7lmqs000ymxarz2f1edxx',
  companyId: 'cmgt7lmip0005mxarxkkjup1p',
  status: 'AVAILABLE',
  newStatus: 'AVAILABLE',
  location: {
    latitude: 25.2841722,
    longitude: 51.5289844,
    accuracy: 5,
    heading: 69.90164947509766,
    speed: 9.614922523498535,
    timestamp: 1761639724030
  },
  timestamp: 1761639763603,
  reason: 'manual'
}
📍 Emitted zone change to mobile driver cmgt7lmqs000ymxarz2f1edxx: { zoneId: 'cmh87ng5j00079kxcd9v0jk7k', zoneName: undefined }
📍 Emitted zone change to mobile driver cmgt7lmqs000ymxarz2f1edxx: { zoneId: 'cmh87ng5j00079kxcd9v0jk7k', zoneName: undefined }
[BROADCAST STATUS] Driver: cmgt7lmqs000ymxarz2f1edxx, Status: AVAILABLE
[Socket Broadcast] Event: driver:status:update, Rooms: dispatch_cmgt7lmip0005mxarxkkjup1p, company_cmgt7lmip0005mxarxkkjup1p, super_admin, all_dispatchers
[Socket Broadcast] Event: driver:status:updated, Rooms: dispatch_cmgt7lmip0005mxarxkkjup1p, company_cmgt7lmip0005mxarxkkjup1p, super_admin, all_dispatchers
[BROADCAST STATUS] Driver: cmgt7lmqs000ymxarz2f1edxx, Status: AVAILABLE
[Socket Broadcast] Event: driver:status:update, Rooms: dispatch_cmgt7lmip0005mxarxkkjup1p, company_cmgt7lmip0005mxarxkkjup1p, super_admin, all_dispatchers
[Socket Broadcast] Event: driver:status:updated, Rooms: dispatch_cmgt7lmip0005mxarxkkjup1p, company_cmgt7lmip0005mxarxkkjup1p, super_admin, all_dispatchers
[Socket Broadcast] Event: job:data:updated, Rooms: dispatch_cmgt7lmip0005mxarxkkjup1p, company_cmgt7lmip0005mxarxkkjup1p, super_admin, all_dispatchers
📡 Broadcasting job progress to dispatch: {
  jobId: 'JOB_1761633401261_fdsjxmx3h',
  internalJobId: 'cmha71kcb002p8ogj1q5zf9l9',
  status: 'UNASSIGNED',
  progressStatus: 'REJECTED',
  driverCleared: true
}
[Socket Broadcast] Event: job:progress:updated, Rooms: dispatch_cmgt7lmip0005mxarxkkjup1p, company_cmgt7lmip0005mxarxkkjup1p, super_admin, all_dispatchers
✅ Job progress: cmha71kcb002p8ogj1q5zf9l9 -> REJECTED (driver: cmgt7lmqs000ymxarz2f1edxx)
[Driver Activity Monitor] Checking driver activity at 2025-10-28T08:23:00.017Z
[Driver Activity Monitor] Threshold: 2025-10-28T08:13:00.017Z
[Driver Activity Monitor] Found 9 total active drivers
[Driver Activity Monitor] Driver3 Quick Ride:
  - Location Update: Never
  - Status Update: 2025-10-18T09:55:35.663Z
  - Preferences Location: Never
  - User Updated: Sat Oct 18 2025 12:55:35 GMT+0300 (Arabian Standard Time)
  - Last Activity: 2025-10-18T09:55:35.665Z
  - Inactive: true
[Driver Activity Monitor] Driver2 Quick Ride:
  - Location Update: Never
  - Status Update: 2025-10-18T09:55:35.663Z
  - Preferences Location: Never
  - User Updated: Sat Oct 18 2025 12:55:35 GMT+0300 (Arabian Standard Time)
  - Last Activity: 2025-10-18T09:55:35.665Z
  - Inactive: true
[Driver Activity Monitor] Driver2 Metro Taxi:
  - Location Update: Never
  - Status Update: 2025-10-18T09:55:35.663Z
  - Preferences Location: Never
  - User Updated: Sat Oct 18 2025 12:55:35 GMT+0300 (Arabian Standard Time)
  - Last Activity: 2025-10-18T09:55:35.665Z
  - Inactive: true
[Driver Activity Monitor] Driver1 Quick Ride:
  - Location Update: Never
  - Status Update: 2025-10-18T09:55:35.663Z
  - Preferences Location: Never
  - User Updated: Sat Oct 18 2025 12:55:35 GMT+0300 (Arabian Standard Time)
  - Last Activity: 2025-10-18T09:55:35.665Z
  - Inactive: true
[Driver Activity Monitor] Driver1 Metro Taxi:
  - Location Update: Never
  - Status Update: 2025-10-18T09:55:35.663Z
  - Preferences Location: Never
  - User Updated: Sat Oct 18 2025 12:55:35 GMT+0300 (Arabian Standard Time)
  - Last Activity: 2025-10-18T09:55:35.665Z
  - Inactive: true
[Driver Activity Monitor] Driver3 Metro Taxi:
  - Location Update: Never
  - Status Update: 2025-10-18T09:55:35.663Z
  - Preferences Location: Never
  - User Updated: Sat Oct 18 2025 12:55:35 GMT+0300 (Arabian Standard Time)
  - Last Activity: 2025-10-18T09:55:35.665Z
  - Inactive: true
[Driver Activity Monitor] Driver3 City Cabs:
  - Location Update: Never
  - Status Update: 2025-10-22T11:00:39.313Z
  - Preferences Location: Never
  - User Updated: Fri Oct 24 2025 19:30:17 GMT+0300 (Arabian Standard Time)
  - Last Activity: 2025-10-24T16:30:17.836Z
  - Inactive: true
[Driver Activity Monitor] Driver1 City Cabs:
  - Location Update: 2025-10-28T08:22:06.421Z
  - Status Update: 2025-10-28T08:22:46.335Z
  - Preferences Location: Never
  - User Updated: Tue Oct 28 2025 11:22:46 GMT+0300 (Arabian Standard Time)
  - Last Activity: 2025-10-28T08:22:46.337Z
  - Inactive: false
[Driver Activity Monitor] Driver2 City Cabs:
  - Location Update: Never
  - Status Update: 2025-10-18T09:55:35.663Z
  - Preferences Location: Never
  - User Updated: Sat Oct 18 2025 12:55:35 GMT+0300 (Arabian Standard Time)
  - Last Activity: 2025-10-18T09:55:35.665Z
  - Inactive: true
[Driver Activity Monitor] Found 8 inactive drivers
[Driver Activity Monitor] Processing driver cmgt7lmye001imxarbrwufab7 (Driver3 Quick Ride)
  - Last location update: Never
  - Active jobs: 0
  - Active shifts: 0
  - Current shift status: OFFLINE
  ✓ Emitted driver:status:changed for driver cmgt7lmye001imxarbrwufab7
[Driver Activity Monitor] Processing driver cmgt7lmww001emxarm6fiocom (Driver2 Quick Ride)
  - Last location update: Never
  - Active jobs: 0
  - Active shifts: 0
  - Current shift status: OFFLINE
  ✓ Emitted driver:status:changed for driver cmgt7lmww001emxarm6fiocom
[Driver Activity Monitor] Processing driver cmgt7lmns000qmxarybo79dix (Driver2 Metro Taxi)
  - Last location update: Never
  - Active jobs: 0
  - Active shifts: 0
  - Current shift status: OFFLINE
  ✓ Emitted driver:status:changed for driver cmgt7lmns000qmxarybo79dix
[Driver Activity Monitor] Processing driver cmgt7lmva001amxargvvis3qo (Driver1 Quick Ride)
  - Last location update: Never
  - Active jobs: 0
  - Active shifts: 0
  - Current shift status: OFFLINE
  ✓ Emitted driver:status:changed for driver cmgt7lmva001amxargvvis3qo
[Driver Activity Monitor] Processing driver cmgt7lmm7000mmxarb23yrhm4 (Driver1 Metro Taxi)
  - Last location update: Never
  - Active jobs: 0
  - Active shifts: 0
  - Current shift status: OFFLINE
  ✓ Emitted driver:status:changed for driver cmgt7lmm7000mmxarb23yrhm4
[Driver Activity Monitor] Processing driver cmgt7lmpa000umxaro9mk6xmc (Driver3 Metro Taxi)
  - Last location update: Never
  - Active jobs: 0
  - Active shifts: 0
  - Current shift status: OFFLINE
  ✓ Emitted driver:status:changed for driver cmgt7lmpa000umxaro9mk6xmc
[Driver Activity Monitor] Processing driver cmgt7lmts0016mxar09d3mqpx (Driver3 City Cabs)
  - Last location update: Never
  - Active jobs: 0
  - Active shifts: 0
  - Current shift status: OFFLINE
  ✓ Emitted driver:status:changed for driver cmgt7lmts0016mxar09d3mqpx
[Driver Activity Monitor] Processing driver cmgt7lms90012mxare5ugbirp (Driver2 City Cabs)
  - Last location update: Never
  - Active jobs: 0
  - Active shifts: 0
  - Current shift status: OFFLINE
  ✓ Emitted driver:status:changed for driver cmgt7lms90012mxare5ugbirp
[Driver Activity Monitor] Processed 8 inactive drivers
[Cron - Driver Activity] Processed inactive drivers: {
  count: 8,
  drivers: [
    {
      id: 'cmgt7lmye001imxarbrwufab7',
      name: 'Driver3 Quick Ride',
      unassignedJobs: 0
    },
    {
      id: 'cmgt7lmww001emxarm6fiocom',
      name: 'Driver2 Quick Ride',
      unassignedJobs: 0
    },
    {
      id: 'cmgt7lmns000qmxarybo79dix',
      name: 'Driver2 Metro Taxi',
      unassignedJobs: 0
    },
    {
      id: 'cmgt7lmva001amxargvvis3qo',
      name: 'Driver1 Quick Ride',
      unassignedJobs: 0
    },
    {
      id: 'cmgt7lmm7000mmxarb23yrhm4',
      name: 'Driver1 Metro Taxi',
      unassignedJobs: 0
    },
    {
      id: 'cmgt7lmpa000umxaro9mk6xmc',
      name: 'Driver3 Metro Taxi',
      unassignedJobs: 0
    },
    {
      id: 'cmgt7lmts0016mxar09d3mqpx',
      name: 'Driver3 City Cabs',
      unassignedJobs: 0
    },
    {
      id: 'cmgt7lms90012mxare5ugbirp',
      name: 'Driver2 City Cabs',
      unassignedJobs: 0
    }
  ]
}
[Driver Activity Monitor] Checking driver activity at 2025-10-28T08:24:00.012Z
[Driver Activity Monitor] Threshold: 2025-10-28T08:14:00.012Z
[Driver Activity Monitor] Found 9 total active drivers
[Driver Activity Monitor] Driver3 Quick Ride:
  - Location Update: Never
  - Status Update: 2025-10-18T09:55:35.663Z
  - Preferences Location: Never
  - User Updated: Sat Oct 18 2025 12:55:35 GMT+0300 (Arabian Standard Time)
  - Last Activity: 2025-10-18T09:55:35.665Z
  - Inactive: true
[Driver Activity Monitor] Driver2 Quick Ride:
  - Location Update: Never
  - Status Update: 2025-10-18T09:55:35.663Z
  - Preferences Location: Never
  - User Updated: Sat Oct 18 2025 12:55:35 GMT+0300 (Arabian Standard Time)
  - Last Activity: 2025-10-18T09:55:35.665Z
  - Inactive: true
[Driver Activity Monitor] Driver2 Metro Taxi:
  - Location Update: Never
  - Status Update: 2025-10-18T09:55:35.663Z
  - Preferences Location: Never
  - User Updated: Sat Oct 18 2025 12:55:35 GMT+0300 (Arabian Standard Time)
  - Last Activity: 2025-10-18T09:55:35.665Z
  - Inactive: true
[Driver Activity Monitor] Driver1 Quick Ride:
  - Location Update: Never
  - Status Update: 2025-10-18T09:55:35.663Z
  - Preferences Location: Never
  - User Updated: Sat Oct 18 2025 12:55:35 GMT+0300 (Arabian Standard Time)
  - Last Activity: 2025-10-18T09:55:35.665Z
  - Inactive: true
[Driver Activity Monitor] Driver1 Metro Taxi:
  - Location Update: Never
  - Status Update: 2025-10-18T09:55:35.663Z
  - Preferences Location: Never
  - User Updated: Sat Oct 18 2025 12:55:35 GMT+0300 (Arabian Standard Time)
  - Last Activity: 2025-10-18T09:55:35.665Z
  - Inactive: true
[Driver Activity Monitor] Driver3 Metro Taxi:
  - Location Update: Never
  - Status Update: 2025-10-18T09:55:35.663Z
  - Preferences Location: Never
  - User Updated: Sat Oct 18 2025 12:55:35 GMT+0300 (Arabian Standard Time)
  - Last Activity: 2025-10-18T09:55:35.665Z
  - Inactive: true
[Driver Activity Monitor] Driver3 City Cabs:
  - Location Update: Never
  - Status Update: 2025-10-22T11:00:39.313Z
  - Preferences Location: Never
  - User Updated: Fri Oct 24 2025 19:30:17 GMT+0300 (Arabian Standard Time)
  - Last Activity: 2025-10-24T16:30:17.836Z
  - Inactive: true
[Driver Activity Monitor] Driver1 City Cabs:
  - Location Update: 2025-10-28T08:22:06.421Z
  - Status Update: 2025-10-28T08:22:46.335Z
  - Preferences Location: Never
  - User Updated: Tue Oct 28 2025 11:22:46 GMT+0300 (Arabian Standard Time)
  - Last Activity: 2025-10-28T08:22:46.337Z
  - Inactive: false
[Driver Activity Monitor] Driver2 City Cabs:
  - Location Update: Never
  - Status Update: 2025-10-18T09:55:35.663Z
  - Preferences Location: Never
  - User Updated: Sat Oct 18 2025 12:55:35 GMT+0300 (Arabian Standard Time)
  - Last Activity: 2025-10-18T09:55:35.665Z
  - Inactive: true
[Driver Activity Monitor] Found 8 inactive drivers
[Driver Activity Monitor] Processing driver cmgt7lmye001imxarbrwufab7 (Driver3 Quick Ride)
  - Last location update: Never
  - Active jobs: 0
  - Active shifts: 0
  - Current shift status: OFFLINE
  ✓ Emitted driver:status:changed for driver cmgt7lmye001imxarbrwufab7
[Driver Activity Monitor] Processing driver cmgt7lmww001emxarm6fiocom (Driver2 Quick Ride)
  - Last location update: Never
  - Active jobs: 0
  - Active shifts: 0
  - Current shift status: OFFLINE
  ✓ Emitted driver:status:changed for driver cmgt7lmww001emxarm6fiocom
[Driver Activity Monitor] Processing driver cmgt7lmns000qmxarybo79dix (Driver2 Metro Taxi)
  - Last location update: Never
  - Active jobs: 0
  - Active shifts: 0
  - Current shift status: OFFLINE
  ✓ Emitted driver:status:changed for driver cmgt7lmns000qmxarybo79dix
[Driver Activity Monitor] Processing driver cmgt7lmva001amxargvvis3qo (Driver1 Quick Ride)
  - Last location update: Never
  - Active jobs: 0
  - Active shifts: 0
  - Current shift status: OFFLINE
  ✓ Emitted driver:status:changed for driver cmgt7lmva001amxargvvis3qo
[Driver Activity Monitor] Processing driver cmgt7lmm7000mmxarb23yrhm4 (Driver1 Metro Taxi)
  - Last location update: Never
  - Active jobs: 0
  - Active shifts: 0
  - Current shift status: OFFLINE
  ✓ Emitted driver:status:changed for driver cmgt7lmm7000mmxarb23yrhm4
[Driver Activity Monitor] Processing driver cmgt7lmpa000umxaro9mk6xmc (Driver3 Metro Taxi)
  - Last location update: Never
  - Active jobs: 0
  - Active shifts: 0
  - Current shift status: OFFLINE
  ✓ Emitted driver:status:changed for driver cmgt7lmpa000umxaro9mk6xmc
[Driver Activity Monitor] Processing driver cmgt7lmts0016mxar09d3mqpx (Driver3 City Cabs)
  - Last location update: Never
  - Active jobs: 0
  - Active shifts: 0
  - Current shift status: OFFLINE
  ✓ Emitted driver:status:changed for driver cmgt7lmts0016mxar09d3mqpx
[Driver Activity Monitor] Processing driver cmgt7lms90012mxare5ugbirp (Driver2 City Cabs)
  - Last location update: Never
  - Active jobs: 0
  - Active shifts: 0
  - Current shift status: OFFLINE
  ✓ Emitted driver:status:changed for driver cmgt7lms90012mxare5ugbirp
[Driver Activity Monitor] Processed 8 inactive drivers
[Cron - Driver Activity] Processed inactive drivers: {
  count: 8,
  drivers: [
    {
      id: 'cmgt7lmye001imxarbrwufab7',
      name: 'Driver3 Quick Ride',
      unassignedJobs: 0
    },
    {
      id: 'cmgt7lmww001emxarm6fiocom',
      name: 'Driver2 Quick Ride',
      unassignedJobs: 0
    },
    {
      id: 'cmgt7lmns000qmxarybo79dix',
      name: 'Driver2 Metro Taxi',
      unassignedJobs: 0
    },
    {
      id: 'cmgt7lmva001amxargvvis3qo',
      name: 'Driver1 Quick Ride',
      unassignedJobs: 0
    },
    {
      id: 'cmgt7lmm7000mmxarb23yrhm4',
      name: 'Driver1 Metro Taxi',
      unassignedJobs: 0
    },
    {
      id: 'cmgt7lmpa000umxaro9mk6xmc',
      name: 'Driver3 Metro Taxi',
      unassignedJobs: 0
    },
    {
      id: 'cmgt7lmts0016mxar09d3mqpx',
      name: 'Driver3 City Cabs',
      unassignedJobs: 0
    },
    {
      id: 'cmgt7lms90012mxare5ugbirp',
      name: 'Driver2 City Cabs',
      unassignedJobs: 0
    }
  ]
}
[Driver Activity Monitor] Checking driver activity at 2025-10-28T08:25:00.010Z
[Driver Activity Monitor] Threshold: 2025-10-28T08:15:00.010Z
[Driver Activity Monitor] Found 9 total active drivers
[Driver Activity Monitor] Driver3 Quick Ride:
  - Location Update: Never
  - Status Update: 2025-10-18T09:55:35.663Z
  - Preferences Location: Never
  - User Updated: Sat Oct 18 2025 12:55:35 GMT+0300 (Arabian Standard Time)
  - Last Activity: 2025-10-18T09:55:35.665Z
  - Inactive: true
[Driver Activity Monitor] Driver2 Quick Ride:
  - Location Update: Never
  - Status Update: 2025-10-18T09:55:35.663Z
  - Preferences Location: Never
  - User Updated: Sat Oct 18 2025 12:55:35 GMT+0300 (Arabian Standard Time)
  - Last Activity: 2025-10-18T09:55:35.665Z
  - Inactive: true
[Driver Activity Monitor] Driver2 Metro Taxi:
  - Location Update: Never
  - Status Update: 2025-10-18T09:55:35.663Z
  - Preferences Location: Never
  - User Updated: Sat Oct 18 2025 12:55:35 GMT+0300 (Arabian Standard Time)
  - Last Activity: 2025-10-18T09:55:35.665Z
  - Inactive: true
[Driver Activity Monitor] Driver1 Quick Ride:
  - Location Update: Never
  - Status Update: 2025-10-18T09:55:35.663Z
  - Preferences Location: Never
  - User Updated: Sat Oct 18 2025 12:55:35 GMT+0300 (Arabian Standard Time)
  - Last Activity: 2025-10-18T09:55:35.665Z
  - Inactive: true
[Driver Activity Monitor] Driver1 Metro Taxi:
  - Location Update: Never
  - Status Update: 2025-10-18T09:55:35.663Z
  - Preferences Location: Never
  - User Updated: Sat Oct 18 2025 12:55:35 GMT+0300 (Arabian Standard Time)
  - Last Activity: 2025-10-18T09:55:35.665Z
  - Inactive: true
[Driver Activity Monitor] Driver3 Metro Taxi:
  - Location Update: Never
  - Status Update: 2025-10-18T09:55:35.663Z
  - Preferences Location: Never
  - User Updated: Sat Oct 18 2025 12:55:35 GMT+0300 (Arabian Standard Time)
  - Last Activity: 2025-10-18T09:55:35.665Z
  - Inactive: true
[Driver Activity Monitor] Driver3 City Cabs:
  - Location Update: Never
  - Status Update: 2025-10-22T11:00:39.313Z
  - Preferences Location: Never
  - User Updated: Fri Oct 24 2025 19:30:17 GMT+0300 (Arabian Standard Time)
  - Last Activity: 2025-10-24T16:30:17.836Z
  - Inactive: true
[Driver Activity Monitor] Driver1 City Cabs:
  - Location Update: 2025-10-28T08:22:06.421Z
  - Status Update: 2025-10-28T08:22:46.335Z
  - Preferences Location: Never
  - User Updated: Tue Oct 28 2025 11:22:46 GMT+0300 (Arabian Standard Time)
  - Last Activity: 2025-10-28T08:22:46.337Z
  - Inactive: false
[Driver Activity Monitor] Driver2 City Cabs:
  - Location Update: Never
  - Status Update: 2025-10-18T09:55:35.663Z
  - Preferences Location: Never
  - User Updated: Sat Oct 18 2025 12:55:35 GMT+0300 (Arabian Standard Time)
  - Last Activity: 2025-10-18T09:55:35.665Z
  - Inactive: true
[Driver Activity Monitor] Found 8 inactive drivers
[Driver Activity Monitor] Processing driver cmgt7lmye001imxarbrwufab7 (Driver3 Quick Ride)
  - Last location update: Never
  - Active jobs: 0
  - Active shifts: 0
  - Current shift status: OFFLINE
  ✓ Emitted driver:status:changed for driver cmgt7lmye001imxarbrwufab7
[Driver Activity Monitor] Processing driver cmgt7lmww001emxarm6fiocom (Driver2 Quick Ride)
  - Last location update: Never
  - Active jobs: 0
  - Active shifts: 0
  - Current shift status: OFFLINE
  ✓ Emitted driver:status:changed for driver cmgt7lmww001emxarm6fiocom
[Driver Activity Monitor] Processing driver cmgt7lmns000qmxarybo79dix (Driver2 Metro Taxi)
  - Last location update: Never
  - Active jobs: 0
  - Active shifts: 0
  - Current shift status: OFFLINE
  ✓ Emitted driver:status:changed for driver cmgt7lmns000qmxarybo79dix
[Driver Activity Monitor] Processing driver cmgt7lmva001amxargvvis3qo (Driver1 Quick Ride)
  - Last location update: Never
  - Active jobs: 0
  - Active shifts: 0
  - Current shift status: OFFLINE
  ✓ Emitted driver:status:changed for driver cmgt7lmva001amxargvvis3qo
[Driver Activity Monitor] Processing driver cmgt7lmm7000mmxarb23yrhm4 (Driver1 Metro Taxi)
  - Last location update: Never
  - Active jobs: 0
  - Active shifts: 0
  - Current shift status: OFFLINE
  ✓ Emitted driver:status:changed for driver cmgt7lmm7000mmxarb23yrhm4
[Driver Activity Monitor] Processing driver cmgt7lmpa000umxaro9mk6xmc (Driver3 Metro Taxi)
  - Last location update: Never
  - Active jobs: 0
  - Active shifts: 0
  - Current shift status: OFFLINE
  ✓ Emitted driver:status:changed for driver cmgt7lmpa000umxaro9mk6xmc
[Driver Activity Monitor] Processing driver cmgt7lmts0016mxar09d3mqpx (Driver3 City Cabs)
  - Last location update: Never
  - Active jobs: 0
  - Active shifts: 0
  - Current shift status: OFFLINE
  ✓ Emitted driver:status:changed for driver cmgt7lmts0016mxar09d3mqpx
[Driver Activity Monitor] Processing driver cmgt7lms90012mxare5ugbirp (Driver2 City Cabs)
  - Last location update: Never
  - Active jobs: 0
  - Active shifts: 0
  - Current shift status: OFFLINE
  ✓ Emitted driver:status:changed for driver cmgt7lms90012mxare5ugbirp
[Driver Activity Monitor] Processed 8 inactive drivers
[Cron - Driver Activity] Processed inactive drivers: {
  count: 8,
  drivers: [
    {
      id: 'cmgt7lmye001imxarbrwufab7',
      name: 'Driver3 Quick Ride',
      unassignedJobs: 0
    },
    {
      id: 'cmgt7lmww001emxarm6fiocom',
      name: 'Driver2 Quick Ride',
      unassignedJobs: 0
    },
    {
      id: 'cmgt7lmns000qmxarybo79dix',
      name: 'Driver2 Metro Taxi',
      unassignedJobs: 0
    },
    {
      id: 'cmgt7lmva001amxargvvis3qo',
      name: 'Driver1 Quick Ride',
      unassignedJobs: 0
    },
    {
      id: 'cmgt7lmm7000mmxarb23yrhm4',
      name: 'Driver1 Metro Taxi',
      unassignedJobs: 0
    },
    {
      id: 'cmgt7lmpa000umxaro9mk6xmc',
      name: 'Driver3 Metro Taxi',
      unassignedJobs: 0
    },
    {
      id: 'cmgt7lmts0016mxar09d3mqpx',
      name: 'Driver3 City Cabs',
      unassignedJobs: 0
    },
    {
      id: 'cmgt7lms90012mxare5ugbirp',
      name: 'Driver2 City Cabs',
      unassignedJobs: 0
    }
  ]
}
[Driver Activity Monitor] Checking driver activity at 2025-10-28T08:26:00.009Z
[Driver Activity Monitor] Threshold: 2025-10-28T08:16:00.009Z
[Driver Activity Monitor] Found 9 total active drivers
[Driver Activity Monitor] Driver3 Quick Ride:
  - Location Update: Never
  - Status Update: 2025-10-18T09:55:35.663Z
  - Preferences Location: Never
  - User Updated: Sat Oct 18 2025 12:55:35 GMT+0300 (Arabian Standard Time)
  - Last Activity: 2025-10-18T09:55:35.665Z
  - Inactive: true
[Driver Activity Monitor] Driver2 Quick Ride:
  - Location Update: Never
  - Status Update: 2025-10-18T09:55:35.663Z
  - Preferences Location: Never
  - User Updated: Sat Oct 18 2025 12:55:35 GMT+0300 (Arabian Standard Time)
  - Last Activity: 2025-10-18T09:55:35.665Z
  - Inactive: true
[Driver Activity Monitor] Driver2 Metro Taxi:
  - Location Update: Never
  - Status Update: 2025-10-18T09:55:35.663Z
  - Preferences Location: Never
  - User Updated: Sat Oct 18 2025 12:55:35 GMT+0300 (Arabian Standard Time)
  - Last Activity: 2025-10-18T09:55:35.665Z
  - Inactive: true
[Driver Activity Monitor] Driver1 Quick Ride:
  - Location Update: Never
  - Status Update: 2025-10-18T09:55:35.663Z
  - Preferences Location: Never
  - User Updated: Sat Oct 18 2025 12:55:35 GMT+0300 (Arabian Standard Time)
  - Last Activity: 2025-10-18T09:55:35.665Z
  - Inactive: true
[Driver Activity Monitor] Driver1 Metro Taxi:
  - Location Update: Never
  - Status Update: 2025-10-18T09:55:35.663Z
  - Preferences Location: Never
  - User Updated: Sat Oct 18 2025 12:55:35 GMT+0300 (Arabian Standard Time)
  - Last Activity: 2025-10-18T09:55:35.665Z
  - Inactive: true
[Driver Activity Monitor] Driver3 Metro Taxi:
  - Location Update: Never
  - Status Update: 2025-10-18T09:55:35.663Z
  - Preferences Location: Never
  - User Updated: Sat Oct 18 2025 12:55:35 GMT+0300 (Arabian Standard Time)
  - Last Activity: 2025-10-18T09:55:35.665Z
  - Inactive: true
[Driver Activity Monitor] Driver3 City Cabs:
  - Location Update: Never
  - Status Update: 2025-10-22T11:00:39.313Z
  - Preferences Location: Never
  - User Updated: Fri Oct 24 2025 19:30:17 GMT+0300 (Arabian Standard Time)
  - Last Activity: 2025-10-24T16:30:17.836Z
  - Inactive: true
[Driver Activity Monitor] Driver1 City Cabs:
  - Location Update: 2025-10-28T08:22:06.421Z
  - Status Update: 2025-10-28T08:22:46.335Z
  - Preferences Location: Never
  - User Updated: Tue Oct 28 2025 11:22:46 GMT+0300 (Arabian Standard Time)
  - Last Activity: 2025-10-28T08:22:46.337Z
  - Inactive: false
[Driver Activity Monitor] Driver2 City Cabs:
  - Location Update: Never
  - Status Update: 2025-10-18T09:55:35.663Z
  - Preferences Location: Never
  - User Updated: Sat Oct 18 2025 12:55:35 GMT+0300 (Arabian Standard Time)
  - Last Activity: 2025-10-18T09:55:35.665Z
  - Inactive: true
[Driver Activity Monitor] Found 8 inactive drivers
[Driver Activity Monitor] Processing driver cmgt7lmye001imxarbrwufab7 (Driver3 Quick Ride)
  - Last location update: Never
  - Active jobs: 0
  - Active shifts: 0
  - Current shift status: OFFLINE
  ✓ Emitted driver:status:changed for driver cmgt7lmye001imxarbrwufab7
[Driver Activity Monitor] Processing driver cmgt7lmww001emxarm6fiocom (Driver2 Quick Ride)
  - Last location update: Never
  - Active jobs: 0
  - Active shifts: 0
  - Current shift status: OFFLINE
  ✓ Emitted driver:status:changed for driver cmgt7lmww001emxarm6fiocom
[Driver Activity Monitor] Processing driver cmgt7lmns000qmxarybo79dix (Driver2 Metro Taxi)
  - Last location update: Never
  - Active jobs: 0
  - Active shifts: 0
  - Current shift status: OFFLINE
  ✓ Emitted driver:status:changed for driver cmgt7lmns000qmxarybo79dix
[Driver Activity Monitor] Processing driver cmgt7lmva001amxargvvis3qo (Driver1 Quick Ride)
  - Last location update: Never
  - Active jobs: 0
  - Active shifts: 0
  - Current shift status: OFFLINE
  ✓ Emitted driver:status:changed for driver cmgt7lmva001amxargvvis3qo
[Driver Activity Monitor] Processing driver cmgt7lmm7000mmxarb23yrhm4 (Driver1 Metro Taxi)
  - Last location update: Never
  - Active jobs: 0
  - Active shifts: 0
  - Current shift status: OFFLINE
  ✓ Emitted driver:status:changed for driver cmgt7lmm7000mmxarb23yrhm4
[Driver Activity Monitor] Processing driver cmgt7lmpa000umxaro9mk6xmc (Driver3 Metro Taxi)
  - Last location update: Never
  - Active jobs: 0
  - Active shifts: 0
  - Current shift status: OFFLINE
  ✓ Emitted driver:status:changed for driver cmgt7lmpa000umxaro9mk6xmc
[Driver Activity Monitor] Processing driver cmgt7lmts0016mxar09d3mqpx (Driver3 City Cabs)
  - Last location update: Never
  - Active jobs: 0
  - Active shifts: 0
  - Current shift status: OFFLINE
  ✓ Emitted driver:status:changed for driver cmgt7lmts0016mxar09d3mqpx
[Driver Activity Monitor] Processing driver cmgt7lms90012mxare5ugbirp (Driver2 City Cabs)
  - Last location update: Never
  - Active jobs: 0
  - Active shifts: 0
  - Current shift status: OFFLINE
  ✓ Emitted driver:status:changed for driver cmgt7lms90012mxare5ugbirp
[Driver Activity Monitor] Processed 8 inactive drivers
[Cron - Driver Activity] Processed inactive drivers: {
  count: 8,
  drivers: [
    {
      id: 'cmgt7lmye001imxarbrwufab7',
      name: 'Driver3 Quick Ride',
      unassignedJobs: 0
    },
    {
      id: 'cmgt7lmww001emxarm6fiocom',
      name: 'Driver2 Quick Ride',
      unassignedJobs: 0
    },
    {
      id: 'cmgt7lmns000qmxarybo79dix',
      name: 'Driver2 Metro Taxi',
      unassignedJobs: 0
    },
    {
      id: 'cmgt7lmva001amxargvvis3qo',
      name: 'Driver1 Quick Ride',
      unassignedJobs: 0
    },
    {
      id: 'cmgt7lmm7000mmxarb23yrhm4',
      name: 'Driver1 Metro Taxi',
      unassignedJobs: 0
    },
    {
      id: 'cmgt7lmpa000umxaro9mk6xmc',
      name: 'Driver3 Metro Taxi',
      unassignedJobs: 0
    },
    {
      id: 'cmgt7lmts0016mxar09d3mqpx',
      name: 'Driver3 City Cabs',
      unassignedJobs: 0
    },
    {
      id: 'cmgt7lms90012mxare5ugbirp',
      name: 'Driver2 City Cabs',
      unassignedJobs: 0
    }
  ]
}
[Driver Activity Monitor] Checking driver activity at 2025-10-28T08:27:00.006Z
[Driver Activity Monitor] Threshold: 2025-10-28T08:17:00.006Z
[Driver Activity Monitor] Found 9 total active drivers
[Driver Activity Monitor] Driver3 Quick Ride:
  - Location Update: Never
  - Status Update: 2025-10-18T09:55:35.663Z
  - Preferences Location: Never
  - User Updated: Sat Oct 18 2025 12:55:35 GMT+0300 (Arabian Standard Time)
  - Last Activity: 2025-10-18T09:55:35.665Z
  - Inactive: true
[Driver Activity Monitor] Driver2 Quick Ride:
  - Location Update: Never
  - Status Update: 2025-10-18T09:55:35.663Z
  - Preferences Location: Never
  - User Updated: Sat Oct 18 2025 12:55:35 GMT+0300 (Arabian Standard Time)
  - Last Activity: 2025-10-18T09:55:35.665Z
  - Inactive: true
[Driver Activity Monitor] Driver2 Metro Taxi:
  - Location Update: Never
  - Status Update: 2025-10-18T09:55:35.663Z
  - Preferences Location: Never
  - User Updated: Sat Oct 18 2025 12:55:35 GMT+0300 (Arabian Standard Time)
  - Last Activity: 2025-10-18T09:55:35.665Z
  - Inactive: true
[Driver Activity Monitor] Driver1 Quick Ride:
  - Location Update: Never
  - Status Update: 2025-10-18T09:55:35.663Z
  - Preferences Location: Never
  - User Updated: Sat Oct 18 2025 12:55:35 GMT+0300 (Arabian Standard Time)
  - Last Activity: 2025-10-18T09:55:35.665Z
  - Inactive: true
[Driver Activity Monitor] Driver1 Metro Taxi:
  - Location Update: Never
  - Status Update: 2025-10-18T09:55:35.663Z
  - Preferences Location: Never
  - User Updated: Sat Oct 18 2025 12:55:35 GMT+0300 (Arabian Standard Time)
  - Last Activity: 2025-10-18T09:55:35.665Z
  - Inactive: true
[Driver Activity Monitor] Driver3 Metro Taxi:
  - Location Update: Never
  - Status Update: 2025-10-18T09:55:35.663Z
  - Preferences Location: Never
  - User Updated: Sat Oct 18 2025 12:55:35 GMT+0300 (Arabian Standard Time)
  - Last Activity: 2025-10-18T09:55:35.665Z
  - Inactive: true
[Driver Activity Monitor] Driver3 City Cabs:
  - Location Update: Never
  - Status Update: 2025-10-22T11:00:39.313Z
  - Preferences Location: Never
  - User Updated: Fri Oct 24 2025 19:30:17 GMT+0300 (Arabian Standard Time)
  - Last Activity: 2025-10-24T16:30:17.836Z
  - Inactive: true
[Driver Activity Monitor] Driver1 City Cabs:
  - Location Update: 2025-10-28T08:22:06.421Z
  - Status Update: 2025-10-28T08:22:46.335Z
  - Preferences Location: Never
  - User Updated: Tue Oct 28 2025 11:22:46 GMT+0300 (Arabian Standard Time)
  - Last Activity: 2025-10-28T08:22:46.337Z
  - Inactive: false
[Driver Activity Monitor] Driver2 City Cabs:
  - Location Update: Never
  - Status Update: 2025-10-18T09:55:35.663Z
  - Preferences Location: Never
  - User Updated: Sat Oct 18 2025 12:55:35 GMT+0300 (Arabian Standard Time)
  - Last Activity: 2025-10-18T09:55:35.665Z
  - Inactive: true
[Driver Activity Monitor] Found 8 inactive drivers
[Driver Activity Monitor] Processing driver cmgt7lmye001imxarbrwufab7 (Driver3 Quick Ride)
  - Last location update: Never
  - Active jobs: 0
  - Active shifts: 0
  - Current shift status: OFFLINE
  ✓ Emitted driver:status:changed for driver cmgt7lmye001imxarbrwufab7
[Driver Activity Monitor] Processing driver cmgt7lmww001emxarm6fiocom (Driver2 Quick Ride)
  - Last location update: Never
  - Active jobs: 0
  - Active shifts: 0
  - Current shift status: OFFLINE
  ✓ Emitted driver:status:changed for driver cmgt7lmww001emxarm6fiocom
[Driver Activity Monitor] Processing driver cmgt7lmns000qmxarybo79dix (Driver2 Metro Taxi)
  - Last location update: Never
  - Active jobs: 0
  - Active shifts: 0
  - Current shift status: OFFLINE
  ✓ Emitted driver:status:changed for driver cmgt7lmns000qmxarybo79dix
[Driver Activity Monitor] Processing driver cmgt7lmva001amxargvvis3qo (Driver1 Quick Ride)
  - Last location update: Never
  - Active jobs: 0
  - Active shifts: 0
  - Current shift status: OFFLINE
  ✓ Emitted driver:status:changed for driver cmgt7lmva001amxargvvis3qo
[Driver Activity Monitor] Processing driver cmgt7lmm7000mmxarb23yrhm4 (Driver1 Metro Taxi)
  - Last location update: Never
  - Active jobs: 0
  - Active shifts: 0
  - Current shift status: OFFLINE
  ✓ Emitted driver:status:changed for driver cmgt7lmm7000mmxarb23yrhm4
[Driver Activity Monitor] Processing driver cmgt7lmpa000umxaro9mk6xmc (Driver3 Metro Taxi)
  - Last location update: Never
  - Active jobs: 0
  - Active shifts: 0
  - Current shift status: OFFLINE
  ✓ Emitted driver:status:changed for driver cmgt7lmpa000umxaro9mk6xmc
[Driver Activity Monitor] Processing driver cmgt7lmts0016mxar09d3mqpx (Driver3 City Cabs)
  - Last location update: Never
  - Active jobs: 0
  - Active shifts: 0
  - Current shift status: OFFLINE
  ✓ Emitted driver:status:changed for driver cmgt7lmts0016mxar09d3mqpx
[Driver Activity Monitor] Processing driver cmgt7lms90012mxare5ugbirp (Driver2 City Cabs)
  - Last location update: Never
  - Active jobs: 0
  - Active shifts: 0
  - Current shift status: OFFLINE
  ✓ Emitted driver:status:changed for driver cmgt7lms90012mxare5ugbirp
[Driver Activity Monitor] Processed 8 inactive drivers
[Cron - Driver Activity] Processed inactive drivers: {
  count: 8,
  drivers: [
    {
      id: 'cmgt7lmye001imxarbrwufab7',
      name: 'Driver3 Quick Ride',
      unassignedJobs: 0
    },
    {
      id: 'cmgt7lmww001emxarm6fiocom',
      name: 'Driver2 Quick Ride',
      unassignedJobs: 0
    },
    {
      id: 'cmgt7lmns000qmxarybo79dix',
      name: 'Driver2 Metro Taxi',
      unassignedJobs: 0
    },
    {
      id: 'cmgt7lmva001amxargvvis3qo',
      name: 'Driver1 Quick Ride',
      unassignedJobs: 0
    },
    {
      id: 'cmgt7lmm7000mmxarb23yrhm4',
      name: 'Driver1 Metro Taxi',
      unassignedJobs: 0
    },
    {
      id: 'cmgt7lmpa000umxaro9mk6xmc',
      name: 'Driver3 Metro Taxi',
      unassignedJobs: 0
    },
    {
      id: 'cmgt7lmts0016mxar09d3mqpx',
      name: 'Driver3 City Cabs',
      unassignedJobs: 0
    },
    {
      id: 'cmgt7lms90012mxare5ugbirp',
      name: 'Driver2 City Cabs',
      unassignedJobs: 0
    }
  ]
}
[Driver Activity Monitor] Checking driver activity at 2025-10-28T08:28:00.010Z
[Driver Activity Monitor] Threshold: 2025-10-28T08:18:00.010Z
[Driver Activity Monitor] Found 9 total active drivers
[Driver Activity Monitor] Driver3 Quick Ride:
  - Location Update: Never
  - Status Update: 2025-10-18T09:55:35.663Z
  - Preferences Location: Never
  - User Updated: Sat Oct 18 2025 12:55:35 GMT+0300 (Arabian Standard Time)
  - Last Activity: 2025-10-18T09:55:35.665Z
  - Inactive: true
[Driver Activity Monitor] Driver2 Quick Ride:
  - Location Update: Never
  - Status Update: 2025-10-18T09:55:35.663Z
  - Preferences Location: Never
  - User Updated: Sat Oct 18 2025 12:55:35 GMT+0300 (Arabian Standard Time)
  - Last Activity: 2025-10-18T09:55:35.665Z
  - Inactive: true
[Driver Activity Monitor] Driver2 Metro Taxi:
  - Location Update: Never
  - Status Update: 2025-10-18T09:55:35.663Z
  - Preferences Location: Never
  - User Updated: Sat Oct 18 2025 12:55:35 GMT+0300 (Arabian Standard Time)
  - Last Activity: 2025-10-18T09:55:35.665Z
  - Inactive: true
[Driver Activity Monitor] Driver1 Quick Ride:
  - Location Update: Never
  - Status Update: 2025-10-18T09:55:35.663Z
  - Preferences Location: Never
  - User Updated: Sat Oct 18 2025 12:55:35 GMT+0300 (Arabian Standard Time)
  - Last Activity: 2025-10-18T09:55:35.665Z
  - Inactive: true
[Driver Activity Monitor] Driver1 Metro Taxi:
  - Location Update: Never
  - Status Update: 2025-10-18T09:55:35.663Z
  - Preferences Location: Never
  - User Updated: Sat Oct 18 2025 12:55:35 GMT+0300 (Arabian Standard Time)
  - Last Activity: 2025-10-18T09:55:35.665Z
  - Inactive: true
[Driver Activity Monitor] Driver3 Metro Taxi:
  - Location Update: Never
  - Status Update: 2025-10-18T09:55:35.663Z
  - Preferences Location: Never
  - User Updated: Sat Oct 18 2025 12:55:35 GMT+0300 (Arabian Standard Time)
  - Last Activity: 2025-10-18T09:55:35.665Z
  - Inactive: true
[Driver Activity Monitor] Driver3 City Cabs:
  - Location Update: Never
  - Status Update: 2025-10-22T11:00:39.313Z
  - Preferences Location: Never
  - User Updated: Fri Oct 24 2025 19:30:17 GMT+0300 (Arabian Standard Time)
  - Last Activity: 2025-10-24T16:30:17.836Z
  - Inactive: true
[Driver Activity Monitor] Driver1 City Cabs:
  - Location Update: 2025-10-28T08:22:06.421Z
  - Status Update: 2025-10-28T08:22:46.335Z
  - Preferences Location: Never
  - User Updated: Tue Oct 28 2025 11:22:46 GMT+0300 (Arabian Standard Time)
  - Last Activity: 2025-10-28T08:22:46.337Z
  - Inactive: false
[Driver Activity Monitor] Driver2 City Cabs:
  - Location Update: Never
  - Status Update: 2025-10-18T09:55:35.663Z
  - Preferences Location: Never
  - User Updated: Sat Oct 18 2025 12:55:35 GMT+0300 (Arabian Standard Time)
  - Last Activity: 2025-10-18T09:55:35.665Z
  - Inactive: true
[Driver Activity Monitor] Found 8 inactive drivers
[Driver Activity Monitor] Processing driver cmgt7lmye001imxarbrwufab7 (Driver3 Quick Ride)
  - Last location update: Never
  - Active jobs: 0
  - Active shifts: 0
  - Current shift status: OFFLINE
  ✓ Emitted driver:status:changed for driver cmgt7lmye001imxarbrwufab7
[Driver Activity Monitor] Processing driver cmgt7lmww001emxarm6fiocom (Driver2 Quick Ride)
  - Last location update: Never
  - Active jobs: 0
  - Active shifts: 0
  - Current shift status: OFFLINE
  ✓ Emitted driver:status:changed for driver cmgt7lmww001emxarm6fiocom
[Driver Activity Monitor] Processing driver cmgt7lmns000qmxarybo79dix (Driver2 Metro Taxi)
  - Last location update: Never
  - Active jobs: 0
  - Active shifts: 0
  - Current shift status: OFFLINE
  ✓ Emitted driver:status:changed for driver cmgt7lmns000qmxarybo79dix
[Driver Activity Monitor] Processing driver cmgt7lmva001amxargvvis3qo (Driver1 Quick Ride)
  - Last location update: Never
  - Active jobs: 0
  - Active shifts: 0
  - Current shift status: OFFLINE
  ✓ Emitted driver:status:changed for driver cmgt7lmva001amxargvvis3qo
[Driver Activity Monitor] Processing driver cmgt7lmm7000mmxarb23yrhm4 (Driver1 Metro Taxi)
  - Last location update: Never
  - Active jobs: 0
  - Active shifts: 0
  - Current shift status: OFFLINE
  ✓ Emitted driver:status:changed for driver cmgt7lmm7000mmxarb23yrhm4
[Driver Activity Monitor] Processing driver cmgt7lmpa000umxaro9mk6xmc (Driver3 Metro Taxi)
  - Last location update: Never
  - Active jobs: 0
  - Active shifts: 0
  - Current shift status: OFFLINE
  ✓ Emitted driver:status:changed for driver cmgt7lmpa000umxaro9mk6xmc
[Driver Activity Monitor] Processing driver cmgt7lmts0016mxar09d3mqpx (Driver3 City Cabs)
  - Last location update: Never
  - Active jobs: 0
  - Active shifts: 0
  - Current shift status: OFFLINE
  ✓ Emitted driver:status:changed for driver cmgt7lmts0016mxar09d3mqpx
[Driver Activity Monitor] Processing driver cmgt7lms90012mxare5ugbirp (Driver2 City Cabs)
  - Last location update: Never
  - Active jobs: 0
  - Active shifts: 0
  - Current shift status: OFFLINE
  ✓ Emitted driver:status:changed for driver cmgt7lms90012mxare5ugbirp
[Driver Activity Monitor] Processed 8 inactive drivers
[Cron - Driver Activity] Processed inactive drivers: {
  count: 8,
  drivers: [
    {
      id: 'cmgt7lmye001imxarbrwufab7',
      name: 'Driver3 Quick Ride',
      unassignedJobs: 0
    },
    {
      id: 'cmgt7lmww001emxarm6fiocom',
      name: 'Driver2 Quick Ride',
      unassignedJobs: 0
    },
    {
      id: 'cmgt7lmns000qmxarybo79dix',
      name: 'Driver2 Metro Taxi',
      unassignedJobs: 0
    },
    {
      id: 'cmgt7lmva001amxargvvis3qo',
      name: 'Driver1 Quick Ride',
      unassignedJobs: 0
    },
    {
      id: 'cmgt7lmm7000mmxarb23yrhm4',
      name: 'Driver1 Metro Taxi',
      unassignedJobs: 0
    },
    {
      id: 'cmgt7lmpa000umxaro9mk6xmc',
      name: 'Driver3 Metro Taxi',
      unassignedJobs: 0
    },
    {
      id: 'cmgt7lmts0016mxar09d3mqpx',
      name: 'Driver3 City Cabs',
      unassignedJobs: 0
    },
    {
      id: 'cmgt7lms90012mxare5ugbirp',
      name: 'Driver2 City Cabs',
      unassignedJobs: 0
    }
  ]
}
[Driver Activity Monitor] Checking driver activity at 2025-10-28T08:29:00.009Z
[Driver Activity Monitor] Threshold: 2025-10-28T08:19:00.009Z
[Driver Activity Monitor] Found 9 total active drivers
[Driver Activity Monitor] Driver3 Quick Ride:
  - Location Update: Never
  - Status Update: 2025-10-18T09:55:35.663Z
  - Preferences Location: Never
  - User Updated: Sat Oct 18 2025 12:55:35 GMT+0300 (Arabian Standard Time)
  - Last Activity: 2025-10-18T09:55:35.665Z
  - Inactive: true
[Driver Activity Monitor] Driver2 Quick Ride:
  - Location Update: Never
  - Status Update: 2025-10-18T09:55:35.663Z
  - Preferences Location: Never
  - User Updated: Sat Oct 18 2025 12:55:35 GMT+0300 (Arabian Standard Time)
  - Last Activity: 2025-10-18T09:55:35.665Z
  - Inactive: true
[Driver Activity Monitor] Driver2 Metro Taxi:
  - Location Update: Never
  - Status Update: 2025-10-18T09:55:35.663Z
  - Preferences Location: Never
  - User Updated: Sat Oct 18 2025 12:55:35 GMT+0300 (Arabian Standard Time)
  - Last Activity: 2025-10-18T09:55:35.665Z
  - Inactive: true
[Driver Activity Monitor] Driver1 Quick Ride:
  - Location Update: Never
  - Status Update: 2025-10-18T09:55:35.663Z
  - Preferences Location: Never
  - User Updated: Sat Oct 18 2025 12:55:35 GMT+0300 (Arabian Standard Time)
  - Last Activity: 2025-10-18T09:55:35.665Z
  - Inactive: true
[Driver Activity Monitor] Driver1 Metro Taxi:
  - Location Update: Never
  - Status Update: 2025-10-18T09:55:35.663Z
  - Preferences Location: Never
  - User Updated: Sat Oct 18 2025 12:55:35 GMT+0300 (Arabian Standard Time)
  - Last Activity: 2025-10-18T09:55:35.665Z
  - Inactive: true
[Driver Activity Monitor] Driver3 Metro Taxi:
  - Location Update: Never
  - Status Update: 2025-10-18T09:55:35.663Z
  - Preferences Location: Never
  - User Updated: Sat Oct 18 2025 12:55:35 GMT+0300 (Arabian Standard Time)
  - Last Activity: 2025-10-18T09:55:35.665Z
  - Inactive: true
[Driver Activity Monitor] Driver3 City Cabs:
  - Location Update: Never
  - Status Update: 2025-10-22T11:00:39.313Z
  - Preferences Location: Never
  - User Updated: Fri Oct 24 2025 19:30:17 GMT+0300 (Arabian Standard Time)
  - Last Activity: 2025-10-24T16:30:17.836Z
  - Inactive: true
[Driver Activity Monitor] Driver1 City Cabs:
  - Location Update: 2025-10-28T08:22:06.421Z
  - Status Update: 2025-10-28T08:22:46.335Z
  - Preferences Location: Never
  - User Updated: Tue Oct 28 2025 11:22:46 GMT+0300 (Arabian Standard Time)
  - Last Activity: 2025-10-28T08:22:46.337Z
  - Inactive: false
[Driver Activity Monitor] Driver2 City Cabs:
  - Location Update: Never
  - Status Update: 2025-10-18T09:55:35.663Z
  - Preferences Location: Never
  - User Updated: Sat Oct 18 2025 12:55:35 GMT+0300 (Arabian Standard Time)
  - Last Activity: 2025-10-18T09:55:35.665Z
  - Inactive: true
[Driver Activity Monitor] Found 8 inactive drivers
[Driver Activity Monitor] Processing driver cmgt7lmye001imxarbrwufab7 (Driver3 Quick Ride)
  - Last location update: Never
  - Active jobs: 0
  - Active shifts: 0
  - Current shift status: OFFLINE
  ✓ Emitted driver:status:changed for driver cmgt7lmye001imxarbrwufab7
[Driver Activity Monitor] Processing driver cmgt7lmww001emxarm6fiocom (Driver2 Quick Ride)
  - Last location update: Never
  - Active jobs: 0
  - Active shifts: 0
  - Current shift status: OFFLINE
  ✓ Emitted driver:status:changed for driver cmgt7lmww001emxarm6fiocom
[Driver Activity Monitor] Processing driver cmgt7lmns000qmxarybo79dix (Driver2 Metro Taxi)
  - Last location update: Never
  - Active jobs: 0
  - Active shifts: 0
  - Current shift status: OFFLINE
  ✓ Emitted driver:status:changed for driver cmgt7lmns000qmxarybo79dix
[Driver Activity Monitor] Processing driver cmgt7lmva001amxargvvis3qo (Driver1 Quick Ride)
  - Last location update: Never
  - Active jobs: 0
  - Active shifts: 0
  - Current shift status: OFFLINE
  ✓ Emitted driver:status:changed for driver cmgt7lmva001amxargvvis3qo
[Driver Activity Monitor] Processing driver cmgt7lmm7000mmxarb23yrhm4 (Driver1 Metro Taxi)
  - Last location update: Never
  - Active jobs: 0
  - Active shifts: 0
  - Current shift status: OFFLINE
  ✓ Emitted driver:status:changed for driver cmgt7lmm7000mmxarb23yrhm4
[Driver Activity Monitor] Processing driver cmgt7lmpa000umxaro9mk6xmc (Driver3 Metro Taxi)
  - Last location update: Never
  - Active jobs: 0
  - Active shifts: 0
  - Current shift status: OFFLINE
  ✓ Emitted driver:status:changed for driver cmgt7lmpa000umxaro9mk6xmc
[Driver Activity Monitor] Processing driver cmgt7lmts0016mxar09d3mqpx (Driver3 City Cabs)
  - Last location update: Never
  - Active jobs: 0
  - Active shifts: 0
  - Current shift status: OFFLINE
  ✓ Emitted driver:status:changed for driver cmgt7lmts0016mxar09d3mqpx
[Driver Activity Monitor] Processing driver cmgt7lms90012mxare5ugbirp (Driver2 City Cabs)
  - Last location update: Never
  - Active jobs: 0
  - Active shifts: 0
  - Current shift status: OFFLINE
  ✓ Emitted driver:status:changed for driver cmgt7lms90012mxare5ugbirp
[Driver Activity Monitor] Processed 8 inactive drivers
[Cron - Driver Activity] Processed inactive drivers: {
  count: 8,
  drivers: [
    {
      id: 'cmgt7lmye001imxarbrwufab7',
      name: 'Driver3 Quick Ride',
      unassignedJobs: 0
    },
    {
      id: 'cmgt7lmww001emxarm6fiocom',
      name: 'Driver2 Quick Ride',
      unassignedJobs: 0
    },
    {
      id: 'cmgt7lmns000qmxarybo79dix',
      name: 'Driver2 Metro Taxi',
      unassignedJobs: 0
    },
    {
      id: 'cmgt7lmva001amxargvvis3qo',
      name: 'Driver1 Quick Ride',
      unassignedJobs: 0
    },
    {
      id: 'cmgt7lmm7000mmxarb23yrhm4',
      name: 'Driver1 Metro Taxi',
      unassignedJobs: 0
    },
    {
      id: 'cmgt7lmpa000umxaro9mk6xmc',
      name: 'Driver3 Metro Taxi',
      unassignedJobs: 0
    },
    {
      id: 'cmgt7lmts0016mxar09d3mqpx',
      name: 'Driver3 City Cabs',
      unassignedJobs: 0
    },
    {
      id: 'cmgt7lms90012mxare5ugbirp',
      name: 'Driver2 City Cabs',
      unassignedJobs: 0
    }
  ]
}
[Driver Activity Monitor] Checking driver activity at 2025-10-28T08:30:00.008Z
[Driver Activity Monitor] Threshold: 2025-10-28T08:20:00.008Z
[Driver Activity Monitor] Found 9 total active drivers
[Driver Activity Monitor] Driver3 Quick Ride:
  - Location Update: Never
  - Status Update: 2025-10-18T09:55:35.663Z
  - Preferences Location: Never
  - User Updated: Sat Oct 18 2025 12:55:35 GMT+0300 (Arabian Standard Time)
  - Last Activity: 2025-10-18T09:55:35.665Z
  - Inactive: true
[Driver Activity Monitor] Driver2 Quick Ride:
  - Location Update: Never
  - Status Update: 2025-10-18T09:55:35.663Z
  - Preferences Location: Never
  - User Updated: Sat Oct 18 2025 12:55:35 GMT+0300 (Arabian Standard Time)
  - Last Activity: 2025-10-18T09:55:35.665Z
  - Inactive: true
[Driver Activity Monitor] Driver2 Metro Taxi:
  - Location Update: Never
  - Status Update: 2025-10-18T09:55:35.663Z
  - Preferences Location: Never
  - User Updated: Sat Oct 18 2025 12:55:35 GMT+0300 (Arabian Standard Time)
  - Last Activity: 2025-10-18T09:55:35.665Z
  - Inactive: true
[Driver Activity Monitor] Driver1 Quick Ride:
  - Location Update: Never
  - Status Update: 2025-10-18T09:55:35.663Z
  - Preferences Location: Never
  - User Updated: Sat Oct 18 2025 12:55:35 GMT+0300 (Arabian Standard Time)
  - Last Activity: 2025-10-18T09:55:35.665Z
  - Inactive: true
[Driver Activity Monitor] Driver1 Metro Taxi:
  - Location Update: Never
  - Status Update: 2025-10-18T09:55:35.663Z
  - Preferences Location: Never
  - User Updated: Sat Oct 18 2025 12:55:35 GMT+0300 (Arabian Standard Time)
  - Last Activity: 2025-10-18T09:55:35.665Z
  - Inactive: true
[Driver Activity Monitor] Driver3 Metro Taxi:
  - Location Update: Never
  - Status Update: 2025-10-18T09:55:35.663Z
  - Preferences Location: Never
  - User Updated: Sat Oct 18 2025 12:55:35 GMT+0300 (Arabian Standard Time)
  - Last Activity: 2025-10-18T09:55:35.665Z
  - Inactive: true
[Driver Activity Monitor] Driver3 City Cabs:
  - Location Update: Never
  - Status Update: 2025-10-22T11:00:39.313Z
  - Preferences Location: Never
  - User Updated: Fri Oct 24 2025 19:30:17 GMT+0300 (Arabian Standard Time)
  - Last Activity: 2025-10-24T16:30:17.836Z
  - Inactive: true
[Driver Activity Monitor] Driver1 City Cabs:
  - Location Update: 2025-10-28T08:22:06.421Z
  - Status Update: 2025-10-28T08:22:46.335Z
  - Preferences Location: Never
  - User Updated: Tue Oct 28 2025 11:22:46 GMT+0300 (Arabian Standard Time)
  - Last Activity: 2025-10-28T08:22:46.337Z
  - Inactive: false
[Driver Activity Monitor] Driver2 City Cabs:
  - Location Update: Never
  - Status Update: 2025-10-18T09:55:35.663Z
  - Preferences Location: Never
  - User Updated: Sat Oct 18 2025 12:55:35 GMT+0300 (Arabian Standard Time)
  - Last Activity: 2025-10-18T09:55:35.665Z
  - Inactive: true
[Driver Activity Monitor] Found 8 inactive drivers
[Driver Activity Monitor] Processing driver cmgt7lmye001imxarbrwufab7 (Driver3 Quick Ride)
  - Last location update: Never
  - Active jobs: 0
  - Active shifts: 0
  - Current shift status: OFFLINE
  ✓ Emitted driver:status:changed for driver cmgt7lmye001imxarbrwufab7
[Driver Activity Monitor] Processing driver cmgt7lmww001emxarm6fiocom (Driver2 Quick Ride)
  - Last location update: Never
  - Active jobs: 0
  - Active shifts: 0
  - Current shift status: OFFLINE
  ✓ Emitted driver:status:changed for driver cmgt7lmww001emxarm6fiocom
[Driver Activity Monitor] Processing driver cmgt7lmns000qmxarybo79dix (Driver2 Metro Taxi)
  - Last location update: Never
  - Active jobs: 0
  - Active shifts: 0
  - Current shift status: OFFLINE
  ✓ Emitted driver:status:changed for driver cmgt7lmns000qmxarybo79dix
[Driver Activity Monitor] Processing driver cmgt7lmva001amxargvvis3qo (Driver1 Quick Ride)
  - Last location update: Never
  - Active jobs: 0
  - Active shifts: 0
  - Current shift status: OFFLINE
  ✓ Emitted driver:status:changed for driver cmgt7lmva001amxargvvis3qo
[Driver Activity Monitor] Processing driver cmgt7lmm7000mmxarb23yrhm4 (Driver1 Metro Taxi)
  - Last location update: Never
  - Active jobs: 0
  - Active shifts: 0
  - Current shift status: OFFLINE
  ✓ Emitted driver:status:changed for driver cmgt7lmm7000mmxarb23yrhm4
[Driver Activity Monitor] Processing driver cmgt7lmpa000umxaro9mk6xmc (Driver3 Metro Taxi)
  - Last location update: Never
  - Active jobs: 0
  - Active shifts: 0
  - Current shift status: OFFLINE
  ✓ Emitted driver:status:changed for driver cmgt7lmpa000umxaro9mk6xmc
[Driver Activity Monitor] Processing driver cmgt7lmts0016mxar09d3mqpx (Driver3 City Cabs)
  - Last location update: Never
  - Active jobs: 0
  - Active shifts: 0
  - Current shift status: OFFLINE
  ✓ Emitted driver:status:changed for driver cmgt7lmts0016mxar09d3mqpx
[Driver Activity Monitor] Processing driver cmgt7lms90012mxare5ugbirp (Driver2 City Cabs)
  - Last location update: Never
  - Active jobs: 0
  - Active shifts: 0
  - Current shift status: OFFLINE
  ✓ Emitted driver:status:changed for driver cmgt7lms90012mxare5ugbirp
[Driver Activity Monitor] Processed 8 inactive drivers
[Cron - Driver Activity] Processed inactive drivers: {
  count: 8,
  drivers: [
    {
      id: 'cmgt7lmye001imxarbrwufab7',
      name: 'Driver3 Quick Ride',
      unassignedJobs: 0
    },
    {
      id: 'cmgt7lmww001emxarm6fiocom',
      name: 'Driver2 Quick Ride',
      unassignedJobs: 0
    },
    {
      id: 'cmgt7lmns000qmxarybo79dix',
      name: 'Driver2 Metro Taxi',
      unassignedJobs: 0
    },
    {
      id: 'cmgt7lmva001amxargvvis3qo',
      name: 'Driver1 Quick Ride',
      unassignedJobs: 0
    },
    {
      id: 'cmgt7lmm7000mmxarb23yrhm4',
      name: 'Driver1 Metro Taxi',
      unassignedJobs: 0
    },
    {
      id: 'cmgt7lmpa000umxaro9mk6xmc',
      name: 'Driver3 Metro Taxi',
      unassignedJobs: 0
    },
    {
      id: 'cmgt7lmts0016mxar09d3mqpx',
      name: 'Driver3 City Cabs',
      unassignedJobs: 0
    },
    {
      id: 'cmgt7lms90012mxare5ugbirp',
      name: 'Driver2 City Cabs',
      unassignedJobs: 0
    }
  ]
}
[Driver Activity Monitor] Checking driver activity at 2025-10-28T08:31:00.011Z
[Driver Activity Monitor] Threshold: 2025-10-28T08:21:00.011Z
[Driver Activity Monitor] Found 9 total active drivers
[Driver Activity Monitor] Driver3 Quick Ride:
  - Location Update: Never
  - Status Update: 2025-10-18T09:55:35.663Z
  - Preferences Location: Never
  - User Updated: Sat Oct 18 2025 12:55:35 GMT+0300 (Arabian Standard Time)
  - Last Activity: 2025-10-18T09:55:35.665Z
  - Inactive: true
[Driver Activity Monitor] Driver2 Quick Ride:
  - Location Update: Never
  - Status Update: 2025-10-18T09:55:35.663Z
  - Preferences Location: Never
  - User Updated: Sat Oct 18 2025 12:55:35 GMT+0300 (Arabian Standard Time)
  - Last Activity: 2025-10-18T09:55:35.665Z
  - Inactive: true
[Driver Activity Monitor] Driver2 Metro Taxi:
  - Location Update: Never
  - Status Update: 2025-10-18T09:55:35.663Z
  - Preferences Location: Never
  - User Updated: Sat Oct 18 2025 12:55:35 GMT+0300 (Arabian Standard Time)
  - Last Activity: 2025-10-18T09:55:35.665Z
  - Inactive: true
[Driver Activity Monitor] Driver1 Quick Ride:
  - Location Update: Never
  - Status Update: 2025-10-18T09:55:35.663Z
  - Preferences Location: Never
  - User Updated: Sat Oct 18 2025 12:55:35 GMT+0300 (Arabian Standard Time)
  - Last Activity: 2025-10-18T09:55:35.665Z
  - Inactive: true
[Driver Activity Monitor] Driver1 Metro Taxi:
  - Location Update: Never
  - Status Update: 2025-10-18T09:55:35.663Z
  - Preferences Location: Never
  - User Updated: Sat Oct 18 2025 12:55:35 GMT+0300 (Arabian Standard Time)
  - Last Activity: 2025-10-18T09:55:35.665Z
  - Inactive: true
[Driver Activity Monitor] Driver3 Metro Taxi:
  - Location Update: Never
  - Status Update: 2025-10-18T09:55:35.663Z
  - Preferences Location: Never
  - User Updated: Sat Oct 18 2025 12:55:35 GMT+0300 (Arabian Standard Time)
  - Last Activity: 2025-10-18T09:55:35.665Z
  - Inactive: true
[Driver Activity Monitor] Driver3 City Cabs:
  - Location Update: Never
  - Status Update: 2025-10-22T11:00:39.313Z
  - Preferences Location: Never
  - User Updated: Fri Oct 24 2025 19:30:17 GMT+0300 (Arabian Standard Time)
  - Last Activity: 2025-10-24T16:30:17.836Z
  - Inactive: true
[Driver Activity Monitor] Driver1 City Cabs:
  - Location Update: 2025-10-28T08:22:06.421Z
  - Status Update: 2025-10-28T08:22:46.335Z
  - Preferences Location: Never
  - User Updated: Tue Oct 28 2025 11:22:46 GMT+0300 (Arabian Standard Time)
  - Last Activity: 2025-10-28T08:22:46.337Z
  - Inactive: false
[Driver Activity Monitor] Driver2 City Cabs:
  - Location Update: Never
  - Status Update: 2025-10-18T09:55:35.663Z
  - Preferences Location: Never
  - User Updated: Sat Oct 18 2025 12:55:35 GMT+0300 (Arabian Standard Time)
  - Last Activity: 2025-10-18T09:55:35.665Z
  - Inactive: true
[Driver Activity Monitor] Found 8 inactive drivers
[Driver Activity Monitor] Processing driver cmgt7lmye001imxarbrwufab7 (Driver3 Quick Ride)
  - Last location update: Never
  - Active jobs: 0
  - Active shifts: 0
  - Current shift status: OFFLINE
  ✓ Emitted driver:status:changed for driver cmgt7lmye001imxarbrwufab7
[Driver Activity Monitor] Processing driver cmgt7lmww001emxarm6fiocom (Driver2 Quick Ride)
  - Last location update: Never
  - Active jobs: 0
  - Active shifts: 0
  - Current shift status: OFFLINE
  ✓ Emitted driver:status:changed for driver cmgt7lmww001emxarm6fiocom
[Driver Activity Monitor] Processing driver cmgt7lmns000qmxarybo79dix (Driver2 Metro Taxi)
  - Last location update: Never
  - Active jobs: 0
  - Active shifts: 0
  - Current shift status: OFFLINE
  ✓ Emitted driver:status:changed for driver cmgt7lmns000qmxarybo79dix
[Driver Activity Monitor] Processing driver cmgt7lmva001amxargvvis3qo (Driver1 Quick Ride)
  - Last location update: Never
  - Active jobs: 0
  - Active shifts: 0
  - Current shift status: OFFLINE
  ✓ Emitted driver:status:changed for driver cmgt7lmva001amxargvvis3qo
[Driver Activity Monitor] Processing driver cmgt7lmm7000mmxarb23yrhm4 (Driver1 Metro Taxi)
  - Last location update: Never
  - Active jobs: 0
  - Active shifts: 0
  - Current shift status: OFFLINE
  ✓ Emitted driver:status:changed for driver cmgt7lmm7000mmxarb23yrhm4
[Driver Activity Monitor] Processing driver cmgt7lmpa000umxaro9mk6xmc (Driver3 Metro Taxi)
  - Last location update: Never
  - Active jobs: 0
  - Active shifts: 0
  - Current shift status: OFFLINE
  ✓ Emitted driver:status:changed for driver cmgt7lmpa000umxaro9mk6xmc
[Driver Activity Monitor] Processing driver cmgt7lmts0016mxar09d3mqpx (Driver3 City Cabs)
  - Last location update: Never
  - Active jobs: 0
  - Active shifts: 0
  - Current shift status: OFFLINE
  ✓ Emitted driver:status:changed for driver cmgt7lmts0016mxar09d3mqpx
[Driver Activity Monitor] Processing driver cmgt7lms90012mxare5ugbirp (Driver2 City Cabs)
  - Last location update: Never
  - Active jobs: 0
  - Active shifts: 0
  - Current shift status: OFFLINE
  ✓ Emitted driver:status:changed for driver cmgt7lms90012mxare5ugbirp
[Driver Activity Monitor] Processed 8 inactive drivers
[Cron - Driver Activity] Processed inactive drivers: {
  count: 8,
  drivers: [
    {
      id: 'cmgt7lmye001imxarbrwufab7',
      name: 'Driver3 Quick Ride',
      unassignedJobs: 0
    },
    {
      id: 'cmgt7lmww001emxarm6fiocom',
      name: 'Driver2 Quick Ride',
      unassignedJobs: 0
    },
    {
      id: 'cmgt7lmns000qmxarybo79dix',
      name: 'Driver2 Metro Taxi',
      unassignedJobs: 0
    },
    {
      id: 'cmgt7lmva001amxargvvis3qo',
      name: 'Driver1 Quick Ride',
      unassignedJobs: 0
    },
    {
      id: 'cmgt7lmm7000mmxarb23yrhm4',
      name: 'Driver1 Metro Taxi',
      unassignedJobs: 0
    },
    {
      id: 'cmgt7lmpa000umxaro9mk6xmc',
      name: 'Driver3 Metro Taxi',
      unassignedJobs: 0
    },
    {
      id: 'cmgt7lmts0016mxar09d3mqpx',
      name: 'Driver3 City Cabs',
      unassignedJobs: 0
    },
    {
      id: 'cmgt7lms90012mxare5ugbirp',
      name: 'Driver2 City Cabs',
      unassignedJobs: 0
    }
  ]
}
[Driver Activity Monitor] Checking driver activity at 2025-10-28T08:32:00.014Z
[Driver Activity Monitor] Threshold: 2025-10-28T08:22:00.014Z
[Driver Activity Monitor] Found 9 total active drivers
[Driver Activity Monitor] Driver3 Quick Ride:
  - Location Update: Never
  - Status Update: 2025-10-18T09:55:35.663Z
  - Preferences Location: Never
  - User Updated: Sat Oct 18 2025 12:55:35 GMT+0300 (Arabian Standard Time)
  - Last Activity: 2025-10-18T09:55:35.665Z
  - Inactive: true
[Driver Activity Monitor] Driver2 Quick Ride:
  - Location Update: Never
  - Status Update: 2025-10-18T09:55:35.663Z
  - Preferences Location: Never
  - User Updated: Sat Oct 18 2025 12:55:35 GMT+0300 (Arabian Standard Time)
  - Last Activity: 2025-10-18T09:55:35.665Z
  - Inactive: true
[Driver Activity Monitor] Driver2 Metro Taxi:
  - Location Update: Never
  - Status Update: 2025-10-18T09:55:35.663Z
  - Preferences Location: Never
  - User Updated: Sat Oct 18 2025 12:55:35 GMT+0300 (Arabian Standard Time)
  - Last Activity: 2025-10-18T09:55:35.665Z
  - Inactive: true
[Driver Activity Monitor] Driver1 Quick Ride:
  - Location Update: Never
  - Status Update: 2025-10-18T09:55:35.663Z
  - Preferences Location: Never
  - User Updated: Sat Oct 18 2025 12:55:35 GMT+0300 (Arabian Standard Time)
  - Last Activity: 2025-10-18T09:55:35.665Z
  - Inactive: true
[Driver Activity Monitor] Driver1 Metro Taxi:
  - Location Update: Never
  - Status Update: 2025-10-18T09:55:35.663Z
  - Preferences Location: Never
  - User Updated: Sat Oct 18 2025 12:55:35 GMT+0300 (Arabian Standard Time)
  - Last Activity: 2025-10-18T09:55:35.665Z
  - Inactive: true
[Driver Activity Monitor] Driver3 Metro Taxi:
  - Location Update: Never
  - Status Update: 2025-10-18T09:55:35.663Z
  - Preferences Location: Never
  - User Updated: Sat Oct 18 2025 12:55:35 GMT+0300 (Arabian Standard Time)
  - Last Activity: 2025-10-18T09:55:35.665Z
  - Inactive: true
[Driver Activity Monitor] Driver3 City Cabs:
  - Location Update: Never
  - Status Update: 2025-10-22T11:00:39.313Z
  - Preferences Location: Never
  - User Updated: Fri Oct 24 2025 19:30:17 GMT+0300 (Arabian Standard Time)
  - Last Activity: 2025-10-24T16:30:17.836Z
  - Inactive: true
[Driver Activity Monitor] Driver1 City Cabs:
  - Location Update: 2025-10-28T08:22:06.421Z
  - Status Update: 2025-10-28T08:22:46.335Z
  - Preferences Location: Never
  - User Updated: Tue Oct 28 2025 11:22:46 GMT+0300 (Arabian Standard Time)
  - Last Activity: 2025-10-28T08:22:46.337Z
  - Inactive: false
[Driver Activity Monitor] Driver2 City Cabs:
  - Location Update: Never
  - Status Update: 2025-10-18T09:55:35.663Z
  - Preferences Location: Never
  - User Updated: Sat Oct 18 2025 12:55:35 GMT+0300 (Arabian Standard Time)
  - Last Activity: 2025-10-18T09:55:35.665Z
  - Inactive: true
[Driver Activity Monitor] Found 8 inactive drivers
[Driver Activity Monitor] Processing driver cmgt7lmye001imxarbrwufab7 (Driver3 Quick Ride)
  - Last location update: Never
  - Active jobs: 0
  - Active shifts: 0
  - Current shift status: OFFLINE
  ✓ Emitted driver:status:changed for driver cmgt7lmye001imxarbrwufab7
[Driver Activity Monitor] Processing driver cmgt7lmww001emxarm6fiocom (Driver2 Quick Ride)
  - Last location update: Never
  - Active jobs: 0
  - Active shifts: 0
  - Current shift status: OFFLINE
  ✓ Emitted driver:status:changed for driver cmgt7lmww001emxarm6fiocom
[Driver Activity Monitor] Processing driver cmgt7lmns000qmxarybo79dix (Driver2 Metro Taxi)
  - Last location update: Never
  - Active jobs: 0
  - Active shifts: 0
  - Current shift status: OFFLINE
  ✓ Emitted driver:status:changed for driver cmgt7lmns000qmxarybo79dix
[Driver Activity Monitor] Processing driver cmgt7lmva001amxargvvis3qo (Driver1 Quick Ride)
  - Last location update: Never
  - Active jobs: 0
  - Active shifts: 0
  - Current shift status: OFFLINE
  ✓ Emitted driver:status:changed for driver cmgt7lmva001amxargvvis3qo
[Driver Activity Monitor] Processing driver cmgt7lmm7000mmxarb23yrhm4 (Driver1 Metro Taxi)
  - Last location update: Never
  - Active jobs: 0
  - Active shifts: 0
  - Current shift status: OFFLINE
  ✓ Emitted driver:status:changed for driver cmgt7lmm7000mmxarb23yrhm4
[Driver Activity Monitor] Processing driver cmgt7lmpa000umxaro9mk6xmc (Driver3 Metro Taxi)
  - Last location update: Never
  - Active jobs: 0
  - Active shifts: 0
  - Current shift status: OFFLINE
  ✓ Emitted driver:status:changed for driver cmgt7lmpa000umxaro9mk6xmc
[Driver Activity Monitor] Processing driver cmgt7lmts0016mxar09d3mqpx (Driver3 City Cabs)
  - Last location update: Never
  - Active jobs: 0
  - Active shifts: 0
  - Current shift status: OFFLINE
  ✓ Emitted driver:status:changed for driver cmgt7lmts0016mxar09d3mqpx
[Driver Activity Monitor] Processing driver cmgt7lms90012mxare5ugbirp (Driver2 City Cabs)
  - Last location update: Never
  - Active jobs: 0
  - Active shifts: 0
  - Current shift status: OFFLINE
  ✓ Emitted driver:status:changed for driver cmgt7lms90012mxare5ugbirp
[Driver Activity Monitor] Processed 8 inactive drivers
[Cron - Driver Activity] Processed inactive drivers: {
  count: 8,
  drivers: [
    {
      id: 'cmgt7lmye001imxarbrwufab7',
      name: 'Driver3 Quick Ride',
      unassignedJobs: 0
    },
    {
      id: 'cmgt7lmww001emxarm6fiocom',
      name: 'Driver2 Quick Ride',
      unassignedJobs: 0
    },
    {
      id: 'cmgt7lmns000qmxarybo79dix',
      name: 'Driver2 Metro Taxi',
      unassignedJobs: 0
    },
    {
      id: 'cmgt7lmva001amxargvvis3qo',
      name: 'Driver1 Quick Ride',
      unassignedJobs: 0
    },
    {
      id: 'cmgt7lmm7000mmxarb23yrhm4',
      name: 'Driver1 Metro Taxi',
      unassignedJobs: 0
    },
    {
      id: 'cmgt7lmpa000umxaro9mk6xmc',
      name: 'Driver3 Metro Taxi',
      unassignedJobs: 0
    },
    {
      id: 'cmgt7lmts0016mxar09d3mqpx',
      name: 'Driver3 City Cabs',
      unassignedJobs: 0
    },
    {
      id: 'cmgt7lms90012mxare5ugbirp',
      name: 'Driver2 City Cabs',
      unassignedJobs: 0
    }
  ]
}
[Driver Activity Monitor] Checking driver activity at 2025-10-28T08:33:00.005Z
[Driver Activity Monitor] Threshold: 2025-10-28T08:23:00.005Z
[Driver Activity Monitor] Found 9 total active drivers
[Driver Activity Monitor] Driver3 Quick Ride:
  - Location Update: Never
  - Status Update: 2025-10-18T09:55:35.663Z
  - Preferences Location: Never
  - User Updated: Sat Oct 18 2025 12:55:35 GMT+0300 (Arabian Standard Time)
  - Last Activity: 2025-10-18T09:55:35.665Z
  - Inactive: true
[Driver Activity Monitor] Driver2 Quick Ride:
  - Location Update: Never
  - Status Update: 2025-10-18T09:55:35.663Z
  - Preferences Location: Never
  - User Updated: Sat Oct 18 2025 12:55:35 GMT+0300 (Arabian Standard Time)
  - Last Activity: 2025-10-18T09:55:35.665Z
  - Inactive: true
[Driver Activity Monitor] Driver2 Metro Taxi:
  - Location Update: Never
  - Status Update: 2025-10-18T09:55:35.663Z
  - Preferences Location: Never
  - User Updated: Sat Oct 18 2025 12:55:35 GMT+0300 (Arabian Standard Time)
  - Last Activity: 2025-10-18T09:55:35.665Z
  - Inactive: true
[Driver Activity Monitor] Driver1 Quick Ride:
  - Location Update: Never
  - Status Update: 2025-10-18T09:55:35.663Z
  - Preferences Location: Never
  - User Updated: Sat Oct 18 2025 12:55:35 GMT+0300 (Arabian Standard Time)
  - Last Activity: 2025-10-18T09:55:35.665Z
  - Inactive: true
[Driver Activity Monitor] Driver1 Metro Taxi:
  - Location Update: Never
  - Status Update: 2025-10-18T09:55:35.663Z
  - Preferences Location: Never
  - User Updated: Sat Oct 18 2025 12:55:35 GMT+0300 (Arabian Standard Time)
  - Last Activity: 2025-10-18T09:55:35.665Z
  - Inactive: true
[Driver Activity Monitor] Driver3 Metro Taxi:
  - Location Update: Never
  - Status Update: 2025-10-18T09:55:35.663Z
  - Preferences Location: Never
  - User Updated: Sat Oct 18 2025 12:55:35 GMT+0300 (Arabian Standard Time)
  - Last Activity: 2025-10-18T09:55:35.665Z
  - Inactive: true
[Driver Activity Monitor] Driver3 City Cabs:
  - Location Update: Never
  - Status Update: 2025-10-22T11:00:39.313Z
  - Preferences Location: Never
  - User Updated: Fri Oct 24 2025 19:30:17 GMT+0300 (Arabian Standard Time)
  - Last Activity: 2025-10-24T16:30:17.836Z
  - Inactive: true
[Driver Activity Monitor] Driver1 City Cabs:
  - Location Update: 2025-10-28T08:22:06.421Z
  - Status Update: 2025-10-28T08:22:46.335Z
  - Preferences Location: Never
  - User Updated: Tue Oct 28 2025 11:22:46 GMT+0300 (Arabian Standard Time)
  - Last Activity: 2025-10-28T08:22:46.337Z
  - Inactive: true
[Driver Activity Monitor] Driver2 City Cabs:
  - Location Update: Never
  - Status Update: 2025-10-18T09:55:35.663Z
  - Preferences Location: Never
  - User Updated: Sat Oct 18 2025 12:55:35 GMT+0300 (Arabian Standard Time)
  - Last Activity: 2025-10-18T09:55:35.665Z
  - Inactive: true
[Driver Activity Monitor] Found 9 inactive drivers
[Driver Activity Monitor] Processing driver cmgt7lmye001imxarbrwufab7 (Driver3 Quick Ride)
  - Last location update: Never
  - Active jobs: 0
  - Active shifts: 0
  - Current shift status: OFFLINE
  ✓ Emitted driver:status:changed for driver cmgt7lmye001imxarbrwufab7
[Driver Activity Monitor] Processing driver cmgt7lmww001emxarm6fiocom (Driver2 Quick Ride)
  - Last location update: Never
  - Active jobs: 0
  - Active shifts: 0
  - Current shift status: OFFLINE
  ✓ Emitted driver:status:changed for driver cmgt7lmww001emxarm6fiocom
[Driver Activity Monitor] Processing driver cmgt7lmns000qmxarybo79dix (Driver2 Metro Taxi)
  - Last location update: Never
  - Active jobs: 0
  - Active shifts: 0
  - Current shift status: OFFLINE
  ✓ Emitted driver:status:changed for driver cmgt7lmns000qmxarybo79dix
[Driver Activity Monitor] Processing driver cmgt7lmva001amxargvvis3qo (Driver1 Quick Ride)
  - Last location update: Never
  - Active jobs: 0
  - Active shifts: 0
  - Current shift status: OFFLINE
  ✓ Emitted driver:status:changed for driver cmgt7lmva001amxargvvis3qo
[Driver Activity Monitor] Processing driver cmgt7lmm7000mmxarb23yrhm4 (Driver1 Metro Taxi)
  - Last location update: Never
  - Active jobs: 0
  - Active shifts: 0
  - Current shift status: OFFLINE
  ✓ Emitted driver:status:changed for driver cmgt7lmm7000mmxarb23yrhm4
[Driver Activity Monitor] Processing driver cmgt7lmpa000umxaro9mk6xmc (Driver3 Metro Taxi)
  - Last location update: Never
  - Active jobs: 0
  - Active shifts: 0
  - Current shift status: OFFLINE
  ✓ Emitted driver:status:changed for driver cmgt7lmpa000umxaro9mk6xmc
[Driver Activity Monitor] Processing driver cmgt7lmts0016mxar09d3mqpx (Driver3 City Cabs)
  - Last location update: Never
  - Active jobs: 0
  - Active shifts: 0
  - Current shift status: OFFLINE
  ✓ Emitted driver:status:changed for driver cmgt7lmts0016mxar09d3mqpx
[Driver Activity Monitor] Processing driver cmgt7lmqs000ymxarz2f1edxx (Driver1 City Cabs)
  - Last location update: 2025-10-28T08:22:06.421Z
  - Active jobs: 0
  - Active shifts: 1
  - Current shift status: ONLINE
  ✓ Set shift cmhaat4cx0003mxpc4u3bptis to OFFLINE and ended it
  ✓ Emitted driver:status:changed for driver cmgt7lmqs000ymxarz2f1edxx
[Driver Activity Monitor] Processing driver cmgt7lms90012mxare5ugbirp (Driver2 City Cabs)
  - Last location update: Never
  - Active jobs: 0
  - Active shifts: 0
  - Current shift status: OFFLINE
  ✓ Emitted driver:status:changed for driver cmgt7lms90012mxare5ugbirp
[Driver Activity Monitor] Processed 9 inactive drivers
[Cron - Driver Activity] Processed inactive drivers: {
  count: 9,
  drivers: [
    {
      id: 'cmgt7lmye001imxarbrwufab7',
      name: 'Driver3 Quick Ride',
      unassignedJobs: 0
    },
    {
      id: 'cmgt7lmww001emxarm6fiocom',
      name: 'Driver2 Quick Ride',
      unassignedJobs: 0
    },
    {
      id: 'cmgt7lmns000qmxarybo79dix',
      name: 'Driver2 Metro Taxi',
      unassignedJobs: 0
    },
    {
      id: 'cmgt7lmva001amxargvvis3qo',
      name: 'Driver1 Quick Ride',
      unassignedJobs: 0
    },
    {
      id: 'cmgt7lmm7000mmxarb23yrhm4',
      name: 'Driver1 Metro Taxi',
      unassignedJobs: 0
    },
    {
      id: 'cmgt7lmpa000umxaro9mk6xmc',
      name: 'Driver3 Metro Taxi',
      unassignedJobs: 0
    },
    {
      id: 'cmgt7lmts0016mxar09d3mqpx',
      name: 'Driver3 City Cabs',
      unassignedJobs: 0
    },
    {
      id: 'cmgt7lmqs000ymxarz2f1edxx',
      name: 'Driver1 City Cabs',
      unassignedJobs: 0
    },
    {
      id: 'cmgt7lms90012mxare5ugbirp',
      name: 'Driver2 City Cabs',
      unassignedJobs: 0
    }
  ]
}
[Driver Activity Monitor] Checking driver activity at 2025-10-28T08:34:00.013Z
[Driver Activity Monitor] Threshold: 2025-10-28T08:24:00.013Z
[Driver Activity Monitor] Found 9 total active drivers
[Driver Activity Monitor] Driver3 Quick Ride:
  - Location Update: Never
  - Status Update: 2025-10-18T09:55:35.663Z
  - Preferences Location: Never
  - User Updated: Sat Oct 18 2025 12:55:35 GMT+0300 (Arabian Standard Time)
  - Last Activity: 2025-10-18T09:55:35.665Z
  - Inactive: true
[Driver Activity Monitor] Driver2 Quick Ride:
  - Location Update: Never
  - Status Update: 2025-10-18T09:55:35.663Z
  - Preferences Location: Never
  - User Updated: Sat Oct 18 2025 12:55:35 GMT+0300 (Arabian Standard Time)
  - Last Activity: 2025-10-18T09:55:35.665Z
  - Inactive: true
[Driver Activity Monitor] Driver2 Metro Taxi:
  - Location Update: Never
  - Status Update: 2025-10-18T09:55:35.663Z
  - Preferences Location: Never
  - User Updated: Sat Oct 18 2025 12:55:35 GMT+0300 (Arabian Standard Time)
  - Last Activity: 2025-10-18T09:55:35.665Z
  - Inactive: true
[Driver Activity Monitor] Driver1 Quick Ride:
  - Location Update: Never
  - Status Update: 2025-10-18T09:55:35.663Z
  - Preferences Location: Never
  - User Updated: Sat Oct 18 2025 12:55:35 GMT+0300 (Arabian Standard Time)
  - Last Activity: 2025-10-18T09:55:35.665Z
  - Inactive: true
[Driver Activity Monitor] Driver1 Metro Taxi:
  - Location Update: Never
  - Status Update: 2025-10-18T09:55:35.663Z
  - Preferences Location: Never
  - User Updated: Sat Oct 18 2025 12:55:35 GMT+0300 (Arabian Standard Time)
  - Last Activity: 2025-10-18T09:55:35.665Z
  - Inactive: true
[Driver Activity Monitor] Driver3 Metro Taxi:
  - Location Update: Never
  - Status Update: 2025-10-18T09:55:35.663Z
  - Preferences Location: Never
  - User Updated: Sat Oct 18 2025 12:55:35 GMT+0300 (Arabian Standard Time)
  - Last Activity: 2025-10-18T09:55:35.665Z
  - Inactive: true
[Driver Activity Monitor] Driver3 City Cabs:
  - Location Update: Never
  - Status Update: 2025-10-22T11:00:39.313Z
  - Preferences Location: Never
  - User Updated: Fri Oct 24 2025 19:30:17 GMT+0300 (Arabian Standard Time)
  - Last Activity: 2025-10-24T16:30:17.836Z
  - Inactive: true
[Driver Activity Monitor] Driver1 City Cabs:
  - Location Update: 2025-10-28T08:22:06.421Z
  - Status Update: 2025-10-28T08:22:46.335Z
  - Preferences Location: Never
  - User Updated: Tue Oct 28 2025 11:22:46 GMT+0300 (Arabian Standard Time)
  - Last Activity: 2025-10-28T08:22:46.337Z
  - Inactive: true
[Driver Activity Monitor] Driver2 City Cabs:
  - Location Update: Never
  - Status Update: 2025-10-18T09:55:35.663Z
  - Preferences Location: Never
  - User Updated: Sat Oct 18 2025 12:55:35 GMT+0300 (Arabian Standard Time)
  - Last Activity: 2025-10-18T09:55:35.665Z
  - Inactive: true
[Driver Activity Monitor] Found 9 inactive drivers
[Driver Activity Monitor] Processing driver cmgt7lmye001imxarbrwufab7 (Driver3 Quick Ride)
  - Last location update: Never
  - Active jobs: 0
  - Active shifts: 0
  - Current shift status: OFFLINE
  ✓ Emitted driver:status:changed for driver cmgt7lmye001imxarbrwufab7
[Driver Activity Monitor] Processing driver cmgt7lmww001emxarm6fiocom (Driver2 Quick Ride)
  - Last location update: Never
  - Active jobs: 0
  - Active shifts: 0
  - Current shift status: OFFLINE
  ✓ Emitted driver:status:changed for driver cmgt7lmww001emxarm6fiocom
[Driver Activity Monitor] Processing driver cmgt7lmns000qmxarybo79dix (Driver2 Metro Taxi)
  - Last location update: Never
  - Active jobs: 0
  - Active shifts: 0
  - Current shift status: OFFLINE
  ✓ Emitted driver:status:changed for driver cmgt7lmns000qmxarybo79dix
[Driver Activity Monitor] Processing driver cmgt7lmva001amxargvvis3qo (Driver1 Quick Ride)
  - Last location update: Never
  - Active jobs: 0
  - Active shifts: 0
  - Current shift status: OFFLINE
  ✓ Emitted driver:status:changed for driver cmgt7lmva001amxargvvis3qo
[Driver Activity Monitor] Processing driver cmgt7lmm7000mmxarb23yrhm4 (Driver1 Metro Taxi)
  - Last location update: Never
  - Active jobs: 0
  - Active shifts: 0
  - Current shift status: OFFLINE
  ✓ Emitted driver:status:changed for driver cmgt7lmm7000mmxarb23yrhm4
[Driver Activity Monitor] Processing driver cmgt7lmpa000umxaro9mk6xmc (Driver3 Metro Taxi)
  - Last location update: Never
  - Active jobs: 0
  - Active shifts: 0
  - Current shift status: OFFLINE
  ✓ Emitted driver:status:changed for driver cmgt7lmpa000umxaro9mk6xmc
[Driver Activity Monitor] Processing driver cmgt7lmts0016mxar09d3mqpx (Driver3 City Cabs)
  - Last location update: Never
  - Active jobs: 0
  - Active shifts: 0
  - Current shift status: OFFLINE
  ✓ Emitted driver:status:changed for driver cmgt7lmts0016mxar09d3mqpx
[Driver Activity Monitor] Processing driver cmgt7lmqs000ymxarz2f1edxx (Driver1 City Cabs)
  - Last location update: 2025-10-28T08:22:06.421Z
  - Active jobs: 0
  - Active shifts: 0
  - Current shift status: OFFLINE
  ✓ Emitted driver:status:changed for driver cmgt7lmqs000ymxarz2f1edxx
[Driver Activity Monitor] Processing driver cmgt7lms90012mxare5ugbirp (Driver2 City Cabs)
  - Last location update: Never
  - Active jobs: 0
  - Active shifts: 0
  - Current shift status: OFFLINE
  ✓ Emitted driver:status:changed for driver cmgt7lms90012mxare5ugbirp
[Driver Activity Monitor] Processed 9 inactive drivers
[Cron - Driver Activity] Processed inactive drivers: {
  count: 9,
  drivers: [
    {
      id: 'cmgt7lmye001imxarbrwufab7',
      name: 'Driver3 Quick Ride',
      unassignedJobs: 0
    },
    {
      id: 'cmgt7lmww001emxarm6fiocom',
      name: 'Driver2 Quick Ride',
      unassignedJobs: 0
    },
    {
      id: 'cmgt7lmns000qmxarybo79dix',
      name: 'Driver2 Metro Taxi',
      unassignedJobs: 0
    },
    {
      id: 'cmgt7lmva001amxargvvis3qo',
      name: 'Driver1 Quick Ride',
      unassignedJobs: 0
    },
    {
      id: 'cmgt7lmm7000mmxarb23yrhm4',
      name: 'Driver1 Metro Taxi',
      unassignedJobs: 0
    },
    {
      id: 'cmgt7lmpa000umxaro9mk6xmc',
      name: 'Driver3 Metro Taxi',
      unassignedJobs: 0
    },
    {
      id: 'cmgt7lmts0016mxar09d3mqpx',
      name: 'Driver3 City Cabs',
      unassignedJobs: 0
    },
    {
      id: 'cmgt7lmqs000ymxarz2f1edxx',
      name: 'Driver1 City Cabs',
      unassignedJobs: 0
    },
    {
      id: 'cmgt7lms90012mxare5ugbirp',
      name: 'Driver2 City Cabs',
      unassignedJobs: 0
    }
  ]
}
[Driver Activity Monitor] Checking driver activity at 2025-10-28T08:35:00.010Z
[Driver Activity Monitor] Threshold: 2025-10-28T08:25:00.010Z
[Driver Activity Monitor] Found 9 total active drivers
[Driver Activity Monitor] Driver3 Quick Ride:
  - Location Update: Never
  - Status Update: 2025-10-18T09:55:35.663Z
  - Preferences Location: Never
  - User Updated: Sat Oct 18 2025 12:55:35 GMT+0300 (Arabian Standard Time)
  - Last Activity: 2025-10-18T09:55:35.665Z
  - Inactive: true
[Driver Activity Monitor] Driver2 Quick Ride:
  - Location Update: Never
  - Status Update: 2025-10-18T09:55:35.663Z
  - Preferences Location: Never
  - User Updated: Sat Oct 18 2025 12:55:35 GMT+0300 (Arabian Standard Time)
  - Last Activity: 2025-10-18T09:55:35.665Z
  - Inactive: true
[Driver Activity Monitor] Driver2 Metro Taxi:
  - Location Update: Never
  - Status Update: 2025-10-18T09:55:35.663Z
  - Preferences Location: Never
  - User Updated: Sat Oct 18 2025 12:55:35 GMT+0300 (Arabian Standard Time)
  - Last Activity: 2025-10-18T09:55:35.665Z
  - Inactive: true
[Driver Activity Monitor] Driver1 Quick Ride:
  - Location Update: Never
  - Status Update: 2025-10-18T09:55:35.663Z
  - Preferences Location: Never
  - User Updated: Sat Oct 18 2025 12:55:35 GMT+0300 (Arabian Standard Time)
  - Last Activity: 2025-10-18T09:55:35.665Z
  - Inactive: true
[Driver Activity Monitor] Driver1 Metro Taxi:
  - Location Update: Never
  - Status Update: 2025-10-18T09:55:35.663Z
  - Preferences Location: Never
  - User Updated: Sat Oct 18 2025 12:55:35 GMT+0300 (Arabian Standard Time)
  - Last Activity: 2025-10-18T09:55:35.665Z
  - Inactive: true
[Driver Activity Monitor] Driver3 Metro Taxi:
  - Location Update: Never
  - Status Update: 2025-10-18T09:55:35.663Z
  - Preferences Location: Never
  - User Updated: Sat Oct 18 2025 12:55:35 GMT+0300 (Arabian Standard Time)
  - Last Activity: 2025-10-18T09:55:35.665Z
  - Inactive: true
[Driver Activity Monitor] Driver3 City Cabs:
  - Location Update: Never
  - Status Update: 2025-10-22T11:00:39.313Z
  - Preferences Location: Never
  - User Updated: Fri Oct 24 2025 19:30:17 GMT+0300 (Arabian Standard Time)
  - Last Activity: 2025-10-24T16:30:17.836Z
  - Inactive: true
[Driver Activity Monitor] Driver1 City Cabs:
  - Location Update: 2025-10-28T08:22:06.421Z
  - Status Update: 2025-10-28T08:22:46.335Z
  - Preferences Location: Never
  - User Updated: Tue Oct 28 2025 11:22:46 GMT+0300 (Arabian Standard Time)
  - Last Activity: 2025-10-28T08:22:46.337Z
  - Inactive: true
[Driver Activity Monitor] Driver2 City Cabs:
  - Location Update: Never
  - Status Update: 2025-10-18T09:55:35.663Z
  - Preferences Location: Never
  - User Updated: Sat Oct 18 2025 12:55:35 GMT+0300 (Arabian Standard Time)
  - Last Activity: 2025-10-18T09:55:35.665Z
  - Inactive: true
[Driver Activity Monitor] Found 9 inactive drivers
[Driver Activity Monitor] Processing driver cmgt7lmye001imxarbrwufab7 (Driver3 Quick Ride)
  - Last location update: Never
  - Active jobs: 0
  - Active shifts: 0
  - Current shift status: OFFLINE
  ✓ Emitted driver:status:changed for driver cmgt7lmye001imxarbrwufab7
[Driver Activity Monitor] Processing driver cmgt7lmww001emxarm6fiocom (Driver2 Quick Ride)
  - Last location update: Never
  - Active jobs: 0
  - Active shifts: 0
  - Current shift status: OFFLINE
  ✓ Emitted driver:status:changed for driver cmgt7lmww001emxarm6fiocom
[Driver Activity Monitor] Processing driver cmgt7lmns000qmxarybo79dix (Driver2 Metro Taxi)
  - Last location update: Never
  - Active jobs: 0
  - Active shifts: 0
  - Current shift status: OFFLINE
  ✓ Emitted driver:status:changed for driver cmgt7lmns000qmxarybo79dix
[Driver Activity Monitor] Processing driver cmgt7lmva001amxargvvis3qo (Driver1 Quick Ride)
  - Last location update: Never
  - Active jobs: 0
  - Active shifts: 0
  - Current shift status: OFFLINE
  ✓ Emitted driver:status:changed for driver cmgt7lmva001amxargvvis3qo
[Driver Activity Monitor] Processing driver cmgt7lmm7000mmxarb23yrhm4 (Driver1 Metro Taxi)
  - Last location update: Never
  - Active jobs: 0
  - Active shifts: 0
  - Current shift status: OFFLINE
  ✓ Emitted driver:status:changed for driver cmgt7lmm7000mmxarb23yrhm4
[Driver Activity Monitor] Processing driver cmgt7lmpa000umxaro9mk6xmc (Driver3 Metro Taxi)
  - Last location update: Never
  - Active jobs: 0
  - Active shifts: 0
  - Current shift status: OFFLINE
  ✓ Emitted driver:status:changed for driver cmgt7lmpa000umxaro9mk6xmc
[Driver Activity Monitor] Processing driver cmgt7lmts0016mxar09d3mqpx (Driver3 City Cabs)
  - Last location update: Never
  - Active jobs: 0
  - Active shifts: 0
  - Current shift status: OFFLINE
  ✓ Emitted driver:status:changed for driver cmgt7lmts0016mxar09d3mqpx
[Driver Activity Monitor] Processing driver cmgt7lmqs000ymxarz2f1edxx (Driver1 City Cabs)
  - Last location update: 2025-10-28T08:22:06.421Z
  - Active jobs: 0
  - Active shifts: 0
  - Current shift status: OFFLINE
  ✓ Emitted driver:status:changed for driver cmgt7lmqs000ymxarz2f1edxx
[Driver Activity Monitor] Processing driver cmgt7lms90012mxare5ugbirp (Driver2 City Cabs)
  - Last location update: Never
  - Active jobs: 0
  - Active shifts: 0
  - Current shift status: OFFLINE
  ✓ Emitted driver:status:changed for driver cmgt7lms90012mxare5ugbirp
[Driver Activity Monitor] Processed 9 inactive drivers
[Cron - Driver Activity] Processed inactive drivers: {
  count: 9,
  drivers: [
    {
      id: 'cmgt7lmye001imxarbrwufab7',
      name: 'Driver3 Quick Ride',
      unassignedJobs: 0
    },
    {
      id: 'cmgt7lmww001emxarm6fiocom',
      name: 'Driver2 Quick Ride',
      unassignedJobs: 0
    },
    {
      id: 'cmgt7lmns000qmxarybo79dix',
      name: 'Driver2 Metro Taxi',
      unassignedJobs: 0
    },
    {
      id: 'cmgt7lmva001amxargvvis3qo',
      name: 'Driver1 Quick Ride',
      unassignedJobs: 0
    },
    {
      id: 'cmgt7lmm7000mmxarb23yrhm4',
      name: 'Driver1 Metro Taxi',
      unassignedJobs: 0
    },
    {
      id: 'cmgt7lmpa000umxaro9mk6xmc',
      name: 'Driver3 Metro Taxi',
      unassignedJobs: 0
    },
    {
      id: 'cmgt7lmts0016mxar09d3mqpx',
      name: 'Driver3 City Cabs',
      unassignedJobs: 0
    },
    {
      id: 'cmgt7lmqs000ymxarz2f1edxx',
      name: 'Driver1 City Cabs',
      unassignedJobs: 0
    },
    {
      id: 'cmgt7lms90012mxare5ugbirp',
      name: 'Driver2 City Cabs',
      unassignedJobs: 0
    }
  ]
}
[Driver Activity Monitor] Checking driver activity at 2025-10-28T08:36:00.007Z
[Driver Activity Monitor] Threshold: 2025-10-28T08:26:00.007Z
[Driver Activity Monitor] Found 9 total active drivers
[Driver Activity Monitor] Driver3 Quick Ride:
  - Location Update: Never
  - Status Update: 2025-10-18T09:55:35.663Z
  - Preferences Location: Never
  - User Updated: Sat Oct 18 2025 12:55:35 GMT+0300 (Arabian Standard Time)
  - Last Activity: 2025-10-18T09:55:35.665Z
  - Inactive: true
[Driver Activity Monitor] Driver2 Quick Ride:
  - Location Update: Never
  - Status Update: 2025-10-18T09:55:35.663Z
  - Preferences Location: Never
  - User Updated: Sat Oct 18 2025 12:55:35 GMT+0300 (Arabian Standard Time)
  - Last Activity: 2025-10-18T09:55:35.665Z
  - Inactive: true
[Driver Activity Monitor] Driver2 Metro Taxi:
  - Location Update: Never
  - Status Update: 2025-10-18T09:55:35.663Z
  - Preferences Location: Never
  - User Updated: Sat Oct 18 2025 12:55:35 GMT+0300 (Arabian Standard Time)
  - Last Activity: 2025-10-18T09:55:35.665Z
  - Inactive: true
[Driver Activity Monitor] Driver1 Quick Ride:
  - Location Update: Never
  - Status Update: 2025-10-18T09:55:35.663Z
  - Preferences Location: Never
  - User Updated: Sat Oct 18 2025 12:55:35 GMT+0300 (Arabian Standard Time)
  - Last Activity: 2025-10-18T09:55:35.665Z
  - Inactive: true
[Driver Activity Monitor] Driver1 Metro Taxi:
  - Location Update: Never
  - Status Update: 2025-10-18T09:55:35.663Z
  - Preferences Location: Never
  - User Updated: Sat Oct 18 2025 12:55:35 GMT+0300 (Arabian Standard Time)
  - Last Activity: 2025-10-18T09:55:35.665Z
  - Inactive: true
[Driver Activity Monitor] Driver3 Metro Taxi:
  - Location Update: Never
  - Status Update: 2025-10-18T09:55:35.663Z
  - Preferences Location: Never
  - User Updated: Sat Oct 18 2025 12:55:35 GMT+0300 (Arabian Standard Time)
  - Last Activity: 2025-10-18T09:55:35.665Z
  - Inactive: true
[Driver Activity Monitor] Driver3 City Cabs:
  - Location Update: Never
  - Status Update: 2025-10-22T11:00:39.313Z
  - Preferences Location: Never
  - User Updated: Fri Oct 24 2025 19:30:17 GMT+0300 (Arabian Standard Time)
  - Last Activity: 2025-10-24T16:30:17.836Z
  - Inactive: true
[Driver Activity Monitor] Driver1 City Cabs:
  - Location Update: 2025-10-28T08:22:06.421Z
  - Status Update: 2025-10-28T08:22:46.335Z
  - Preferences Location: Never
  - User Updated: Tue Oct 28 2025 11:22:46 GMT+0300 (Arabian Standard Time)
  - Last Activity: 2025-10-28T08:22:46.337Z
  - Inactive: true
[Driver Activity Monitor] Driver2 City Cabs:
  - Location Update: Never
  - Status Update: 2025-10-18T09:55:35.663Z
  - Preferences Location: Never
  - User Updated: Sat Oct 18 2025 12:55:35 GMT+0300 (Arabian Standard Time)
  - Last Activity: 2025-10-18T09:55:35.665Z
  - Inactive: true
[Driver Activity Monitor] Found 9 inactive drivers
[Driver Activity Monitor] Processing driver cmgt7lmye001imxarbrwufab7 (Driver3 Quick Ride)
  - Last location update: Never
  - Active jobs: 0
  - Active shifts: 0
  - Current shift status: OFFLINE
  ✓ Emitted driver:status:changed for driver cmgt7lmye001imxarbrwufab7
[Driver Activity Monitor] Processing driver cmgt7lmww001emxarm6fiocom (Driver2 Quick Ride)
  - Last location update: Never
  - Active jobs: 0
  - Active shifts: 0
  - Current shift status: OFFLINE
  ✓ Emitted driver:status:changed for driver cmgt7lmww001emxarm6fiocom
[Driver Activity Monitor] Processing driver cmgt7lmns000qmxarybo79dix (Driver2 Metro Taxi)
  - Last location update: Never
  - Active jobs: 0
  - Active shifts: 0
  - Current shift status: OFFLINE
  ✓ Emitted driver:status:changed for driver cmgt7lmns000qmxarybo79dix
[Driver Activity Monitor] Processing driver cmgt7lmva001amxargvvis3qo (Driver1 Quick Ride)
  - Last location update: Never
  - Active jobs: 0
  - Active shifts: 0
  - Current shift status: OFFLINE
  ✓ Emitted driver:status:changed for driver cmgt7lmva001amxargvvis3qo
[Driver Activity Monitor] Processing driver cmgt7lmm7000mmxarb23yrhm4 (Driver1 Metro Taxi)
  - Last location update: Never
  - Active jobs: 0
  - Active shifts: 0
  - Current shift status: OFFLINE
  ✓ Emitted driver:status:changed for driver cmgt7lmm7000mmxarb23yrhm4
[Driver Activity Monitor] Processing driver cmgt7lmpa000umxaro9mk6xmc (Driver3 Metro Taxi)
  - Last location update: Never
  - Active jobs: 0
  - Active shifts: 0
  - Current shift status: OFFLINE
  ✓ Emitted driver:status:changed for driver cmgt7lmpa000umxaro9mk6xmc
[Driver Activity Monitor] Processing driver cmgt7lmts0016mxar09d3mqpx (Driver3 City Cabs)
  - Last location update: Never
  - Active jobs: 0
  - Active shifts: 0
  - Current shift status: OFFLINE
  ✓ Emitted driver:status:changed for driver cmgt7lmts0016mxar09d3mqpx
[Driver Activity Monitor] Processing driver cmgt7lmqs000ymxarz2f1edxx (Driver1 City Cabs)
  - Last location update: 2025-10-28T08:22:06.421Z
  - Active jobs: 0
  - Active shifts: 0
  - Current shift status: OFFLINE
  ✓ Emitted driver:status:changed for driver cmgt7lmqs000ymxarz2f1edxx
[Driver Activity Monitor] Processing driver cmgt7lms90012mxare5ugbirp (Driver2 City Cabs)
  - Last location update: Never
  - Active jobs: 0
  - Active shifts: 0
  - Current shift status: OFFLINE
  ✓ Emitted driver:status:changed for driver cmgt7lms90012mxare5ugbirp
[Driver Activity Monitor] Processed 9 inactive drivers
[Cron - Driver Activity] Processed inactive drivers: {
  count: 9,
  drivers: [
    {
      id: 'cmgt7lmye001imxarbrwufab7',
      name: 'Driver3 Quick Ride',
      unassignedJobs: 0
    },
    {
      id: 'cmgt7lmww001emxarm6fiocom',
      name: 'Driver2 Quick Ride',
      unassignedJobs: 0
    },
    {
      id: 'cmgt7lmns000qmxarybo79dix',
      name: 'Driver2 Metro Taxi',
      unassignedJobs: 0
    },
    {
      id: 'cmgt7lmva001amxargvvis3qo',
      name: 'Driver1 Quick Ride',
      unassignedJobs: 0
    },
    {
      id: 'cmgt7lmm7000mmxarb23yrhm4',
      name: 'Driver1 Metro Taxi',
      unassignedJobs: 0
    },
    {
      id: 'cmgt7lmpa000umxaro9mk6xmc',
      name: 'Driver3 Metro Taxi',
      unassignedJobs: 0
    },
    {
      id: 'cmgt7lmts0016mxar09d3mqpx',
      name: 'Driver3 City Cabs',
      unassignedJobs: 0
    },
    {
      id: 'cmgt7lmqs000ymxarz2f1edxx',
      name: 'Driver1 City Cabs',
      unassignedJobs: 0
    },
    {
      id: 'cmgt7lms90012mxare5ugbirp',
      name: 'Driver2 City Cabs',
      unassignedJobs: 0
    }
  ]
}
[Driver Activity Monitor] Checking driver activity at 2025-10-28T08:37:00.008Z
[Driver Activity Monitor] Threshold: 2025-10-28T08:27:00.008Z
[Driver Activity Monitor] Found 9 total active drivers
[Driver Activity Monitor] Driver3 Quick Ride:
  - Location Update: Never
  - Status Update: 2025-10-18T09:55:35.663Z
  - Preferences Location: Never
  - User Updated: Sat Oct 18 2025 12:55:35 GMT+0300 (Arabian Standard Time)
  - Last Activity: 2025-10-18T09:55:35.665Z
  - Inactive: true
[Driver Activity Monitor] Driver2 Quick Ride:
  - Location Update: Never
  - Status Update: 2025-10-18T09:55:35.663Z
  - Preferences Location: Never
  - User Updated: Sat Oct 18 2025 12:55:35 GMT+0300 (Arabian Standard Time)
  - Last Activity: 2025-10-18T09:55:35.665Z
  - Inactive: true
[Driver Activity Monitor] Driver2 Metro Taxi:
  - Location Update: Never
  - Status Update: 2025-10-18T09:55:35.663Z
  - Preferences Location: Never
  - User Updated: Sat Oct 18 2025 12:55:35 GMT+0300 (Arabian Standard Time)
  - Last Activity: 2025-10-18T09:55:35.665Z
  - Inactive: true
[Driver Activity Monitor] Driver1 Quick Ride:
  - Location Update: Never
  - Status Update: 2025-10-18T09:55:35.663Z
  - Preferences Location: Never
  - User Updated: Sat Oct 18 2025 12:55:35 GMT+0300 (Arabian Standard Time)
  - Last Activity: 2025-10-18T09:55:35.665Z
  - Inactive: true
[Driver Activity Monitor] Driver1 Metro Taxi:
  - Location Update: Never
  - Status Update: 2025-10-18T09:55:35.663Z
  - Preferences Location: Never
  - User Updated: Sat Oct 18 2025 12:55:35 GMT+0300 (Arabian Standard Time)
  - Last Activity: 2025-10-18T09:55:35.665Z
  - Inactive: true
[Driver Activity Monitor] Driver3 Metro Taxi:
  - Location Update: Never
  - Status Update: 2025-10-18T09:55:35.663Z
  - Preferences Location: Never
  - User Updated: Sat Oct 18 2025 12:55:35 GMT+0300 (Arabian Standard Time)
  - Last Activity: 2025-10-18T09:55:35.665Z
  - Inactive: true
[Driver Activity Monitor] Driver3 City Cabs:
  - Location Update: Never
  - Status Update: 2025-10-22T11:00:39.313Z
  - Preferences Location: Never
  - User Updated: Fri Oct 24 2025 19:30:17 GMT+0300 (Arabian Standard Time)
  - Last Activity: 2025-10-24T16:30:17.836Z
  - Inactive: true
[Driver Activity Monitor] Driver1 City Cabs:
  - Location Update: 2025-10-28T08:22:06.421Z
  - Status Update: 2025-10-28T08:22:46.335Z
  - Preferences Location: Never
  - User Updated: Tue Oct 28 2025 11:22:46 GMT+0300 (Arabian Standard Time)
  - Last Activity: 2025-10-28T08:22:46.337Z
  - Inactive: true
[Driver Activity Monitor] Driver2 City Cabs:
  - Location Update: Never
  - Status Update: 2025-10-18T09:55:35.663Z
  - Preferences Location: Never
  - User Updated: Sat Oct 18 2025 12:55:35 GMT+0300 (Arabian Standard Time)
  - Last Activity: 2025-10-18T09:55:35.665Z
  - Inactive: true
[Driver Activity Monitor] Found 9 inactive drivers
[Driver Activity Monitor] Processing driver cmgt7lmye001imxarbrwufab7 (Driver3 Quick Ride)
  - Last location update: Never
  - Active jobs: 0
  - Active shifts: 0
  - Current shift status: OFFLINE
  ✓ Emitted driver:status:changed for driver cmgt7lmye001imxarbrwufab7
[Driver Activity Monitor] Processing driver cmgt7lmww001emxarm6fiocom (Driver2 Quick Ride)
  - Last location update: Never
  - Active jobs: 0
  - Active shifts: 0
  - Current shift status: OFFLINE
  ✓ Emitted driver:status:changed for driver cmgt7lmww001emxarm6fiocom
[Driver Activity Monitor] Processing driver cmgt7lmns000qmxarybo79dix (Driver2 Metro Taxi)
  - Last location update: Never
  - Active jobs: 0
  - Active shifts: 0
  - Current shift status: OFFLINE
  ✓ Emitted driver:status:changed for driver cmgt7lmns000qmxarybo79dix
[Driver Activity Monitor] Processing driver cmgt7lmva001amxargvvis3qo (Driver1 Quick Ride)
  - Last location update: Never
  - Active jobs: 0
  - Active shifts: 0
  - Current shift status: OFFLINE
  ✓ Emitted driver:status:changed for driver cmgt7lmva001amxargvvis3qo
[Driver Activity Monitor] Processing driver cmgt7lmm7000mmxarb23yrhm4 (Driver1 Metro Taxi)
  - Last location update: Never
  - Active jobs: 0
  - Active shifts: 0
  - Current shift status: OFFLINE
  ✓ Emitted driver:status:changed for driver cmgt7lmm7000mmxarb23yrhm4
[Driver Activity Monitor] Processing driver cmgt7lmpa000umxaro9mk6xmc (Driver3 Metro Taxi)
  - Last location update: Never
  - Active jobs: 0
  - Active shifts: 0
  - Current shift status: OFFLINE
  ✓ Emitted driver:status:changed for driver cmgt7lmpa000umxaro9mk6xmc
[Driver Activity Monitor] Processing driver cmgt7lmts0016mxar09d3mqpx (Driver3 City Cabs)
  - Last location update: Never
  - Active jobs: 0
  - Active shifts: 0
  - Current shift status: OFFLINE
  ✓ Emitted driver:status:changed for driver cmgt7lmts0016mxar09d3mqpx
[Driver Activity Monitor] Processing driver cmgt7lmqs000ymxarz2f1edxx (Driver1 City Cabs)
  - Last location update: 2025-10-28T08:22:06.421Z
  - Active jobs: 0
  - Active shifts: 0
  - Current shift status: OFFLINE
  ✓ Emitted driver:status:changed for driver cmgt7lmqs000ymxarz2f1edxx
[Driver Activity Monitor] Processing driver cmgt7lms90012mxare5ugbirp (Driver2 City Cabs)
  - Last location update: Never
  - Active jobs: 0
  - Active shifts: 0
  - Current shift status: OFFLINE
  ✓ Emitted driver:status:changed for driver cmgt7lms90012mxare5ugbirp
[Driver Activity Monitor] Processed 9 inactive drivers
[Cron - Driver Activity] Processed inactive drivers: {
  count: 9,
  drivers: [
    {
      id: 'cmgt7lmye001imxarbrwufab7',
      name: 'Driver3 Quick Ride',
      unassignedJobs: 0
    },
    {
      id: 'cmgt7lmww001emxarm6fiocom',
      name: 'Driver2 Quick Ride',
      unassignedJobs: 0
    },
    {
      id: 'cmgt7lmns000qmxarybo79dix',
      name: 'Driver2 Metro Taxi',
      unassignedJobs: 0
    },
    {
      id: 'cmgt7lmva001amxargvvis3qo',
      name: 'Driver1 Quick Ride',
      unassignedJobs: 0
    },
    {
      id: 'cmgt7lmm7000mmxarb23yrhm4',
      name: 'Driver1 Metro Taxi',
      unassignedJobs: 0
    },
    {
      id: 'cmgt7lmpa000umxaro9mk6xmc',
      name: 'Driver3 Metro Taxi',
      unassignedJobs: 0
    },
    {
      id: 'cmgt7lmts0016mxar09d3mqpx',
      name: 'Driver3 City Cabs',
      unassignedJobs: 0
    },
    {
      id: 'cmgt7lmqs000ymxarz2f1edxx',
      name: 'Driver1 City Cabs',
      unassignedJobs: 0
    },
    {
      id: 'cmgt7lms90012mxare5ugbirp',
      name: 'Driver2 City Cabs',
      unassignedJobs: 0
    }
  ]
}
[Driver Activity Monitor] Checking driver activity at 2025-10-28T08:38:00.010Z
[Driver Activity Monitor] Threshold: 2025-10-28T08:28:00.010Z
[Driver Activity Monitor] Found 9 total active drivers
[Driver Activity Monitor] Driver3 Quick Ride:
  - Location Update: Never
  - Status Update: 2025-10-18T09:55:35.663Z
  - Preferences Location: Never
  - User Updated: Sat Oct 18 2025 12:55:35 GMT+0300 (Arabian Standard Time)
  - Last Activity: 2025-10-18T09:55:35.665Z
  - Inactive: true
[Driver Activity Monitor] Driver2 Quick Ride:
  - Location Update: Never
  - Status Update: 2025-10-18T09:55:35.663Z
  - Preferences Location: Never
  - User Updated: Sat Oct 18 2025 12:55:35 GMT+0300 (Arabian Standard Time)
  - Last Activity: 2025-10-18T09:55:35.665Z
  - Inactive: true
[Driver Activity Monitor] Driver2 Metro Taxi:
  - Location Update: Never
  - Status Update: 2025-10-18T09:55:35.663Z
  - Preferences Location: Never
  - User Updated: Sat Oct 18 2025 12:55:35 GMT+0300 (Arabian Standard Time)
  - Last Activity: 2025-10-18T09:55:35.665Z
  - Inactive: true
[Driver Activity Monitor] Driver1 Quick Ride:
  - Location Update: Never
  - Status Update: 2025-10-18T09:55:35.663Z
  - Preferences Location: Never
  - User Updated: Sat Oct 18 2025 12:55:35 GMT+0300 (Arabian Standard Time)
  - Last Activity: 2025-10-18T09:55:35.665Z
  - Inactive: true
[Driver Activity Monitor] Driver1 Metro Taxi:
  - Location Update: Never
  - Status Update: 2025-10-18T09:55:35.663Z
  - Preferences Location: Never
  - User Updated: Sat Oct 18 2025 12:55:35 GMT+0300 (Arabian Standard Time)
  - Last Activity: 2025-10-18T09:55:35.665Z
  - Inactive: true
[Driver Activity Monitor] Driver3 Metro Taxi:
  - Location Update: Never
  - Status Update: 2025-10-18T09:55:35.663Z
  - Preferences Location: Never
  - User Updated: Sat Oct 18 2025 12:55:35 GMT+0300 (Arabian Standard Time)
  - Last Activity: 2025-10-18T09:55:35.665Z
  - Inactive: true
[Driver Activity Monitor] Driver3 City Cabs:
  - Location Update: Never
  - Status Update: 2025-10-22T11:00:39.313Z
  - Preferences Location: Never
  - User Updated: Fri Oct 24 2025 19:30:17 GMT+0300 (Arabian Standard Time)
  - Last Activity: 2025-10-24T16:30:17.836Z
  - Inactive: true
[Driver Activity Monitor] Driver1 City Cabs:
  - Location Update: 2025-10-28T08:22:06.421Z
  - Status Update: 2025-10-28T08:22:46.335Z
  - Preferences Location: Never
  - User Updated: Tue Oct 28 2025 11:22:46 GMT+0300 (Arabian Standard Time)
  - Last Activity: 2025-10-28T08:22:46.337Z
  - Inactive: true
[Driver Activity Monitor] Driver2 City Cabs:
  - Location Update: Never
  - Status Update: 2025-10-18T09:55:35.663Z
  - Preferences Location: Never
  - User Updated: Sat Oct 18 2025 12:55:35 GMT+0300 (Arabian Standard Time)
  - Last Activity: 2025-10-18T09:55:35.665Z
  - Inactive: true
[Driver Activity Monitor] Found 9 inactive drivers
[Driver Activity Monitor] Processing driver cmgt7lmye001imxarbrwufab7 (Driver3 Quick Ride)
  - Last location update: Never
  - Active jobs: 0
  - Active shifts: 0
  - Current shift status: OFFLINE
  ✓ Emitted driver:status:changed for driver cmgt7lmye001imxarbrwufab7
[Driver Activity Monitor] Processing driver cmgt7lmww001emxarm6fiocom (Driver2 Quick Ride)
  - Last location update: Never
  - Active jobs: 0
  - Active shifts: 0
  - Current shift status: OFFLINE
  ✓ Emitted driver:status:changed for driver cmgt7lmww001emxarm6fiocom
[Driver Activity Monitor] Processing driver cmgt7lmns000qmxarybo79dix (Driver2 Metro Taxi)
  - Last location update: Never
  - Active jobs: 0
  - Active shifts: 0
  - Current shift status: OFFLINE
  ✓ Emitted driver:status:changed for driver cmgt7lmns000qmxarybo79dix
[Driver Activity Monitor] Processing driver cmgt7lmva001amxargvvis3qo (Driver1 Quick Ride)
  - Last location update: Never
  - Active jobs: 0
  - Active shifts: 0
  - Current shift status: OFFLINE
  ✓ Emitted driver:status:changed for driver cmgt7lmva001amxargvvis3qo
[Driver Activity Monitor] Processing driver cmgt7lmm7000mmxarb23yrhm4 (Driver1 Metro Taxi)
  - Last location update: Never
  - Active jobs: 0
  - Active shifts: 0
  - Current shift status: OFFLINE
  ✓ Emitted driver:status:changed for driver cmgt7lmm7000mmxarb23yrhm4
[Driver Activity Monitor] Processing driver cmgt7lmpa000umxaro9mk6xmc (Driver3 Metro Taxi)
  - Last location update: Never
  - Active jobs: 0
  - Active shifts: 0
  - Current shift status: OFFLINE
  ✓ Emitted driver:status:changed for driver cmgt7lmpa000umxaro9mk6xmc
[Driver Activity Monitor] Processing driver cmgt7lmts0016mxar09d3mqpx (Driver3 City Cabs)
  - Last location update: Never
  - Active jobs: 0
  - Active shifts: 0
  - Current shift status: OFFLINE
  ✓ Emitted driver:status:changed for driver cmgt7lmts0016mxar09d3mqpx
[Driver Activity Monitor] Processing driver cmgt7lmqs000ymxarz2f1edxx (Driver1 City Cabs)
  - Last location update: 2025-10-28T08:22:06.421Z
  - Active jobs: 0
  - Active shifts: 0
  - Current shift status: OFFLINE
  ✓ Emitted driver:status:changed for driver cmgt7lmqs000ymxarz2f1edxx
[Driver Activity Monitor] Processing driver cmgt7lms90012mxare5ugbirp (Driver2 City Cabs)
  - Last location update: Never
  - Active jobs: 0
  - Active shifts: 0
  - Current shift status: OFFLINE
  ✓ Emitted driver:status:changed for driver cmgt7lms90012mxare5ugbirp
[Driver Activity Monitor] Processed 9 inactive drivers
[Cron - Driver Activity] Processed inactive drivers: {
  count: 9,
  drivers: [
    {
      id: 'cmgt7lmye001imxarbrwufab7',
      name: 'Driver3 Quick Ride',
      unassignedJobs: 0
    },
    {
      id: 'cmgt7lmww001emxarm6fiocom',
      name: 'Driver2 Quick Ride',
      unassignedJobs: 0
    },
    {
      id: 'cmgt7lmns000qmxarybo79dix',
      name: 'Driver2 Metro Taxi',
      unassignedJobs: 0
    },
    {
      id: 'cmgt7lmva001amxargvvis3qo',
      name: 'Driver1 Quick Ride',
      unassignedJobs: 0
    },
    {
      id: 'cmgt7lmm7000mmxarb23yrhm4',
      name: 'Driver1 Metro Taxi',
      unassignedJobs: 0
    },
    {
      id: 'cmgt7lmpa000umxaro9mk6xmc',
      name: 'Driver3 Metro Taxi',
      unassignedJobs: 0
    },
    {
      id: 'cmgt7lmts0016mxar09d3mqpx',
      name: 'Driver3 City Cabs',
      unassignedJobs: 0
    },
    {
      id: 'cmgt7lmqs000ymxarz2f1edxx',
      name: 'Driver1 City Cabs',
      unassignedJobs: 0
    },
    {
      id: 'cmgt7lms90012mxare5ugbirp',
      name: 'Driver2 City Cabs',
      unassignedJobs: 0
    }
  ]
}
[Driver Activity Monitor] Checking driver activity at 2025-10-28T08:39:00.008Z
[Driver Activity Monitor] Threshold: 2025-10-28T08:29:00.008Z
[Driver Activity Monitor] Found 9 total active drivers
[Driver Activity Monitor] Driver3 Quick Ride:
  - Location Update: Never
  - Status Update: 2025-10-18T09:55:35.663Z
  - Preferences Location: Never
  - User Updated: Sat Oct 18 2025 12:55:35 GMT+0300 (Arabian Standard Time)
  - Last Activity: 2025-10-18T09:55:35.665Z
  - Inactive: true
[Driver Activity Monitor] Driver2 Quick Ride:
  - Location Update: Never
  - Status Update: 2025-10-18T09:55:35.663Z
  - Preferences Location: Never
  - User Updated: Sat Oct 18 2025 12:55:35 GMT+0300 (Arabian Standard Time)
  - Last Activity: 2025-10-18T09:55:35.665Z
  - Inactive: true
[Driver Activity Monitor] Driver2 Metro Taxi:
  - Location Update: Never
  - Status Update: 2025-10-18T09:55:35.663Z
  - Preferences Location: Never
  - User Updated: Sat Oct 18 2025 12:55:35 GMT+0300 (Arabian Standard Time)
  - Last Activity: 2025-10-18T09:55:35.665Z
  - Inactive: true
[Driver Activity Monitor] Driver1 Quick Ride:
  - Location Update: Never
  - Status Update: 2025-10-18T09:55:35.663Z
  - Preferences Location: Never
  - User Updated: Sat Oct 18 2025 12:55:35 GMT+0300 (Arabian Standard Time)
  - Last Activity: 2025-10-18T09:55:35.665Z
  - Inactive: true
[Driver Activity Monitor] Driver1 Metro Taxi:
  - Location Update: Never
  - Status Update: 2025-10-18T09:55:35.663Z
  - Preferences Location: Never
  - User Updated: Sat Oct 18 2025 12:55:35 GMT+0300 (Arabian Standard Time)
  - Last Activity: 2025-10-18T09:55:35.665Z
  - Inactive: true
[Driver Activity Monitor] Driver3 Metro Taxi:
  - Location Update: Never
  - Status Update: 2025-10-18T09:55:35.663Z
  - Preferences Location: Never
  - User Updated: Sat Oct 18 2025 12:55:35 GMT+0300 (Arabian Standard Time)
  - Last Activity: 2025-10-18T09:55:35.665Z
  - Inactive: true
[Driver Activity Monitor] Driver3 City Cabs:
  - Location Update: Never
  - Status Update: 2025-10-22T11:00:39.313Z
  - Preferences Location: Never
  - User Updated: Fri Oct 24 2025 19:30:17 GMT+0300 (Arabian Standard Time)
  - Last Activity: 2025-10-24T16:30:17.836Z
  - Inactive: true
[Driver Activity Monitor] Driver1 City Cabs:
  - Location Update: 2025-10-28T08:22:06.421Z
  - Status Update: 2025-10-28T08:22:46.335Z
  - Preferences Location: Never
  - User Updated: Tue Oct 28 2025 11:22:46 GMT+0300 (Arabian Standard Time)
  - Last Activity: 2025-10-28T08:22:46.337Z
  - Inactive: true
[Driver Activity Monitor] Driver2 City Cabs:
  - Location Update: Never
  - Status Update: 2025-10-18T09:55:35.663Z
  - Preferences Location: Never
  - User Updated: Sat Oct 18 2025 12:55:35 GMT+0300 (Arabian Standard Time)
  - Last Activity: 2025-10-18T09:55:35.665Z
  - Inactive: true
[Driver Activity Monitor] Found 9 inactive drivers
[Driver Activity Monitor] Processing driver cmgt7lmye001imxarbrwufab7 (Driver3 Quick Ride)
  - Last location update: Never
  - Active jobs: 0
  - Active shifts: 0
  - Current shift status: OFFLINE
  ✓ Emitted driver:status:changed for driver cmgt7lmye001imxarbrwufab7
[Driver Activity Monitor] Processing driver cmgt7lmww001emxarm6fiocom (Driver2 Quick Ride)
  - Last location update: Never
  - Active jobs: 0
  - Active shifts: 0
  - Current shift status: OFFLINE
  ✓ Emitted driver:status:changed for driver cmgt7lmww001emxarm6fiocom
[Driver Activity Monitor] Processing driver cmgt7lmns000qmxarybo79dix (Driver2 Metro Taxi)
  - Last location update: Never
  - Active jobs: 0
  - Active shifts: 0
  - Current shift status: OFFLINE
  ✓ Emitted driver:status:changed for driver cmgt7lmns000qmxarybo79dix
[Driver Activity Monitor] Processing driver cmgt7lmva001amxargvvis3qo (Driver1 Quick Ride)
  - Last location update: Never
  - Active jobs: 0
  - Active shifts: 0
  - Current shift status: OFFLINE
  ✓ Emitted driver:status:changed for driver cmgt7lmva001amxargvvis3qo
[Driver Activity Monitor] Processing driver cmgt7lmm7000mmxarb23yrhm4 (Driver1 Metro Taxi)
  - Last location update: Never
  - Active jobs: 0
  - Active shifts: 0
  - Current shift status: OFFLINE
  ✓ Emitted driver:status:changed for driver cmgt7lmm7000mmxarb23yrhm4
[Driver Activity Monitor] Processing driver cmgt7lmpa000umxaro9mk6xmc (Driver3 Metro Taxi)
  - Last location update: Never
  - Active jobs: 0
  - Active shifts: 0
  - Current shift status: OFFLINE
  ✓ Emitted driver:status:changed for driver cmgt7lmpa000umxaro9mk6xmc
[Driver Activity Monitor] Processing driver cmgt7lmts0016mxar09d3mqpx (Driver3 City Cabs)
  - Last location update: Never
  - Active jobs: 0
  - Active shifts: 0
  - Current shift status: OFFLINE
  ✓ Emitted driver:status:changed for driver cmgt7lmts0016mxar09d3mqpx
[Driver Activity Monitor] Processing driver cmgt7lmqs000ymxarz2f1edxx (Driver1 City Cabs)
  - Last location update: 2025-10-28T08:22:06.421Z
  - Active jobs: 0
  - Active shifts: 0
  - Current shift status: OFFLINE
  ✓ Emitted driver:status:changed for driver cmgt7lmqs000ymxarz2f1edxx
[Driver Activity Monitor] Processing driver cmgt7lms90012mxare5ugbirp (Driver2 City Cabs)
  - Last location update: Never
  - Active jobs: 0
  - Active shifts: 0
  - Current shift status: OFFLINE
  ✓ Emitted driver:status:changed for driver cmgt7lms90012mxare5ugbirp
[Driver Activity Monitor] Processed 9 inactive drivers
[Cron - Driver Activity] Processed inactive drivers: {
  count: 9,
  drivers: [
    {
      id: 'cmgt7lmye001imxarbrwufab7',
      name: 'Driver3 Quick Ride',
      unassignedJobs: 0
    },
    {
      id: 'cmgt7lmww001emxarm6fiocom',
      name: 'Driver2 Quick Ride',
      unassignedJobs: 0
    },
    {
      id: 'cmgt7lmns000qmxarybo79dix',
      name: 'Driver2 Metro Taxi',
      unassignedJobs: 0
    },
    {
      id: 'cmgt7lmva001amxargvvis3qo',
      name: 'Driver1 Quick Ride',
      unassignedJobs: 0
    },
    {
      id: 'cmgt7lmm7000mmxarb23yrhm4',
      name: 'Driver1 Metro Taxi',
      unassignedJobs: 0
    },
    {
      id: 'cmgt7lmpa000umxaro9mk6xmc',
      name: 'Driver3 Metro Taxi',
      unassignedJobs: 0
    },
    {
      id: 'cmgt7lmts0016mxar09d3mqpx',
      name: 'Driver3 City Cabs',
      unassignedJobs: 0
    },
    {
      id: 'cmgt7lmqs000ymxarz2f1edxx',
      name: 'Driver1 City Cabs',
      unassignedJobs: 0
    },
    {
      id: 'cmgt7lms90012mxare5ugbirp',
      name: 'Driver2 City Cabs',
      unassignedJobs: 0
    }
  ]
}
[Driver Activity Monitor] Checking driver activity at 2025-10-28T08:40:00.009Z
[Driver Activity Monitor] Threshold: 2025-10-28T08:30:00.009Z
[Driver Activity Monitor] Found 9 total active drivers
[Driver Activity Monitor] Driver3 Quick Ride:
  - Location Update: Never
  - Status Update: 2025-10-18T09:55:35.663Z
  - Preferences Location: Never
  - User Updated: Sat Oct 18 2025 12:55:35 GMT+0300 (Arabian Standard Time)
  - Last Activity: 2025-10-18T09:55:35.665Z
  - Inactive: true
[Driver Activity Monitor] Driver2 Quick Ride:
  - Location Update: Never
  - Status Update: 2025-10-18T09:55:35.663Z
  - Preferences Location: Never
  - User Updated: Sat Oct 18 2025 12:55:35 GMT+0300 (Arabian Standard Time)
  - Last Activity: 2025-10-18T09:55:35.665Z
  - Inactive: true
[Driver Activity Monitor] Driver2 Metro Taxi:
  - Location Update: Never
  - Status Update: 2025-10-18T09:55:35.663Z
  - Preferences Location: Never
  - User Updated: Sat Oct 18 2025 12:55:35 GMT+0300 (Arabian Standard Time)
  - Last Activity: 2025-10-18T09:55:35.665Z
  - Inactive: true
[Driver Activity Monitor] Driver1 Quick Ride:
  - Location Update: Never
  - Status Update: 2025-10-18T09:55:35.663Z
  - Preferences Location: Never
  - User Updated: Sat Oct 18 2025 12:55:35 GMT+0300 (Arabian Standard Time)
  - Last Activity: 2025-10-18T09:55:35.665Z
  - Inactive: true
[Driver Activity Monitor] Driver1 Metro Taxi:
  - Location Update: Never
  - Status Update: 2025-10-18T09:55:35.663Z
  - Preferences Location: Never
  - User Updated: Sat Oct 18 2025 12:55:35 GMT+0300 (Arabian Standard Time)
  - Last Activity: 2025-10-18T09:55:35.665Z
  - Inactive: true
[Driver Activity Monitor] Driver3 Metro Taxi:
  - Location Update: Never
  - Status Update: 2025-10-18T09:55:35.663Z
  - Preferences Location: Never
  - User Updated: Sat Oct 18 2025 12:55:35 GMT+0300 (Arabian Standard Time)
  - Last Activity: 2025-10-18T09:55:35.665Z
  - Inactive: true
[Driver Activity Monitor] Driver3 City Cabs:
  - Location Update: Never
  - Status Update: 2025-10-22T11:00:39.313Z
  - Preferences Location: Never
  - User Updated: Fri Oct 24 2025 19:30:17 GMT+0300 (Arabian Standard Time)
  - Last Activity: 2025-10-24T16:30:17.836Z
  - Inactive: true
[Driver Activity Monitor] Driver1 City Cabs:
  - Location Update: 2025-10-28T08:22:06.421Z
  - Status Update: 2025-10-28T08:22:46.335Z
  - Preferences Location: Never
  - User Updated: Tue Oct 28 2025 11:22:46 GMT+0300 (Arabian Standard Time)
  - Last Activity: 2025-10-28T08:22:46.337Z
  - Inactive: true
[Driver Activity Monitor] Driver2 City Cabs:
  - Location Update: Never
  - Status Update: 2025-10-18T09:55:35.663Z
  - Preferences Location: Never
  - User Updated: Sat Oct 18 2025 12:55:35 GMT+0300 (Arabian Standard Time)
  - Last Activity: 2025-10-18T09:55:35.665Z
  - Inactive: true
[Driver Activity Monitor] Found 9 inactive drivers
[Driver Activity Monitor] Processing driver cmgt7lmye001imxarbrwufab7 (Driver3 Quick Ride)
  - Last location update: Never
  - Active jobs: 0
  - Active shifts: 0
  - Current shift status: OFFLINE
  ✓ Emitted driver:status:changed for driver cmgt7lmye001imxarbrwufab7
[Driver Activity Monitor] Processing driver cmgt7lmww001emxarm6fiocom (Driver2 Quick Ride)
  - Last location update: Never
  - Active jobs: 0
  - Active shifts: 0
  - Current shift status: OFFLINE
  ✓ Emitted driver:status:changed for driver cmgt7lmww001emxarm6fiocom
[Driver Activity Monitor] Processing driver cmgt7lmns000qmxarybo79dix (Driver2 Metro Taxi)
  - Last location update: Never
  - Active jobs: 0
  - Active shifts: 0
  - Current shift status: OFFLINE
  ✓ Emitted driver:status:changed for driver cmgt7lmns000qmxarybo79dix
[Driver Activity Monitor] Processing driver cmgt7lmva001amxargvvis3qo (Driver1 Quick Ride)
  - Last location update: Never
  - Active jobs: 0
  - Active shifts: 0
  - Current shift status: OFFLINE
  ✓ Emitted driver:status:changed for driver cmgt7lmva001amxargvvis3qo
[Driver Activity Monitor] Processing driver cmgt7lmm7000mmxarb23yrhm4 (Driver1 Metro Taxi)
  - Last location update: Never
  - Active jobs: 0
  - Active shifts: 0
  - Current shift status: OFFLINE
  ✓ Emitted driver:status:changed for driver cmgt7lmm7000mmxarb23yrhm4
[Driver Activity Monitor] Processing driver cmgt7lmpa000umxaro9mk6xmc (Driver3 Metro Taxi)
  - Last location update: Never
  - Active jobs: 0
  - Active shifts: 0
  - Current shift status: OFFLINE
  ✓ Emitted driver:status:changed for driver cmgt7lmpa000umxaro9mk6xmc
[Driver Activity Monitor] Processing driver cmgt7lmts0016mxar09d3mqpx (Driver3 City Cabs)
  - Last location update: Never
  - Active jobs: 0
  - Active shifts: 0
  - Current shift status: OFFLINE
  ✓ Emitted driver:status:changed for driver cmgt7lmts0016mxar09d3mqpx
[Driver Activity Monitor] Processing driver cmgt7lmqs000ymxarz2f1edxx (Driver1 City Cabs)
  - Last location update: 2025-10-28T08:22:06.421Z
  - Active jobs: 0
  - Active shifts: 0
  - Current shift status: OFFLINE
  ✓ Emitted driver:status:changed for driver cmgt7lmqs000ymxarz2f1edxx
[Driver Activity Monitor] Processing driver cmgt7lms90012mxare5ugbirp (Driver2 City Cabs)
  - Last location update: Never
  - Active jobs: 0
  - Active shifts: 0
  - Current shift status: OFFLINE
  ✓ Emitted driver:status:changed for driver cmgt7lms90012mxare5ugbirp
[Driver Activity Monitor] Processed 9 inactive drivers
[Cron - Driver Activity] Processed inactive drivers: {
  count: 9,
  drivers: [
    {
      id: 'cmgt7lmye001imxarbrwufab7',
      name: 'Driver3 Quick Ride',
      unassignedJobs: 0
    },
    {
      id: 'cmgt7lmww001emxarm6fiocom',
      name: 'Driver2 Quick Ride',
      unassignedJobs: 0
    },
    {
      id: 'cmgt7lmns000qmxarybo79dix',
      name: 'Driver2 Metro Taxi',
      unassignedJobs: 0
    },
    {
      id: 'cmgt7lmva001amxargvvis3qo',
      name: 'Driver1 Quick Ride',
      unassignedJobs: 0
    },
    {
      id: 'cmgt7lmm7000mmxarb23yrhm4',
      name: 'Driver1 Metro Taxi',
      unassignedJobs: 0
    },
    {
      id: 'cmgt7lmpa000umxaro9mk6xmc',
      name: 'Driver3 Metro Taxi',
      unassignedJobs: 0
    },
    {
      id: 'cmgt7lmts0016mxar09d3mqpx',
      name: 'Driver3 City Cabs',
      unassignedJobs: 0
    },
    {
      id: 'cmgt7lmqs000ymxarz2f1edxx',
      name: 'Driver1 City Cabs',
      unassignedJobs: 0
    },
    {
      id: 'cmgt7lms90012mxare5ugbirp',
      name: 'Driver2 City Cabs',
      unassignedJobs: 0
    }
  ]
}
[Driver Activity Monitor] Checking driver activity at 2025-10-28T08:41:00.024Z
[Driver Activity Monitor] Threshold: 2025-10-28T08:31:00.024Z
[Driver Activity Monitor] Found 9 total active drivers
[Driver Activity Monitor] Driver3 Quick Ride:
  - Location Update: Never
  - Status Update: 2025-10-18T09:55:35.663Z
  - Preferences Location: Never
  - User Updated: Sat Oct 18 2025 12:55:35 GMT+0300 (Arabian Standard Time)
  - Last Activity: 2025-10-18T09:55:35.665Z
  - Inactive: true
[Driver Activity Monitor] Driver2 Quick Ride:
  - Location Update: Never
  - Status Update: 2025-10-18T09:55:35.663Z
  - Preferences Location: Never
  - User Updated: Sat Oct 18 2025 12:55:35 GMT+0300 (Arabian Standard Time)
  - Last Activity: 2025-10-18T09:55:35.665Z
  - Inactive: true
[Driver Activity Monitor] Driver2 Metro Taxi:
  - Location Update: Never
  - Status Update: 2025-10-18T09:55:35.663Z
  - Preferences Location: Never
  - User Updated: Sat Oct 18 2025 12:55:35 GMT+0300 (Arabian Standard Time)
  - Last Activity: 2025-10-18T09:55:35.665Z
  - Inactive: true
[Driver Activity Monitor] Driver1 Quick Ride:
  - Location Update: Never
  - Status Update: 2025-10-18T09:55:35.663Z
  - Preferences Location: Never
  - User Updated: Sat Oct 18 2025 12:55:35 GMT+0300 (Arabian Standard Time)
  - Last Activity: 2025-10-18T09:55:35.665Z
  - Inactive: true
[Driver Activity Monitor] Driver1 Metro Taxi:
  - Location Update: Never
  - Status Update: 2025-10-18T09:55:35.663Z
  - Preferences Location: Never
  - User Updated: Sat Oct 18 2025 12:55:35 GMT+0300 (Arabian Standard Time)
  - Last Activity: 2025-10-18T09:55:35.665Z
  - Inactive: true
[Driver Activity Monitor] Driver3 Metro Taxi:
  - Location Update: Never
  - Status Update: 2025-10-18T09:55:35.663Z
  - Preferences Location: Never
  - User Updated: Sat Oct 18 2025 12:55:35 GMT+0300 (Arabian Standard Time)
  - Last Activity: 2025-10-18T09:55:35.665Z
  - Inactive: true
[Driver Activity Monitor] Driver3 City Cabs:
  - Location Update: Never
  - Status Update: 2025-10-22T11:00:39.313Z
  - Preferences Location: Never
  - User Updated: Fri Oct 24 2025 19:30:17 GMT+0300 (Arabian Standard Time)
  - Last Activity: 2025-10-24T16:30:17.836Z
  - Inactive: true
[Driver Activity Monitor] Driver1 City Cabs:
  - Location Update: 2025-10-28T08:22:06.421Z
  - Status Update: 2025-10-28T08:22:46.335Z
  - Preferences Location: Never
  - User Updated: Tue Oct 28 2025 11:22:46 GMT+0300 (Arabian Standard Time)
  - Last Activity: 2025-10-28T08:22:46.337Z
  - Inactive: true
[Driver Activity Monitor] Driver2 City Cabs:
  - Location Update: Never
  - Status Update: 2025-10-18T09:55:35.663Z
  - Preferences Location: Never
  - User Updated: Sat Oct 18 2025 12:55:35 GMT+0300 (Arabian Standard Time)
  - Last Activity: 2025-10-18T09:55:35.665Z
  - Inactive: true
[Driver Activity Monitor] Found 9 inactive drivers
[Driver Activity Monitor] Processing driver cmgt7lmye001imxarbrwufab7 (Driver3 Quick Ride)
  - Last location update: Never
  - Active jobs: 0
  - Active shifts: 0
  - Current shift status: OFFLINE
  ✓ Emitted driver:status:changed for driver cmgt7lmye001imxarbrwufab7
[Driver Activity Monitor] Processing driver cmgt7lmww001emxarm6fiocom (Driver2 Quick Ride)
  - Last location update: Never
  - Active jobs: 0
  - Active shifts: 0
  - Current shift status: OFFLINE
  ✓ Emitted driver:status:changed for driver cmgt7lmww001emxarm6fiocom
[Driver Activity Monitor] Processing driver cmgt7lmns000qmxarybo79dix (Driver2 Metro Taxi)
  - Last location update: Never
  - Active jobs: 0
  - Active shifts: 0
  - Current shift status: OFFLINE
  ✓ Emitted driver:status:changed for driver cmgt7lmns000qmxarybo79dix
[Driver Activity Monitor] Processing driver cmgt7lmva001amxargvvis3qo (Driver1 Quick Ride)
  - Last location update: Never
  - Active jobs: 0
  - Active shifts: 0
  - Current shift status: OFFLINE
  ✓ Emitted driver:status:changed for driver cmgt7lmva001amxargvvis3qo
[Driver Activity Monitor] Processing driver cmgt7lmm7000mmxarb23yrhm4 (Driver1 Metro Taxi)
  - Last location update: Never
  - Active jobs: 0
  - Active shifts: 0
  - Current shift status: OFFLINE
  ✓ Emitted driver:status:changed for driver cmgt7lmm7000mmxarb23yrhm4
[Driver Activity Monitor] Processing driver cmgt7lmpa000umxaro9mk6xmc (Driver3 Metro Taxi)
  - Last location update: Never
  - Active jobs: 0
  - Active shifts: 0
  - Current shift status: OFFLINE
  ✓ Emitted driver:status:changed for driver cmgt7lmpa000umxaro9mk6xmc
[Driver Activity Monitor] Processing driver cmgt7lmts0016mxar09d3mqpx (Driver3 City Cabs)
  - Last location update: Never
  - Active jobs: 0
  - Active shifts: 0
  - Current shift status: OFFLINE
  ✓ Emitted driver:status:changed for driver cmgt7lmts0016mxar09d3mqpx
[Driver Activity Monitor] Processing driver cmgt7lmqs000ymxarz2f1edxx (Driver1 City Cabs)
  - Last location update: 2025-10-28T08:22:06.421Z
  - Active jobs: 0
  - Active shifts: 0
  - Current shift status: OFFLINE
  ✓ Emitted driver:status:changed for driver cmgt7lmqs000ymxarz2f1edxx
[Driver Activity Monitor] Processing driver cmgt7lms90012mxare5ugbirp (Driver2 City Cabs)
  - Last location update: Never
  - Active jobs: 0
  - Active shifts: 0
  - Current shift status: OFFLINE
  ✓ Emitted driver:status:changed for driver cmgt7lms90012mxare5ugbirp
[Driver Activity Monitor] Processed 9 inactive drivers
[Cron - Driver Activity] Processed inactive drivers: {
  count: 9,
  drivers: [
    {
      id: 'cmgt7lmye001imxarbrwufab7',
      name: 'Driver3 Quick Ride',
      unassignedJobs: 0
    },
    {
      id: 'cmgt7lmww001emxarm6fiocom',
      name: 'Driver2 Quick Ride',
      unassignedJobs: 0
    },
    {
      id: 'cmgt7lmns000qmxarybo79dix',
      name: 'Driver2 Metro Taxi',
      unassignedJobs: 0
    },
    {
      id: 'cmgt7lmva001amxargvvis3qo',
      name: 'Driver1 Quick Ride',
      unassignedJobs: 0
    },
    {
      id: 'cmgt7lmm7000mmxarb23yrhm4',
      name: 'Driver1 Metro Taxi',
      unassignedJobs: 0
    },
    {
      id: 'cmgt7lmpa000umxaro9mk6xmc',
      name: 'Driver3 Metro Taxi',
      unassignedJobs: 0
    },
    {
      id: 'cmgt7lmts0016mxar09d3mqpx',
      name: 'Driver3 City Cabs',
      unassignedJobs: 0
    },
    {
      id: 'cmgt7lmqs000ymxarz2f1edxx',
      name: 'Driver1 City Cabs',
      unassignedJobs: 0
    },
    {
      id: 'cmgt7lms90012mxare5ugbirp',
      name: 'Driver2 City Cabs',
      unassignedJobs: 0
    }
  ]
}
[Driver Activity Monitor] Checking driver activity at 2025-10-28T08:42:00.011Z
[Driver Activity Monitor] Threshold: 2025-10-28T08:32:00.011Z
[Driver Activity Monitor] Found 9 total active drivers
[Driver Activity Monitor] Driver3 Quick Ride:
  - Location Update: Never
  - Status Update: 2025-10-18T09:55:35.663Z
  - Preferences Location: Never
  - User Updated: Sat Oct 18 2025 12:55:35 GMT+0300 (Arabian Standard Time)
  - Last Activity: 2025-10-18T09:55:35.665Z
  - Inactive: true
[Driver Activity Monitor] Driver2 Quick Ride:
  - Location Update: Never
  - Status Update: 2025-10-18T09:55:35.663Z
  - Preferences Location: Never
  - User Updated: Sat Oct 18 2025 12:55:35 GMT+0300 (Arabian Standard Time)
  - Last Activity: 2025-10-18T09:55:35.665Z
  - Inactive: true
[Driver Activity Monitor] Driver2 Metro Taxi:
  - Location Update: Never
  - Status Update: 2025-10-18T09:55:35.663Z
  - Preferences Location: Never
  - User Updated: Sat Oct 18 2025 12:55:35 GMT+0300 (Arabian Standard Time)
  - Last Activity: 2025-10-18T09:55:35.665Z
  - Inactive: true
[Driver Activity Monitor] Driver1 Quick Ride:
  - Location Update: Never
  - Status Update: 2025-10-18T09:55:35.663Z
  - Preferences Location: Never
  - User Updated: Sat Oct 18 2025 12:55:35 GMT+0300 (Arabian Standard Time)
  - Last Activity: 2025-10-18T09:55:35.665Z
  - Inactive: true
[Driver Activity Monitor] Driver1 Metro Taxi:
  - Location Update: Never
  - Status Update: 2025-10-18T09:55:35.663Z
  - Preferences Location: Never
  - User Updated: Sat Oct 18 2025 12:55:35 GMT+0300 (Arabian Standard Time)
  - Last Activity: 2025-10-18T09:55:35.665Z
  - Inactive: true
[Driver Activity Monitor] Driver3 Metro Taxi:
  - Location Update: Never
  - Status Update: 2025-10-18T09:55:35.663Z
  - Preferences Location: Never
  - User Updated: Sat Oct 18 2025 12:55:35 GMT+0300 (Arabian Standard Time)
  - Last Activity: 2025-10-18T09:55:35.665Z
  - Inactive: true
[Driver Activity Monitor] Driver3 City Cabs:
  - Location Update: Never
  - Status Update: 2025-10-22T11:00:39.313Z
  - Preferences Location: Never
  - User Updated: Fri Oct 24 2025 19:30:17 GMT+0300 (Arabian Standard Time)
  - Last Activity: 2025-10-24T16:30:17.836Z
  - Inactive: true
[Driver Activity Monitor] Driver1 City Cabs:
  - Location Update: 2025-10-28T08:22:06.421Z
  - Status Update: 2025-10-28T08:22:46.335Z
  - Preferences Location: Never
  - User Updated: Tue Oct 28 2025 11:22:46 GMT+0300 (Arabian Standard Time)
  - Last Activity: 2025-10-28T08:22:46.337Z
  - Inactive: true
[Driver Activity Monitor] Driver2 City Cabs:
  - Location Update: Never
  - Status Update: 2025-10-18T09:55:35.663Z
  - Preferences Location: Never
  - User Updated: Sat Oct 18 2025 12:55:35 GMT+0300 (Arabian Standard Time)
  - Last Activity: 2025-10-18T09:55:35.665Z
  - Inactive: true
[Driver Activity Monitor] Found 9 inactive drivers
[Driver Activity Monitor] Processing driver cmgt7lmye001imxarbrwufab7 (Driver3 Quick Ride)
  - Last location update: Never
  - Active jobs: 0
  - Active shifts: 0
  - Current shift status: OFFLINE
  ✓ Emitted driver:status:changed for driver cmgt7lmye001imxarbrwufab7
[Driver Activity Monitor] Processing driver cmgt7lmww001emxarm6fiocom (Driver2 Quick Ride)
  - Last location update: Never
  - Active jobs: 0
  - Active shifts: 0
  - Current shift status: OFFLINE
  ✓ Emitted driver:status:changed for driver cmgt7lmww001emxarm6fiocom
[Driver Activity Monitor] Processing driver cmgt7lmns000qmxarybo79dix (Driver2 Metro Taxi)
  - Last location update: Never
  - Active jobs: 0
  - Active shifts: 0
  - Current shift status: OFFLINE
  ✓ Emitted driver:status:changed for driver cmgt7lmns000qmxarybo79dix
[Driver Activity Monitor] Processing driver cmgt7lmva001amxargvvis3qo (Driver1 Quick Ride)
  - Last location update: Never
  - Active jobs: 0
  - Active shifts: 0
  - Current shift status: OFFLINE
  ✓ Emitted driver:status:changed for driver cmgt7lmva001amxargvvis3qo
[Driver Activity Monitor] Processing driver cmgt7lmm7000mmxarb23yrhm4 (Driver1 Metro Taxi)
  - Last location update: Never
  - Active jobs: 0
  - Active shifts: 0
  - Current shift status: OFFLINE
  ✓ Emitted driver:status:changed for driver cmgt7lmm7000mmxarb23yrhm4
[Driver Activity Monitor] Processing driver cmgt7lmpa000umxaro9mk6xmc (Driver3 Metro Taxi)
  - Last location update: Never
  - Active jobs: 0
  - Active shifts: 0
  - Current shift status: OFFLINE
  ✓ Emitted driver:status:changed for driver cmgt7lmpa000umxaro9mk6xmc
[Driver Activity Monitor] Processing driver cmgt7lmts0016mxar09d3mqpx (Driver3 City Cabs)
  - Last location update: Never
  - Active jobs: 0
  - Active shifts: 0
  - Current shift status: OFFLINE
  ✓ Emitted driver:status:changed for driver cmgt7lmts0016mxar09d3mqpx
[Driver Activity Monitor] Processing driver cmgt7lmqs000ymxarz2f1edxx (Driver1 City Cabs)
  - Last location update: 2025-10-28T08:22:06.421Z
  - Active jobs: 0
  - Active shifts: 0
  - Current shift status: OFFLINE
  ✓ Emitted driver:status:changed for driver cmgt7lmqs000ymxarz2f1edxx
[Driver Activity Monitor] Processing driver cmgt7lms90012mxare5ugbirp (Driver2 City Cabs)
  - Last location update: Never
  - Active jobs: 0
  - Active shifts: 0
  - Current shift status: OFFLINE
  ✓ Emitted driver:status:changed for driver cmgt7lms90012mxare5ugbirp
[Driver Activity Monitor] Processed 9 inactive drivers
[Cron - Driver Activity] Processed inactive drivers: {
  count: 9,
  drivers: [
    {
      id: 'cmgt7lmye001imxarbrwufab7',
      name: 'Driver3 Quick Ride',
      unassignedJobs: 0
    },
    {
      id: 'cmgt7lmww001emxarm6fiocom',
      name: 'Driver2 Quick Ride',
      unassignedJobs: 0
    },
    {
      id: 'cmgt7lmns000qmxarybo79dix',
      name: 'Driver2 Metro Taxi',
      unassignedJobs: 0
    },
    {
      id: 'cmgt7lmva001amxargvvis3qo',
      name: 'Driver1 Quick Ride',
      unassignedJobs: 0
    },
    {
      id: 'cmgt7lmm7000mmxarb23yrhm4',
      name: 'Driver1 Metro Taxi',
      unassignedJobs: 0
    },
    {
      id: 'cmgt7lmpa000umxaro9mk6xmc',
      name: 'Driver3 Metro Taxi',
      unassignedJobs: 0
    },
    {
      id: 'cmgt7lmts0016mxar09d3mqpx',
      name: 'Driver3 City Cabs',
      unassignedJobs: 0
    },
    {
      id: 'cmgt7lmqs000ymxarz2f1edxx',
      name: 'Driver1 City Cabs',
      unassignedJobs: 0
    },
    {
      id: 'cmgt7lms90012mxare5ugbirp',
      name: 'Driver2 City Cabs',
      unassignedJobs: 0
    }
  ]
}
[Driver Activity Monitor] Checking driver activity at 2025-10-28T08:43:00.007Z
[Driver Activity Monitor] Threshold: 2025-10-28T08:33:00.007Z
[Driver Activity Monitor] Found 9 total active drivers
[Driver Activity Monitor] Driver3 Quick Ride:
  - Location Update: Never
  - Status Update: 2025-10-18T09:55:35.663Z
  - Preferences Location: Never
  - User Updated: Sat Oct 18 2025 12:55:35 GMT+0300 (Arabian Standard Time)
  - Last Activity: 2025-10-18T09:55:35.665Z
  - Inactive: true
[Driver Activity Monitor] Driver2 Quick Ride:
  - Location Update: Never
  - Status Update: 2025-10-18T09:55:35.663Z
  - Preferences Location: Never
  - User Updated: Sat Oct 18 2025 12:55:35 GMT+0300 (Arabian Standard Time)
  - Last Activity: 2025-10-18T09:55:35.665Z
  - Inactive: true
[Driver Activity Monitor] Driver2 Metro Taxi:
  - Location Update: Never
  - Status Update: 2025-10-18T09:55:35.663Z
  - Preferences Location: Never
  - User Updated: Sat Oct 18 2025 12:55:35 GMT+0300 (Arabian Standard Time)
  - Last Activity: 2025-10-18T09:55:35.665Z
  - Inactive: true
[Driver Activity Monitor] Driver1 Quick Ride:
  - Location Update: Never
  - Status Update: 2025-10-18T09:55:35.663Z
  - Preferences Location: Never
  - User Updated: Sat Oct 18 2025 12:55:35 GMT+0300 (Arabian Standard Time)
  - Last Activity: 2025-10-18T09:55:35.665Z
  - Inactive: true
[Driver Activity Monitor] Driver1 Metro Taxi:
  - Location Update: Never
  - Status Update: 2025-10-18T09:55:35.663Z
  - Preferences Location: Never
  - User Updated: Sat Oct 18 2025 12:55:35 GMT+0300 (Arabian Standard Time)
  - Last Activity: 2025-10-18T09:55:35.665Z
  - Inactive: true
[Driver Activity Monitor] Driver3 Metro Taxi:
  - Location Update: Never
  - Status Update: 2025-10-18T09:55:35.663Z
  - Preferences Location: Never
  - User Updated: Sat Oct 18 2025 12:55:35 GMT+0300 (Arabian Standard Time)
  - Last Activity: 2025-10-18T09:55:35.665Z
  - Inactive: true
[Driver Activity Monitor] Driver3 City Cabs:
  - Location Update: Never
  - Status Update: 2025-10-22T11:00:39.313Z
  - Preferences Location: Never
  - User Updated: Fri Oct 24 2025 19:30:17 GMT+0300 (Arabian Standard Time)
  - Last Activity: 2025-10-24T16:30:17.836Z
  - Inactive: true
[Driver Activity Monitor] Driver1 City Cabs:
  - Location Update: 2025-10-28T08:22:06.421Z
  - Status Update: 2025-10-28T08:22:46.335Z
  - Preferences Location: Never
  - User Updated: Tue Oct 28 2025 11:22:46 GMT+0300 (Arabian Standard Time)
  - Last Activity: 2025-10-28T08:22:46.337Z
  - Inactive: true
[Driver Activity Monitor] Driver2 City Cabs:
  - Location Update: Never
  - Status Update: 2025-10-18T09:55:35.663Z
  - Preferences Location: Never
  - User Updated: Sat Oct 18 2025 12:55:35 GMT+0300 (Arabian Standard Time)
  - Last Activity: 2025-10-18T09:55:35.665Z
  - Inactive: true
[Driver Activity Monitor] Found 9 inactive drivers
[Driver Activity Monitor] Processing driver cmgt7lmye001imxarbrwufab7 (Driver3 Quick Ride)
  - Last location update: Never
  - Active jobs: 0
  - Active shifts: 0
  - Current shift status: OFFLINE
  ✓ Emitted driver:status:changed for driver cmgt7lmye001imxarbrwufab7
[Driver Activity Monitor] Processing driver cmgt7lmww001emxarm6fiocom (Driver2 Quick Ride)
  - Last location update: Never
  - Active jobs: 0
  - Active shifts: 0
  - Current shift status: OFFLINE
  ✓ Emitted driver:status:changed for driver cmgt7lmww001emxarm6fiocom
[Driver Activity Monitor] Processing driver cmgt7lmns000qmxarybo79dix (Driver2 Metro Taxi)
  - Last location update: Never
  - Active jobs: 0
  - Active shifts: 0
  - Current shift status: OFFLINE
  ✓ Emitted driver:status:changed for driver cmgt7lmns000qmxarybo79dix
[Driver Activity Monitor] Processing driver cmgt7lmva001amxargvvis3qo (Driver1 Quick Ride)
  - Last location update: Never
  - Active jobs: 0
  - Active shifts: 0
  - Current shift status: OFFLINE
  ✓ Emitted driver:status:changed for driver cmgt7lmva001amxargvvis3qo
[Driver Activity Monitor] Processing driver cmgt7lmm7000mmxarb23yrhm4 (Driver1 Metro Taxi)
  - Last location update: Never
  - Active jobs: 0
  - Active shifts: 0
  - Current shift status: OFFLINE
  ✓ Emitted driver:status:changed for driver cmgt7lmm7000mmxarb23yrhm4
[Driver Activity Monitor] Processing driver cmgt7lmpa000umxaro9mk6xmc (Driver3 Metro Taxi)
  - Last location update: Never
  - Active jobs: 0
  - Active shifts: 0
  - Current shift status: OFFLINE
  ✓ Emitted driver:status:changed for driver cmgt7lmpa000umxaro9mk6xmc
[Driver Activity Monitor] Processing driver cmgt7lmts0016mxar09d3mqpx (Driver3 City Cabs)
  - Last location update: Never
  - Active jobs: 0
  - Active shifts: 0
  - Current shift status: OFFLINE
  ✓ Emitted driver:status:changed for driver cmgt7lmts0016mxar09d3mqpx
[Driver Activity Monitor] Processing driver cmgt7lmqs000ymxarz2f1edxx (Driver1 City Cabs)
  - Last location update: 2025-10-28T08:22:06.421Z
  - Active jobs: 0
  - Active shifts: 0
  - Current shift status: OFFLINE
  ✓ Emitted driver:status:changed for driver cmgt7lmqs000ymxarz2f1edxx
[Driver Activity Monitor] Processing driver cmgt7lms90012mxare5ugbirp (Driver2 City Cabs)
  - Last location update: Never
  - Active jobs: 0
  - Active shifts: 0
  - Current shift status: OFFLINE
  ✓ Emitted driver:status:changed for driver cmgt7lms90012mxare5ugbirp
[Driver Activity Monitor] Processed 9 inactive drivers
[Cron - Driver Activity] Processed inactive drivers: {
  count: 9,
  drivers: [
    {
      id: 'cmgt7lmye001imxarbrwufab7',
      name: 'Driver3 Quick Ride',
      unassignedJobs: 0
    },
    {
      id: 'cmgt7lmww001emxarm6fiocom',
      name: 'Driver2 Quick Ride',
      unassignedJobs: 0
    },
    {
      id: 'cmgt7lmns000qmxarybo79dix',
      name: 'Driver2 Metro Taxi',
      unassignedJobs: 0
    },
    {
      id: 'cmgt7lmva001amxargvvis3qo',
      name: 'Driver1 Quick Ride',
      unassignedJobs: 0
    },
    {
      id: 'cmgt7lmm7000mmxarb23yrhm4',
      name: 'Driver1 Metro Taxi',
      unassignedJobs: 0
    },
    {
      id: 'cmgt7lmpa000umxaro9mk6xmc',
      name: 'Driver3 Metro Taxi',
      unassignedJobs: 0
    },
    {
      id: 'cmgt7lmts0016mxar09d3mqpx',
      name: 'Driver3 City Cabs',
      unassignedJobs: 0
    },
    {
      id: 'cmgt7lmqs000ymxarz2f1edxx',
      name: 'Driver1 City Cabs',
      unassignedJobs: 0
    },
    {
      id: 'cmgt7lms90012mxare5ugbirp',
      name: 'Driver2 City Cabs',
      unassignedJobs: 0
    }
  ]
}
[Driver Activity Monitor] Checking driver activity at 2025-10-28T08:44:00.007Z
[Driver Activity Monitor] Threshold: 2025-10-28T08:34:00.007Z
[Driver Activity Monitor] Found 9 total active drivers
[Driver Activity Monitor] Driver3 Quick Ride:
  - Location Update: Never
  - Status Update: 2025-10-18T09:55:35.663Z
  - Preferences Location: Never
  - User Updated: Sat Oct 18 2025 12:55:35 GMT+0300 (Arabian Standard Time)
  - Last Activity: 2025-10-18T09:55:35.665Z
  - Inactive: true
[Driver Activity Monitor] Driver2 Quick Ride:
  - Location Update: Never
  - Status Update: 2025-10-18T09:55:35.663Z
  - Preferences Location: Never
  - User Updated: Sat Oct 18 2025 12:55:35 GMT+0300 (Arabian Standard Time)
  - Last Activity: 2025-10-18T09:55:35.665Z
  - Inactive: true
[Driver Activity Monitor] Driver2 Metro Taxi:
  - Location Update: Never
  - Status Update: 2025-10-18T09:55:35.663Z
  - Preferences Location: Never
  - User Updated: Sat Oct 18 2025 12:55:35 GMT+0300 (Arabian Standard Time)
  - Last Activity: 2025-10-18T09:55:35.665Z
  - Inactive: true
[Driver Activity Monitor] Driver1 Quick Ride:
  - Location Update: Never
  - Status Update: 2025-10-18T09:55:35.663Z
  - Preferences Location: Never
  - User Updated: Sat Oct 18 2025 12:55:35 GMT+0300 (Arabian Standard Time)
  - Last Activity: 2025-10-18T09:55:35.665Z
  - Inactive: true
[Driver Activity Monitor] Driver1 Metro Taxi:
  - Location Update: Never
  - Status Update: 2025-10-18T09:55:35.663Z
  - Preferences Location: Never
  - User Updated: Sat Oct 18 2025 12:55:35 GMT+0300 (Arabian Standard Time)
  - Last Activity: 2025-10-18T09:55:35.665Z
  - Inactive: true
[Driver Activity Monitor] Driver3 Metro Taxi:
  - Location Update: Never
  - Status Update: 2025-10-18T09:55:35.663Z
  - Preferences Location: Never
  - User Updated: Sat Oct 18 2025 12:55:35 GMT+0300 (Arabian Standard Time)
  - Last Activity: 2025-10-18T09:55:35.665Z
  - Inactive: true
[Driver Activity Monitor] Driver3 City Cabs:
  - Location Update: Never
  - Status Update: 2025-10-22T11:00:39.313Z
  - Preferences Location: Never
  - User Updated: Fri Oct 24 2025 19:30:17 GMT+0300 (Arabian Standard Time)
  - Last Activity: 2025-10-24T16:30:17.836Z
  - Inactive: true
[Driver Activity Monitor] Driver1 City Cabs:
  - Location Update: 2025-10-28T08:22:06.421Z
  - Status Update: 2025-10-28T08:22:46.335Z
  - Preferences Location: Never
  - User Updated: Tue Oct 28 2025 11:22:46 GMT+0300 (Arabian Standard Time)
  - Last Activity: 2025-10-28T08:22:46.337Z
  - Inactive: true
[Driver Activity Monitor] Driver2 City Cabs:
  - Location Update: Never
  - Status Update: 2025-10-18T09:55:35.663Z
  - Preferences Location: Never
  - User Updated: Sat Oct 18 2025 12:55:35 GMT+0300 (Arabian Standard Time)
  - Last Activity: 2025-10-18T09:55:35.665Z
  - Inactive: true
[Driver Activity Monitor] Found 9 inactive drivers
[Driver Activity Monitor] Processing driver cmgt7lmye001imxarbrwufab7 (Driver3 Quick Ride)
  - Last location update: Never
  - Active jobs: 0
  - Active shifts: 0
  - Current shift status: OFFLINE
  ✓ Emitted driver:status:changed for driver cmgt7lmye001imxarbrwufab7
[Driver Activity Monitor] Processing driver cmgt7lmww001emxarm6fiocom (Driver2 Quick Ride)
  - Last location update: Never
  - Active jobs: 0
  - Active shifts: 0
  - Current shift status: OFFLINE
  ✓ Emitted driver:status:changed for driver cmgt7lmww001emxarm6fiocom
[Driver Activity Monitor] Processing driver cmgt7lmns000qmxarybo79dix (Driver2 Metro Taxi)
  - Last location update: Never
  - Active jobs: 0
  - Active shifts: 0
  - Current shift status: OFFLINE
  ✓ Emitted driver:status:changed for driver cmgt7lmns000qmxarybo79dix
[Driver Activity Monitor] Processing driver cmgt7lmva001amxargvvis3qo (Driver1 Quick Ride)
  - Last location update: Never
  - Active jobs: 0
  - Active shifts: 0
  - Current shift status: OFFLINE
  ✓ Emitted driver:status:changed for driver cmgt7lmva001amxargvvis3qo
[Driver Activity Monitor] Processing driver cmgt7lmm7000mmxarb23yrhm4 (Driver1 Metro Taxi)
  - Last location update: Never
  - Active jobs: 0
  - Active shifts: 0
  - Current shift status: OFFLINE
  ✓ Emitted driver:status:changed for driver cmgt7lmm7000mmxarb23yrhm4
[Driver Activity Monitor] Processing driver cmgt7lmpa000umxaro9mk6xmc (Driver3 Metro Taxi)
  - Last location update: Never
  - Active jobs: 0
  - Active shifts: 0
  - Current shift status: OFFLINE
  ✓ Emitted driver:status:changed for driver cmgt7lmpa000umxaro9mk6xmc
[Driver Activity Monitor] Processing driver cmgt7lmts0016mxar09d3mqpx (Driver3 City Cabs)
  - Last location update: Never
  - Active jobs: 0
  - Active shifts: 0
  - Current shift status: OFFLINE
  ✓ Emitted driver:status:changed for driver cmgt7lmts0016mxar09d3mqpx
[Driver Activity Monitor] Processing driver cmgt7lmqs000ymxarz2f1edxx (Driver1 City Cabs)
  - Last location update: 2025-10-28T08:22:06.421Z
  - Active jobs: 0
  - Active shifts: 0
  - Current shift status: OFFLINE
  ✓ Emitted driver:status:changed for driver cmgt7lmqs000ymxarz2f1edxx
[Driver Activity Monitor] Processing driver cmgt7lms90012mxare5ugbirp (Driver2 City Cabs)
  - Last location update: Never
  - Active jobs: 0
  - Active shifts: 0
  - Current shift status: OFFLINE
  ✓ Emitted driver:status:changed for driver cmgt7lms90012mxare5ugbirp
[Driver Activity Monitor] Processed 9 inactive drivers
[Cron - Driver Activity] Processed inactive drivers: {
  count: 9,
  drivers: [
    {
      id: 'cmgt7lmye001imxarbrwufab7',
      name: 'Driver3 Quick Ride',
      unassignedJobs: 0
    },
    {
      id: 'cmgt7lmww001emxarm6fiocom',
      name: 'Driver2 Quick Ride',
      unassignedJobs: 0
    },
    {
      id: 'cmgt7lmns000qmxarybo79dix',
      name: 'Driver2 Metro Taxi',
      unassignedJobs: 0
    },
    {
      id: 'cmgt7lmva001amxargvvis3qo',
      name: 'Driver1 Quick Ride',
      unassignedJobs: 0
    },
    {
      id: 'cmgt7lmm7000mmxarb23yrhm4',
      name: 'Driver1 Metro Taxi',
      unassignedJobs: 0
    },
    {
      id: 'cmgt7lmpa000umxaro9mk6xmc',
      name: 'Driver3 Metro Taxi',
      unassignedJobs: 0
    },
    {
      id: 'cmgt7lmts0016mxar09d3mqpx',
      name: 'Driver3 City Cabs',
      unassignedJobs: 0
    },
    {
      id: 'cmgt7lmqs000ymxarz2f1edxx',
      name: 'Driver1 City Cabs',
      unassignedJobs: 0
    },
    {
      id: 'cmgt7lms90012mxare5ugbirp',
      name: 'Driver2 City Cabs',
      unassignedJobs: 0
    }
  ]
}
[Driver Activity Monitor] Checking driver activity at 2025-10-28T08:45:00.009Z
[Driver Activity Monitor] Threshold: 2025-10-28T08:35:00.009Z
[Driver Activity Monitor] Found 9 total active drivers
[Driver Activity Monitor] Driver3 Quick Ride:
  - Location Update: Never
  - Status Update: 2025-10-18T09:55:35.663Z
  - Preferences Location: Never
  - User Updated: Sat Oct 18 2025 12:55:35 GMT+0300 (Arabian Standard Time)
  - Last Activity: 2025-10-18T09:55:35.665Z
  - Inactive: true
[Driver Activity Monitor] Driver2 Quick Ride:
  - Location Update: Never
  - Status Update: 2025-10-18T09:55:35.663Z
  - Preferences Location: Never
  - User Updated: Sat Oct 18 2025 12:55:35 GMT+0300 (Arabian Standard Time)
  - Last Activity: 2025-10-18T09:55:35.665Z
  - Inactive: true
[Driver Activity Monitor] Driver2 Metro Taxi:
  - Location Update: Never
  - Status Update: 2025-10-18T09:55:35.663Z
  - Preferences Location: Never
  - User Updated: Sat Oct 18 2025 12:55:35 GMT+0300 (Arabian Standard Time)
  - Last Activity: 2025-10-18T09:55:35.665Z
  - Inactive: true
[Driver Activity Monitor] Driver1 Quick Ride:
  - Location Update: Never
  - Status Update: 2025-10-18T09:55:35.663Z
  - Preferences Location: Never
  - User Updated: Sat Oct 18 2025 12:55:35 GMT+0300 (Arabian Standard Time)
  - Last Activity: 2025-10-18T09:55:35.665Z
  - Inactive: true
[Driver Activity Monitor] Driver1 Metro Taxi:
  - Location Update: Never
  - Status Update: 2025-10-18T09:55:35.663Z
  - Preferences Location: Never
  - User Updated: Sat Oct 18 2025 12:55:35 GMT+0300 (Arabian Standard Time)
  - Last Activity: 2025-10-18T09:55:35.665Z
  - Inactive: true
[Driver Activity Monitor] Driver3 Metro Taxi:
  - Location Update: Never
  - Status Update: 2025-10-18T09:55:35.663Z
  - Preferences Location: Never
  - User Updated: Sat Oct 18 2025 12:55:35 GMT+0300 (Arabian Standard Time)
  - Last Activity: 2025-10-18T09:55:35.665Z
  - Inactive: true
[Driver Activity Monitor] Driver3 City Cabs:
  - Location Update: Never
  - Status Update: 2025-10-22T11:00:39.313Z
  - Preferences Location: Never
  - User Updated: Fri Oct 24 2025 19:30:17 GMT+0300 (Arabian Standard Time)
  - Last Activity: 2025-10-24T16:30:17.836Z
  - Inactive: true
[Driver Activity Monitor] Driver1 City Cabs:
  - Location Update: 2025-10-28T08:22:06.421Z
  - Status Update: 2025-10-28T08:22:46.335Z
  - Preferences Location: Never
  - User Updated: Tue Oct 28 2025 11:22:46 GMT+0300 (Arabian Standard Time)
  - Last Activity: 2025-10-28T08:22:46.337Z
  - Inactive: true
[Driver Activity Monitor] Driver2 City Cabs:
  - Location Update: Never
  - Status Update: 2025-10-18T09:55:35.663Z
  - Preferences Location: Never
  - User Updated: Sat Oct 18 2025 12:55:35 GMT+0300 (Arabian Standard Time)
  - Last Activity: 2025-10-18T09:55:35.665Z
  - Inactive: true
[Driver Activity Monitor] Found 9 inactive drivers
[Driver Activity Monitor] Processing driver cmgt7lmye001imxarbrwufab7 (Driver3 Quick Ride)
  - Last location update: Never
  - Active jobs: 0
  - Active shifts: 0
  - Current shift status: OFFLINE
  ✓ Emitted driver:status:changed for driver cmgt7lmye001imxarbrwufab7
[Driver Activity Monitor] Processing driver cmgt7lmww001emxarm6fiocom (Driver2 Quick Ride)
  - Last location update: Never
  - Active jobs: 0
  - Active shifts: 0
  - Current shift status: OFFLINE
  ✓ Emitted driver:status:changed for driver cmgt7lmww001emxarm6fiocom
[Driver Activity Monitor] Processing driver cmgt7lmns000qmxarybo79dix (Driver2 Metro Taxi)
  - Last location update: Never
  - Active jobs: 0
  - Active shifts: 0
  - Current shift status: OFFLINE
  ✓ Emitted driver:status:changed for driver cmgt7lmns000qmxarybo79dix
[Driver Activity Monitor] Processing driver cmgt7lmva001amxargvvis3qo (Driver1 Quick Ride)
  - Last location update: Never
  - Active jobs: 0
  - Active shifts: 0
  - Current shift status: OFFLINE
  ✓ Emitted driver:status:changed for driver cmgt7lmva001amxargvvis3qo
[Driver Activity Monitor] Processing driver cmgt7lmm7000mmxarb23yrhm4 (Driver1 Metro Taxi)
  - Last location update: Never
  - Active jobs: 0
  - Active shifts: 0
  - Current shift status: OFFLINE
  ✓ Emitted driver:status:changed for driver cmgt7lmm7000mmxarb23yrhm4
[Driver Activity Monitor] Processing driver cmgt7lmpa000umxaro9mk6xmc (Driver3 Metro Taxi)
  - Last location update: Never
  - Active jobs: 0
  - Active shifts: 0
  - Current shift status: OFFLINE
  ✓ Emitted driver:status:changed for driver cmgt7lmpa000umxaro9mk6xmc
[Driver Activity Monitor] Processing driver cmgt7lmts0016mxar09d3mqpx (Driver3 City Cabs)
  - Last location update: Never
  - Active jobs: 0
  - Active shifts: 0
  - Current shift status: OFFLINE
  ✓ Emitted driver:status:changed for driver cmgt7lmts0016mxar09d3mqpx
[Driver Activity Monitor] Processing driver cmgt7lmqs000ymxarz2f1edxx (Driver1 City Cabs)
  - Last location update: 2025-10-28T08:22:06.421Z
  - Active jobs: 0
  - Active shifts: 0
  - Current shift status: OFFLINE
  ✓ Emitted driver:status:changed for driver cmgt7lmqs000ymxarz2f1edxx
[Driver Activity Monitor] Processing driver cmgt7lms90012mxare5ugbirp (Driver2 City Cabs)
  - Last location update: Never
  - Active jobs: 0
  - Active shifts: 0
  - Current shift status: OFFLINE
  ✓ Emitted driver:status:changed for driver cmgt7lms90012mxare5ugbirp
[Driver Activity Monitor] Processed 9 inactive drivers
[Cron - Driver Activity] Processed inactive drivers: {
  count: 9,
  drivers: [
    {
      id: 'cmgt7lmye001imxarbrwufab7',
      name: 'Driver3 Quick Ride',
      unassignedJobs: 0
    },
    {
      id: 'cmgt7lmww001emxarm6fiocom',
      name: 'Driver2 Quick Ride',
      unassignedJobs: 0
    },
    {
      id: 'cmgt7lmns000qmxarybo79dix',
      name: 'Driver2 Metro Taxi',
      unassignedJobs: 0
    },
    {
      id: 'cmgt7lmva001amxargvvis3qo',
      name: 'Driver1 Quick Ride',
      unassignedJobs: 0
    },
    {
      id: 'cmgt7lmm7000mmxarb23yrhm4',
      name: 'Driver1 Metro Taxi',
      unassignedJobs: 0
    },
    {
      id: 'cmgt7lmpa000umxaro9mk6xmc',
      name: 'Driver3 Metro Taxi',
      unassignedJobs: 0
    },
    {
      id: 'cmgt7lmts0016mxar09d3mqpx',
      name: 'Driver3 City Cabs',
      unassignedJobs: 0
    },
    {
      id: 'cmgt7lmqs000ymxarz2f1edxx',
      name: 'Driver1 City Cabs',
      unassignedJobs: 0
    },
    {
      id: 'cmgt7lms90012mxare5ugbirp',
      name: 'Driver2 City Cabs',
      unassignedJobs: 0
    }
  ]
}
[Driver Activity Monitor] Checking driver activity at 2025-10-28T08:46:00.009Z
[Driver Activity Monitor] Threshold: 2025-10-28T08:36:00.009Z
[Driver Activity Monitor] Found 9 total active drivers
[Driver Activity Monitor] Driver3 Quick Ride:
  - Location Update: Never
  - Status Update: 2025-10-18T09:55:35.663Z
  - Preferences Location: Never
  - User Updated: Sat Oct 18 2025 12:55:35 GMT+0300 (Arabian Standard Time)
  - Last Activity: 2025-10-18T09:55:35.665Z
  - Inactive: true
[Driver Activity Monitor] Driver2 Quick Ride:
  - Location Update: Never
  - Status Update: 2025-10-18T09:55:35.663Z
  - Preferences Location: Never
  - User Updated: Sat Oct 18 2025 12:55:35 GMT+0300 (Arabian Standard Time)
  - Last Activity: 2025-10-18T09:55:35.665Z
  - Inactive: true
[Driver Activity Monitor] Driver2 Metro Taxi:
  - Location Update: Never
  - Status Update: 2025-10-18T09:55:35.663Z
  - Preferences Location: Never
  - User Updated: Sat Oct 18 2025 12:55:35 GMT+0300 (Arabian Standard Time)
  - Last Activity: 2025-10-18T09:55:35.665Z
  - Inactive: true
[Driver Activity Monitor] Driver1 Quick Ride:
  - Location Update: Never
  - Status Update: 2025-10-18T09:55:35.663Z
  - Preferences Location: Never
  - User Updated: Sat Oct 18 2025 12:55:35 GMT+0300 (Arabian Standard Time)
  - Last Activity: 2025-10-18T09:55:35.665Z
  - Inactive: true
[Driver Activity Monitor] Driver1 Metro Taxi:
  - Location Update: Never
  - Status Update: 2025-10-18T09:55:35.663Z
  - Preferences Location: Never
  - User Updated: Sat Oct 18 2025 12:55:35 GMT+0300 (Arabian Standard Time)
  - Last Activity: 2025-10-18T09:55:35.665Z
  - Inactive: true
[Driver Activity Monitor] Driver3 Metro Taxi:
  - Location Update: Never
  - Status Update: 2025-10-18T09:55:35.663Z
  - Preferences Location: Never
  - User Updated: Sat Oct 18 2025 12:55:35 GMT+0300 (Arabian Standard Time)
  - Last Activity: 2025-10-18T09:55:35.665Z
  - Inactive: true
[Driver Activity Monitor] Driver3 City Cabs:
  - Location Update: Never
  - Status Update: 2025-10-22T11:00:39.313Z
  - Preferences Location: Never
  - User Updated: Fri Oct 24 2025 19:30:17 GMT+0300 (Arabian Standard Time)
  - Last Activity: 2025-10-24T16:30:17.836Z
  - Inactive: true
[Driver Activity Monitor] Driver1 City Cabs:
  - Location Update: 2025-10-28T08:22:06.421Z
  - Status Update: 2025-10-28T08:22:46.335Z
  - Preferences Location: Never
  - User Updated: Tue Oct 28 2025 11:22:46 GMT+0300 (Arabian Standard Time)
  - Last Activity: 2025-10-28T08:22:46.337Z
  - Inactive: true
[Driver Activity Monitor] Driver2 City Cabs:
  - Location Update: Never
  - Status Update: 2025-10-18T09:55:35.663Z
  - Preferences Location: Never
  - User Updated: Sat Oct 18 2025 12:55:35 GMT+0300 (Arabian Standard Time)
  - Last Activity: 2025-10-18T09:55:35.665Z
  - Inactive: true
[Driver Activity Monitor] Found 9 inactive drivers
[Driver Activity Monitor] Processing driver cmgt7lmye001imxarbrwufab7 (Driver3 Quick Ride)
  - Last location update: Never
  - Active jobs: 0
  - Active shifts: 0
  - Current shift status: OFFLINE
  ✓ Emitted driver:status:changed for driver cmgt7lmye001imxarbrwufab7
[Driver Activity Monitor] Processing driver cmgt7lmww001emxarm6fiocom (Driver2 Quick Ride)
  - Last location update: Never
  - Active jobs: 0
  - Active shifts: 0
  - Current shift status: OFFLINE
  ✓ Emitted driver:status:changed for driver cmgt7lmww001emxarm6fiocom
[Driver Activity Monitor] Processing driver cmgt7lmns000qmxarybo79dix (Driver2 Metro Taxi)
  - Last location update: Never
  - Active jobs: 0
  - Active shifts: 0
  - Current shift status: OFFLINE
  ✓ Emitted driver:status:changed for driver cmgt7lmns000qmxarybo79dix
[Driver Activity Monitor] Processing driver cmgt7lmva001amxargvvis3qo (Driver1 Quick Ride)
  - Last location update: Never
  - Active jobs: 0
  - Active shifts: 0
  - Current shift status: OFFLINE
  ✓ Emitted driver:status:changed for driver cmgt7lmva001amxargvvis3qo
[Driver Activity Monitor] Processing driver cmgt7lmm7000mmxarb23yrhm4 (Driver1 Metro Taxi)
  - Last location update: Never
  - Active jobs: 0
  - Active shifts: 0
  - Current shift status: OFFLINE
  ✓ Emitted driver:status:changed for driver cmgt7lmm7000mmxarb23yrhm4
[Driver Activity Monitor] Processing driver cmgt7lmpa000umxaro9mk6xmc (Driver3 Metro Taxi)
  - Last location update: Never
  - Active jobs: 0
  - Active shifts: 0
  - Current shift status: OFFLINE
  ✓ Emitted driver:status:changed for driver cmgt7lmpa000umxaro9mk6xmc
[Driver Activity Monitor] Processing driver cmgt7lmts0016mxar09d3mqpx (Driver3 City Cabs)
  - Last location update: Never
  - Active jobs: 0
  - Active shifts: 0
  - Current shift status: OFFLINE
  ✓ Emitted driver:status:changed for driver cmgt7lmts0016mxar09d3mqpx
[Driver Activity Monitor] Processing driver cmgt7lmqs000ymxarz2f1edxx (Driver1 City Cabs)
  - Last location update: 2025-10-28T08:22:06.421Z
  - Active jobs: 0
  - Active shifts: 0
  - Current shift status: OFFLINE
  ✓ Emitted driver:status:changed for driver cmgt7lmqs000ymxarz2f1edxx
[Driver Activity Monitor] Processing driver cmgt7lms90012mxare5ugbirp (Driver2 City Cabs)
  - Last location update: Never
  - Active jobs: 0
  - Active shifts: 0
  - Current shift status: OFFLINE
  ✓ Emitted driver:status:changed for driver cmgt7lms90012mxare5ugbirp
[Driver Activity Monitor] Processed 9 inactive drivers
[Cron - Driver Activity] Processed inactive drivers: {
  count: 9,
  drivers: [
    {
      id: 'cmgt7lmye001imxarbrwufab7',
      name: 'Driver3 Quick Ride',
      unassignedJobs: 0
    },
    {
      id: 'cmgt7lmww001emxarm6fiocom',
      name: 'Driver2 Quick Ride',
      unassignedJobs: 0
    },
    {
      id: 'cmgt7lmns000qmxarybo79dix',
      name: 'Driver2 Metro Taxi',
      unassignedJobs: 0
    },
    {
      id: 'cmgt7lmva001amxargvvis3qo',
      name: 'Driver1 Quick Ride',
      unassignedJobs: 0
    },
    {
      id: 'cmgt7lmm7000mmxarb23yrhm4',
      name: 'Driver1 Metro Taxi',
      unassignedJobs: 0
    },
    {
      id: 'cmgt7lmpa000umxaro9mk6xmc',
      name: 'Driver3 Metro Taxi',
      unassignedJobs: 0
    },
    {
      id: 'cmgt7lmts0016mxar09d3mqpx',
      name: 'Driver3 City Cabs',
      unassignedJobs: 0
    },
    {
      id: 'cmgt7lmqs000ymxarz2f1edxx',
      name: 'Driver1 City Cabs',
      unassignedJobs: 0
    },
    {
      id: 'cmgt7lms90012mxare5ugbirp',
      name: 'Driver2 City Cabs',
      unassignedJobs: 0
    }
  ]
}
[Driver Activity Monitor] Checking driver activity at 2025-10-28T08:47:00.009Z
[Driver Activity Monitor] Threshold: 2025-10-28T08:37:00.009Z
[Driver Activity Monitor] Found 9 total active drivers
[Driver Activity Monitor] Driver3 Quick Ride:
  - Location Update: Never
  - Status Update: 2025-10-18T09:55:35.663Z
  - Preferences Location: Never
  - User Updated: Sat Oct 18 2025 12:55:35 GMT+0300 (Arabian Standard Time)
  - Last Activity: 2025-10-18T09:55:35.665Z
  - Inactive: true
[Driver Activity Monitor] Driver2 Quick Ride:
  - Location Update: Never
  - Status Update: 2025-10-18T09:55:35.663Z
  - Preferences Location: Never
  - User Updated: Sat Oct 18 2025 12:55:35 GMT+0300 (Arabian Standard Time)
  - Last Activity: 2025-10-18T09:55:35.665Z
  - Inactive: true
[Driver Activity Monitor] Driver2 Metro Taxi:
  - Location Update: Never
  - Status Update: 2025-10-18T09:55:35.663Z
  - Preferences Location: Never
  - User Updated: Sat Oct 18 2025 12:55:35 GMT+0300 (Arabian Standard Time)
  - Last Activity: 2025-10-18T09:55:35.665Z
  - Inactive: true
[Driver Activity Monitor] Driver1 Quick Ride:
  - Location Update: Never
  - Status Update: 2025-10-18T09:55:35.663Z
  - Preferences Location: Never
  - User Updated: Sat Oct 18 2025 12:55:35 GMT+0300 (Arabian Standard Time)
  - Last Activity: 2025-10-18T09:55:35.665Z
  - Inactive: true
[Driver Activity Monitor] Driver1 Metro Taxi:
  - Location Update: Never
  - Status Update: 2025-10-18T09:55:35.663Z
  - Preferences Location: Never
  - User Updated: Sat Oct 18 2025 12:55:35 GMT+0300 (Arabian Standard Time)
  - Last Activity: 2025-10-18T09:55:35.665Z
  - Inactive: true
[Driver Activity Monitor] Driver3 Metro Taxi:
  - Location Update: Never
  - Status Update: 2025-10-18T09:55:35.663Z
  - Preferences Location: Never
  - User Updated: Sat Oct 18 2025 12:55:35 GMT+0300 (Arabian Standard Time)
  - Last Activity: 2025-10-18T09:55:35.665Z
  - Inactive: true
[Driver Activity Monitor] Driver3 City Cabs:
  - Location Update: Never
  - Status Update: 2025-10-22T11:00:39.313Z
  - Preferences Location: Never
  - User Updated: Fri Oct 24 2025 19:30:17 GMT+0300 (Arabian Standard Time)
  - Last Activity: 2025-10-24T16:30:17.836Z
  - Inactive: true
[Driver Activity Monitor] Driver1 City Cabs:
  - Location Update: 2025-10-28T08:22:06.421Z
  - Status Update: 2025-10-28T08:22:46.335Z
  - Preferences Location: Never
  - User Updated: Tue Oct 28 2025 11:22:46 GMT+0300 (Arabian Standard Time)
  - Last Activity: 2025-10-28T08:22:46.337Z
  - Inactive: true
[Driver Activity Monitor] Driver2 City Cabs:
  - Location Update: Never
  - Status Update: 2025-10-18T09:55:35.663Z
  - Preferences Location: Never
  - User Updated: Sat Oct 18 2025 12:55:35 GMT+0300 (Arabian Standard Time)
  - Last Activity: 2025-10-18T09:55:35.665Z
  - Inactive: true
[Driver Activity Monitor] Found 9 inactive drivers
[Driver Activity Monitor] Processing driver cmgt7lmye001imxarbrwufab7 (Driver3 Quick Ride)
  - Last location update: Never
  - Active jobs: 0
  - Active shifts: 0
  - Current shift status: OFFLINE
  ✓ Emitted driver:status:changed for driver cmgt7lmye001imxarbrwufab7
[Driver Activity Monitor] Processing driver cmgt7lmww001emxarm6fiocom (Driver2 Quick Ride)
  - Last location update: Never
  - Active jobs: 0
  - Active shifts: 0
  - Current shift status: OFFLINE
  ✓ Emitted driver:status:changed for driver cmgt7lmww001emxarm6fiocom
[Driver Activity Monitor] Processing driver cmgt7lmns000qmxarybo79dix (Driver2 Metro Taxi)
  - Last location update: Never
  - Active jobs: 0
  - Active shifts: 0
  - Current shift status: OFFLINE
  ✓ Emitted driver:status:changed for driver cmgt7lmns000qmxarybo79dix
[Driver Activity Monitor] Processing driver cmgt7lmva001amxargvvis3qo (Driver1 Quick Ride)
  - Last location update: Never
  - Active jobs: 0
  - Active shifts: 0
  - Current shift status: OFFLINE
  ✓ Emitted driver:status:changed for driver cmgt7lmva001amxargvvis3qo
[Driver Activity Monitor] Processing driver cmgt7lmm7000mmxarb23yrhm4 (Driver1 Metro Taxi)
  - Last location update: Never
  - Active jobs: 0
  - Active shifts: 0
  - Current shift status: OFFLINE
  ✓ Emitted driver:status:changed for driver cmgt7lmm7000mmxarb23yrhm4
[Driver Activity Monitor] Processing driver cmgt7lmpa000umxaro9mk6xmc (Driver3 Metro Taxi)
  - Last location update: Never
  - Active jobs: 0
  - Active shifts: 0
  - Current shift status: OFFLINE
  ✓ Emitted driver:status:changed for driver cmgt7lmpa000umxaro9mk6xmc
[Driver Activity Monitor] Processing driver cmgt7lmts0016mxar09d3mqpx (Driver3 City Cabs)
  - Last location update: Never
  - Active jobs: 0
  - Active shifts: 0
  - Current shift status: OFFLINE
  ✓ Emitted driver:status:changed for driver cmgt7lmts0016mxar09d3mqpx
[Driver Activity Monitor] Processing driver cmgt7lmqs000ymxarz2f1edxx (Driver1 City Cabs)
  - Last location update: 2025-10-28T08:22:06.421Z
  - Active jobs: 0
  - Active shifts: 0
  - Current shift status: OFFLINE
  ✓ Emitted driver:status:changed for driver cmgt7lmqs000ymxarz2f1edxx
[Driver Activity Monitor] Processing driver cmgt7lms90012mxare5ugbirp (Driver2 City Cabs)
  - Last location update: Never
  - Active jobs: 0
  - Active shifts: 0
  - Current shift status: OFFLINE
  ✓ Emitted driver:status:changed for driver cmgt7lms90012mxare5ugbirp
[Driver Activity Monitor] Processed 9 inactive drivers
[Cron - Driver Activity] Processed inactive drivers: {
  count: 9,
  drivers: [
    {
      id: 'cmgt7lmye001imxarbrwufab7',
      name: 'Driver3 Quick Ride',
      unassignedJobs: 0
    },
    {
      id: 'cmgt7lmww001emxarm6fiocom',
      name: 'Driver2 Quick Ride',
      unassignedJobs: 0
    },
    {
      id: 'cmgt7lmns000qmxarybo79dix',
      name: 'Driver2 Metro Taxi',
      unassignedJobs: 0
    },
    {
      id: 'cmgt7lmva001amxargvvis3qo',
      name: 'Driver1 Quick Ride',
      unassignedJobs: 0
    },
    {
      id: 'cmgt7lmm7000mmxarb23yrhm4',
      name: 'Driver1 Metro Taxi',
      unassignedJobs: 0
    },
    {
      id: 'cmgt7lmpa000umxaro9mk6xmc',
      name: 'Driver3 Metro Taxi',
      unassignedJobs: 0
    },
    {
      id: 'cmgt7lmts0016mxar09d3mqpx',
      name: 'Driver3 City Cabs',
      unassignedJobs: 0
    },
    {
      id: 'cmgt7lmqs000ymxarz2f1edxx',
      name: 'Driver1 City Cabs',
      unassignedJobs: 0
    },
    {
      id: 'cmgt7lms90012mxare5ugbirp',
      name: 'Driver2 City Cabs',
      unassignedJobs: 0
    }
  ]
}
[Driver Activity Monitor] Checking driver activity at 2025-10-28T08:48:00.009Z
[Driver Activity Monitor] Threshold: 2025-10-28T08:38:00.009Z
[Driver Activity Monitor] Found 9 total active drivers
[Driver Activity Monitor] Driver3 Quick Ride:
  - Location Update: Never
  - Status Update: 2025-10-18T09:55:35.663Z
  - Preferences Location: Never
  - User Updated: Sat Oct 18 2025 12:55:35 GMT+0300 (Arabian Standard Time)
  - Last Activity: 2025-10-18T09:55:35.665Z
  - Inactive: true
[Driver Activity Monitor] Driver2 Quick Ride:
  - Location Update: Never
  - Status Update: 2025-10-18T09:55:35.663Z
  - Preferences Location: Never
  - User Updated: Sat Oct 18 2025 12:55:35 GMT+0300 (Arabian Standard Time)
  - Last Activity: 2025-10-18T09:55:35.665Z
  - Inactive: true
[Driver Activity Monitor] Driver2 Metro Taxi:
  - Location Update: Never
  - Status Update: 2025-10-18T09:55:35.663Z
  - Preferences Location: Never
  - User Updated: Sat Oct 18 2025 12:55:35 GMT+0300 (Arabian Standard Time)
  - Last Activity: 2025-10-18T09:55:35.665Z
  - Inactive: true
[Driver Activity Monitor] Driver1 Quick Ride:
  - Location Update: Never
  - Status Update: 2025-10-18T09:55:35.663Z
  - Preferences Location: Never
  - User Updated: Sat Oct 18 2025 12:55:35 GMT+0300 (Arabian Standard Time)
  - Last Activity: 2025-10-18T09:55:35.665Z
  - Inactive: true
[Driver Activity Monitor] Driver1 Metro Taxi:
  - Location Update: Never
  - Status Update: 2025-10-18T09:55:35.663Z
  - Preferences Location: Never
  - User Updated: Sat Oct 18 2025 12:55:35 GMT+0300 (Arabian Standard Time)
  - Last Activity: 2025-10-18T09:55:35.665Z
  - Inactive: true
[Driver Activity Monitor] Driver3 Metro Taxi:
  - Location Update: Never
  - Status Update: 2025-10-18T09:55:35.663Z
  - Preferences Location: Never
  - User Updated: Sat Oct 18 2025 12:55:35 GMT+0300 (Arabian Standard Time)
  - Last Activity: 2025-10-18T09:55:35.665Z
  - Inactive: true
[Driver Activity Monitor] Driver3 City Cabs:
  - Location Update: Never
  - Status Update: 2025-10-22T11:00:39.313Z
  - Preferences Location: Never
  - User Updated: Fri Oct 24 2025 19:30:17 GMT+0300 (Arabian Standard Time)
  - Last Activity: 2025-10-24T16:30:17.836Z
  - Inactive: true
[Driver Activity Monitor] Driver1 City Cabs:
  - Location Update: 2025-10-28T08:22:06.421Z
  - Status Update: 2025-10-28T08:22:46.335Z
  - Preferences Location: Never
  - User Updated: Tue Oct 28 2025 11:22:46 GMT+0300 (Arabian Standard Time)
  - Last Activity: 2025-10-28T08:22:46.337Z
  - Inactive: true
[Driver Activity Monitor] Driver2 City Cabs:
  - Location Update: Never
  - Status Update: 2025-10-18T09:55:35.663Z
  - Preferences Location: Never
  - User Updated: Sat Oct 18 2025 12:55:35 GMT+0300 (Arabian Standard Time)
  - Last Activity: 2025-10-18T09:55:35.665Z
  - Inactive: true
[Driver Activity Monitor] Found 9 inactive drivers
[Driver Activity Monitor] Processing driver cmgt7lmye001imxarbrwufab7 (Driver3 Quick Ride)
  - Last location update: Never
  - Active jobs: 0
  - Active shifts: 0
  - Current shift status: OFFLINE
  ✓ Emitted driver:status:changed for driver cmgt7lmye001imxarbrwufab7
[Driver Activity Monitor] Processing driver cmgt7lmww001emxarm6fiocom (Driver2 Quick Ride)
  - Last location update: Never
  - Active jobs: 0
  - Active shifts: 0
  - Current shift status: OFFLINE
  ✓ Emitted driver:status:changed for driver cmgt7lmww001emxarm6fiocom
[Driver Activity Monitor] Processing driver cmgt7lmns000qmxarybo79dix (Driver2 Metro Taxi)
  - Last location update: Never
  - Active jobs: 0
  - Active shifts: 0
  - Current shift status: OFFLINE
  ✓ Emitted driver:status:changed for driver cmgt7lmns000qmxarybo79dix
[Driver Activity Monitor] Processing driver cmgt7lmva001amxargvvis3qo (Driver1 Quick Ride)
  - Last location update: Never
  - Active jobs: 0
  - Active shifts: 0
  - Current shift status: OFFLINE
  ✓ Emitted driver:status:changed for driver cmgt7lmva001amxargvvis3qo
[Driver Activity Monitor] Processing driver cmgt7lmm7000mmxarb23yrhm4 (Driver1 Metro Taxi)
  - Last location update: Never
  - Active jobs: 0
  - Active shifts: 0
  - Current shift status: OFFLINE
  ✓ Emitted driver:status:changed for driver cmgt7lmm7000mmxarb23yrhm4
[Driver Activity Monitor] Processing driver cmgt7lmpa000umxaro9mk6xmc (Driver3 Metro Taxi)
  - Last location update: Never
  - Active jobs: 0
  - Active shifts: 0
  - Current shift status: OFFLINE
  ✓ Emitted driver:status:changed for driver cmgt7lmpa000umxaro9mk6xmc
[Driver Activity Monitor] Processing driver cmgt7lmts0016mxar09d3mqpx (Driver3 City Cabs)
  - Last location update: Never
  - Active jobs: 0
  - Active shifts: 0
  - Current shift status: OFFLINE
  ✓ Emitted driver:status:changed for driver cmgt7lmts0016mxar09d3mqpx
[Driver Activity Monitor] Processing driver cmgt7lmqs000ymxarz2f1edxx (Driver1 City Cabs)
  - Last location update: 2025-10-28T08:22:06.421Z
  - Active jobs: 0
  - Active shifts: 0
  - Current shift status: OFFLINE
  ✓ Emitted driver:status:changed for driver cmgt7lmqs000ymxarz2f1edxx
[Driver Activity Monitor] Processing driver cmgt7lms90012mxare5ugbirp (Driver2 City Cabs)
  - Last location update: Never
  - Active jobs: 0
  - Active shifts: 0
  - Current shift status: OFFLINE
  ✓ Emitted driver:status:changed for driver cmgt7lms90012mxare5ugbirp
[Driver Activity Monitor] Processed 9 inactive drivers
[Cron - Driver Activity] Processed inactive drivers: {
  count: 9,
  drivers: [
    {
      id: 'cmgt7lmye001imxarbrwufab7',
      name: 'Driver3 Quick Ride',
      unassignedJobs: 0
    },
    {
      id: 'cmgt7lmww001emxarm6fiocom',
      name: 'Driver2 Quick Ride',
      unassignedJobs: 0
    },
    {
      id: 'cmgt7lmns000qmxarybo79dix',
      name: 'Driver2 Metro Taxi',
      unassignedJobs: 0
    },
    {
      id: 'cmgt7lmva001amxargvvis3qo',
      name: 'Driver1 Quick Ride',
      unassignedJobs: 0
    },
    {
      id: 'cmgt7lmm7000mmxarb23yrhm4',
      name: 'Driver1 Metro Taxi',
      unassignedJobs: 0
    },
    {
      id: 'cmgt7lmpa000umxaro9mk6xmc',
      name: 'Driver3 Metro Taxi',
      unassignedJobs: 0
    },
    {
      id: 'cmgt7lmts0016mxar09d3mqpx',
      name: 'Driver3 City Cabs',
      unassignedJobs: 0
    },
    {
      id: 'cmgt7lmqs000ymxarz2f1edxx',
      name: 'Driver1 City Cabs',
      unassignedJobs: 0
    },
    {
      id: 'cmgt7lms90012mxare5ugbirp',
      name: 'Driver2 City Cabs',
      unassignedJobs: 0
    }
  ]
}
[Driver Activity Monitor] Checking driver activity at 2025-10-28T08:49:00.011Z
[Driver Activity Monitor] Threshold: 2025-10-28T08:39:00.011Z
[Driver Activity Monitor] Found 9 total active drivers
[Driver Activity Monitor] Driver3 Quick Ride:
  - Location Update: Never
  - Status Update: 2025-10-18T09:55:35.663Z
  - Preferences Location: Never
  - User Updated: Sat Oct 18 2025 12:55:35 GMT+0300 (Arabian Standard Time)
  - Last Activity: 2025-10-18T09:55:35.665Z
  - Inactive: true
[Driver Activity Monitor] Driver2 Quick Ride:
  - Location Update: Never
  - Status Update: 2025-10-18T09:55:35.663Z
  - Preferences Location: Never
  - User Updated: Sat Oct 18 2025 12:55:35 GMT+0300 (Arabian Standard Time)
  - Last Activity: 2025-10-18T09:55:35.665Z
  - Inactive: true
[Driver Activity Monitor] Driver2 Metro Taxi:
  - Location Update: Never
  - Status Update: 2025-10-18T09:55:35.663Z
  - Preferences Location: Never
  - User Updated: Sat Oct 18 2025 12:55:35 GMT+0300 (Arabian Standard Time)
  - Last Activity: 2025-10-18T09:55:35.665Z
  - Inactive: true
[Driver Activity Monitor] Driver1 Quick Ride:
  - Location Update: Never
  - Status Update: 2025-10-18T09:55:35.663Z
  - Preferences Location: Never
  - User Updated: Sat Oct 18 2025 12:55:35 GMT+0300 (Arabian Standard Time)
  - Last Activity: 2025-10-18T09:55:35.665Z
  - Inactive: true
[Driver Activity Monitor] Driver1 Metro Taxi:
  - Location Update: Never
  - Status Update: 2025-10-18T09:55:35.663Z
  - Preferences Location: Never
  - User Updated: Sat Oct 18 2025 12:55:35 GMT+0300 (Arabian Standard Time)
  - Last Activity: 2025-10-18T09:55:35.665Z
  - Inactive: true
[Driver Activity Monitor] Driver3 Metro Taxi:
  - Location Update: Never
  - Status Update: 2025-10-18T09:55:35.663Z
  - Preferences Location: Never
  - User Updated: Sat Oct 18 2025 12:55:35 GMT+0300 (Arabian Standard Time)
  - Last Activity: 2025-10-18T09:55:35.665Z
  - Inactive: true
[Driver Activity Monitor] Driver3 City Cabs:
  - Location Update: Never
  - Status Update: 2025-10-22T11:00:39.313Z
  - Preferences Location: Never
  - User Updated: Fri Oct 24 2025 19:30:17 GMT+0300 (Arabian Standard Time)
  - Last Activity: 2025-10-24T16:30:17.836Z
  - Inactive: true
[Driver Activity Monitor] Driver1 City Cabs:
  - Location Update: 2025-10-28T08:22:06.421Z
  - Status Update: 2025-10-28T08:22:46.335Z
  - Preferences Location: Never
  - User Updated: Tue Oct 28 2025 11:22:46 GMT+0300 (Arabian Standard Time)
  - Last Activity: 2025-10-28T08:22:46.337Z
  - Inactive: true
[Driver Activity Monitor] Driver2 City Cabs:
  - Location Update: Never
  - Status Update: 2025-10-18T09:55:35.663Z
  - Preferences Location: Never
  - User Updated: Sat Oct 18 2025 12:55:35 GMT+0300 (Arabian Standard Time)
  - Last Activity: 2025-10-18T09:55:35.665Z
  - Inactive: true
[Driver Activity Monitor] Found 9 inactive drivers
[Driver Activity Monitor] Processing driver cmgt7lmye001imxarbrwufab7 (Driver3 Quick Ride)
  - Last location update: Never
  - Active jobs: 0
  - Active shifts: 0
  - Current shift status: OFFLINE
  ✓ Emitted driver:status:changed for driver cmgt7lmye001imxarbrwufab7
[Driver Activity Monitor] Processing driver cmgt7lmww001emxarm6fiocom (Driver2 Quick Ride)
  - Last location update: Never
  - Active jobs: 0
  - Active shifts: 0
  - Current shift status: OFFLINE
  ✓ Emitted driver:status:changed for driver cmgt7lmww001emxarm6fiocom
[Driver Activity Monitor] Processing driver cmgt7lmns000qmxarybo79dix (Driver2 Metro Taxi)
  - Last location update: Never
  - Active jobs: 0
  - Active shifts: 0
  - Current shift status: OFFLINE
  ✓ Emitted driver:status:changed for driver cmgt7lmns000qmxarybo79dix
[Driver Activity Monitor] Processing driver cmgt7lmva001amxargvvis3qo (Driver1 Quick Ride)
  - Last location update: Never
  - Active jobs: 0
  - Active shifts: 0
  - Current shift status: OFFLINE
  ✓ Emitted driver:status:changed for driver cmgt7lmva001amxargvvis3qo
[Driver Activity Monitor] Processing driver cmgt7lmm7000mmxarb23yrhm4 (Driver1 Metro Taxi)
  - Last location update: Never
  - Active jobs: 0
  - Active shifts: 0
  - Current shift status: OFFLINE
  ✓ Emitted driver:status:changed for driver cmgt7lmm7000mmxarb23yrhm4
[Driver Activity Monitor] Processing driver cmgt7lmpa000umxaro9mk6xmc (Driver3 Metro Taxi)
  - Last location update: Never
  - Active jobs: 0
  - Active shifts: 0
  - Current shift status: OFFLINE
  ✓ Emitted driver:status:changed for driver cmgt7lmpa000umxaro9mk6xmc
[Driver Activity Monitor] Processing driver cmgt7lmts0016mxar09d3mqpx (Driver3 City Cabs)
  - Last location update: Never
  - Active jobs: 0
  - Active shifts: 0
  - Current shift status: OFFLINE
  ✓ Emitted driver:status:changed for driver cmgt7lmts0016mxar09d3mqpx
[Driver Activity Monitor] Processing driver cmgt7lmqs000ymxarz2f1edxx (Driver1 City Cabs)
  - Last location update: 2025-10-28T08:22:06.421Z
  - Active jobs: 0
  - Active shifts: 0
  - Current shift status: OFFLINE
  ✓ Emitted driver:status:changed for driver cmgt7lmqs000ymxarz2f1edxx
[Driver Activity Monitor] Processing driver cmgt7lms90012mxare5ugbirp (Driver2 City Cabs)
  - Last location update: Never
  - Active jobs: 0
  - Active shifts: 0
  - Current shift status: OFFLINE
  ✓ Emitted driver:status:changed for driver cmgt7lms90012mxare5ugbirp
[Driver Activity Monitor] Processed 9 inactive drivers
[Cron - Driver Activity] Processed inactive drivers: {
  count: 9,
  drivers: [
    {
      id: 'cmgt7lmye001imxarbrwufab7',
      name: 'Driver3 Quick Ride',
      unassignedJobs: 0
    },
    {
      id: 'cmgt7lmww001emxarm6fiocom',
      name: 'Driver2 Quick Ride',
      unassignedJobs: 0
    },
    {
      id: 'cmgt7lmns000qmxarybo79dix',
      name: 'Driver2 Metro Taxi',
      unassignedJobs: 0
    },
    {
      id: 'cmgt7lmva001amxargvvis3qo',
      name: 'Driver1 Quick Ride',
      unassignedJobs: 0
    },
    {
      id: 'cmgt7lmm7000mmxarb23yrhm4',
      name: 'Driver1 Metro Taxi',
      unassignedJobs: 0
    },
    {
      id: 'cmgt7lmpa000umxaro9mk6xmc',
      name: 'Driver3 Metro Taxi',
      unassignedJobs: 0
    },
    {
      id: 'cmgt7lmts0016mxar09d3mqpx',
      name: 'Driver3 City Cabs',
      unassignedJobs: 0
    },
    {
      id: 'cmgt7lmqs000ymxarz2f1edxx',
      name: 'Driver1 City Cabs',
      unassignedJobs: 0
    },
    {
      id: 'cmgt7lms90012mxare5ugbirp',
      name: 'Driver2 City Cabs',
      unassignedJobs: 0
    }
  ]
}
[Driver Activity Monitor] Checking driver activity at 2025-10-28T08:50:00.007Z
[Driver Activity Monitor] Threshold: 2025-10-28T08:40:00.007Z
[Driver Activity Monitor] Found 9 total active drivers
[Driver Activity Monitor] Driver3 Quick Ride:
  - Location Update: Never
  - Status Update: 2025-10-18T09:55:35.663Z
  - Preferences Location: Never
  - User Updated: Sat Oct 18 2025 12:55:35 GMT+0300 (Arabian Standard Time)
  - Last Activity: 2025-10-18T09:55:35.665Z
  - Inactive: true
[Driver Activity Monitor] Driver2 Quick Ride:
  - Location Update: Never
  - Status Update: 2025-10-18T09:55:35.663Z
  - Preferences Location: Never
  - User Updated: Sat Oct 18 2025 12:55:35 GMT+0300 (Arabian Standard Time)
  - Last Activity: 2025-10-18T09:55:35.665Z
  - Inactive: true
[Driver Activity Monitor] Driver2 Metro Taxi:
  - Location Update: Never
  - Status Update: 2025-10-18T09:55:35.663Z
  - Preferences Location: Never
  - User Updated: Sat Oct 18 2025 12:55:35 GMT+0300 (Arabian Standard Time)
  - Last Activity: 2025-10-18T09:55:35.665Z
  - Inactive: true
[Driver Activity Monitor] Driver1 Quick Ride:
  - Location Update: Never
  - Status Update: 2025-10-18T09:55:35.663Z
  - Preferences Location: Never
  - User Updated: Sat Oct 18 2025 12:55:35 GMT+0300 (Arabian Standard Time)
  - Last Activity: 2025-10-18T09:55:35.665Z
  - Inactive: true
[Driver Activity Monitor] Driver1 Metro Taxi:
  - Location Update: Never
  - Status Update: 2025-10-18T09:55:35.663Z
  - Preferences Location: Never
  - User Updated: Sat Oct 18 2025 12:55:35 GMT+0300 (Arabian Standard Time)
  - Last Activity: 2025-10-18T09:55:35.665Z
  - Inactive: true
[Driver Activity Monitor] Driver3 Metro Taxi:
  - Location Update: Never
  - Status Update: 2025-10-18T09:55:35.663Z
  - Preferences Location: Never
  - User Updated: Sat Oct 18 2025 12:55:35 GMT+0300 (Arabian Standard Time)
  - Last Activity: 2025-10-18T09:55:35.665Z
  - Inactive: true
[Driver Activity Monitor] Driver3 City Cabs:
  - Location Update: Never
  - Status Update: 2025-10-22T11:00:39.313Z
  - Preferences Location: Never
  - User Updated: Fri Oct 24 2025 19:30:17 GMT+0300 (Arabian Standard Time)
  - Last Activity: 2025-10-24T16:30:17.836Z
  - Inactive: true
[Driver Activity Monitor] Driver1 City Cabs:
  - Location Update: 2025-10-28T08:22:06.421Z
  - Status Update: 2025-10-28T08:22:46.335Z
  - Preferences Location: Never
  - User Updated: Tue Oct 28 2025 11:22:46 GMT+0300 (Arabian Standard Time)
  - Last Activity: 2025-10-28T08:22:46.337Z
  - Inactive: true
[Driver Activity Monitor] Driver2 City Cabs:
  - Location Update: Never
  - Status Update: 2025-10-18T09:55:35.663Z
  - Preferences Location: Never
  - User Updated: Sat Oct 18 2025 12:55:35 GMT+0300 (Arabian Standard Time)
  - Last Activity: 2025-10-18T09:55:35.665Z
  - Inactive: true
[Driver Activity Monitor] Found 9 inactive drivers
[Driver Activity Monitor] Processing driver cmgt7lmye001imxarbrwufab7 (Driver3 Quick Ride)
  - Last location update: Never
  - Active jobs: 0
  - Active shifts: 0
  - Current shift status: OFFLINE
  ✓ Emitted driver:status:changed for driver cmgt7lmye001imxarbrwufab7
[Driver Activity Monitor] Processing driver cmgt7lmww001emxarm6fiocom (Driver2 Quick Ride)
  - Last location update: Never
  - Active jobs: 0
  - Active shifts: 0
  - Current shift status: OFFLINE
  ✓ Emitted driver:status:changed for driver cmgt7lmww001emxarm6fiocom
[Driver Activity Monitor] Processing driver cmgt7lmns000qmxarybo79dix (Driver2 Metro Taxi)
  - Last location update: Never
  - Active jobs: 0
  - Active shifts: 0
  - Current shift status: OFFLINE
  ✓ Emitted driver:status:changed for driver cmgt7lmns000qmxarybo79dix
[Driver Activity Monitor] Processing driver cmgt7lmva001amxargvvis3qo (Driver1 Quick Ride)
  - Last location update: Never
  - Active jobs: 0
  - Active shifts: 0
  - Current shift status: OFFLINE
  ✓ Emitted driver:status:changed for driver cmgt7lmva001amxargvvis3qo
[Driver Activity Monitor] Processing driver cmgt7lmm7000mmxarb23yrhm4 (Driver1 Metro Taxi)
  - Last location update: Never
  - Active jobs: 0
  - Active shifts: 0
  - Current shift status: OFFLINE
  ✓ Emitted driver:status:changed for driver cmgt7lmm7000mmxarb23yrhm4
[Driver Activity Monitor] Processing driver cmgt7lmpa000umxaro9mk6xmc (Driver3 Metro Taxi)
  - Last location update: Never
  - Active jobs: 0
  - Active shifts: 0
  - Current shift status: OFFLINE
  ✓ Emitted driver:status:changed for driver cmgt7lmpa000umxaro9mk6xmc
[Driver Activity Monitor] Processing driver cmgt7lmts0016mxar09d3mqpx (Driver3 City Cabs)
  - Last location update: Never
  - Active jobs: 0
  - Active shifts: 0
  - Current shift status: OFFLINE
  ✓ Emitted driver:status:changed for driver cmgt7lmts0016mxar09d3mqpx
[Driver Activity Monitor] Processing driver cmgt7lmqs000ymxarz2f1edxx (Driver1 City Cabs)
  - Last location update: 2025-10-28T08:22:06.421Z
  - Active jobs: 0
  - Active shifts: 0
  - Current shift status: OFFLINE
  ✓ Emitted driver:status:changed for driver cmgt7lmqs000ymxarz2f1edxx
[Driver Activity Monitor] Processing driver cmgt7lms90012mxare5ugbirp (Driver2 City Cabs)
  - Last location update: Never
  - Active jobs: 0
  - Active shifts: 0
  - Current shift status: OFFLINE
  ✓ Emitted driver:status:changed for driver cmgt7lms90012mxare5ugbirp
[Driver Activity Monitor] Processed 9 inactive drivers
[Cron - Driver Activity] Processed inactive drivers: {
  count: 9,
  drivers: [
    {
      id: 'cmgt7lmye001imxarbrwufab7',
      name: 'Driver3 Quick Ride',
      unassignedJobs: 0
    },
    {
      id: 'cmgt7lmww001emxarm6fiocom',
      name: 'Driver2 Quick Ride',
      unassignedJobs: 0
    },
    {
      id: 'cmgt7lmns000qmxarybo79dix',
      name: 'Driver2 Metro Taxi',
      unassignedJobs: 0
    },
    {
      id: 'cmgt7lmva001amxargvvis3qo',
      name: 'Driver1 Quick Ride',
      unassignedJobs: 0
    },
    {
      id: 'cmgt7lmm7000mmxarb23yrhm4',
      name: 'Driver1 Metro Taxi',
      unassignedJobs: 0
    },
    {
      id: 'cmgt7lmpa000umxaro9mk6xmc',
      name: 'Driver3 Metro Taxi',
      unassignedJobs: 0
    },
    {
      id: 'cmgt7lmts0016mxar09d3mqpx',
      name: 'Driver3 City Cabs',
      unassignedJobs: 0
    },
    {
      id: 'cmgt7lmqs000ymxarz2f1edxx',
      name: 'Driver1 City Cabs',
      unassignedJobs: 0
    },
    {
      id: 'cmgt7lms90012mxare5ugbirp',
      name: 'Driver2 City Cabs',
      unassignedJobs: 0
    }
  ]
}
[Driver Activity Monitor] Checking driver activity at 2025-10-28T08:51:00.010Z
[Driver Activity Monitor] Threshold: 2025-10-28T08:41:00.010Z
[Driver Activity Monitor] Found 9 total active drivers
[Driver Activity Monitor] Driver3 Quick Ride:
  - Location Update: Never
  - Status Update: 2025-10-18T09:55:35.663Z
  - Preferences Location: Never
  - User Updated: Sat Oct 18 2025 12:55:35 GMT+0300 (Arabian Standard Time)
  - Last Activity: 2025-10-18T09:55:35.665Z
  - Inactive: true
[Driver Activity Monitor] Driver2 Quick Ride:
  - Location Update: Never
  - Status Update: 2025-10-18T09:55:35.663Z
  - Preferences Location: Never
  - User Updated: Sat Oct 18 2025 12:55:35 GMT+0300 (Arabian Standard Time)
  - Last Activity: 2025-10-18T09:55:35.665Z
  - Inactive: true
[Driver Activity Monitor] Driver2 Metro Taxi:
  - Location Update: Never
  - Status Update: 2025-10-18T09:55:35.663Z
  - Preferences Location: Never
  - User Updated: Sat Oct 18 2025 12:55:35 GMT+0300 (Arabian Standard Time)
  - Last Activity: 2025-10-18T09:55:35.665Z
  - Inactive: true
[Driver Activity Monitor] Driver1 Quick Ride:
  - Location Update: Never
  - Status Update: 2025-10-18T09:55:35.663Z
  - Preferences Location: Never
  - User Updated: Sat Oct 18 2025 12:55:35 GMT+0300 (Arabian Standard Time)
  - Last Activity: 2025-10-18T09:55:35.665Z
  - Inactive: true
[Driver Activity Monitor] Driver1 Metro Taxi:
  - Location Update: Never
  - Status Update: 2025-10-18T09:55:35.663Z
  - Preferences Location: Never
  - User Updated: Sat Oct 18 2025 12:55:35 GMT+0300 (Arabian Standard Time)
  - Last Activity: 2025-10-18T09:55:35.665Z
  - Inactive: true
[Driver Activity Monitor] Driver3 Metro Taxi:
  - Location Update: Never
  - Status Update: 2025-10-18T09:55:35.663Z
  - Preferences Location: Never
  - User Updated: Sat Oct 18 2025 12:55:35 GMT+0300 (Arabian Standard Time)
  - Last Activity: 2025-10-18T09:55:35.665Z
  - Inactive: true
[Driver Activity Monitor] Driver3 City Cabs:
  - Location Update: Never
  - Status Update: 2025-10-22T11:00:39.313Z
  - Preferences Location: Never
  - User Updated: Fri Oct 24 2025 19:30:17 GMT+0300 (Arabian Standard Time)
  - Last Activity: 2025-10-24T16:30:17.836Z
  - Inactive: true
[Driver Activity Monitor] Driver1 City Cabs:
  - Location Update: 2025-10-28T08:22:06.421Z
  - Status Update: 2025-10-28T08:22:46.335Z
  - Preferences Location: Never
  - User Updated: Tue Oct 28 2025 11:22:46 GMT+0300 (Arabian Standard Time)
  - Last Activity: 2025-10-28T08:22:46.337Z
  - Inactive: true
[Driver Activity Monitor] Driver2 City Cabs:
  - Location Update: Never
  - Status Update: 2025-10-18T09:55:35.663Z
  - Preferences Location: Never
  - User Updated: Sat Oct 18 2025 12:55:35 GMT+0300 (Arabian Standard Time)
  - Last Activity: 2025-10-18T09:55:35.665Z
  - Inactive: true
[Driver Activity Monitor] Found 9 inactive drivers
[Driver Activity Monitor] Processing driver cmgt7lmye001imxarbrwufab7 (Driver3 Quick Ride)
  - Last location update: Never
  - Active jobs: 0
  - Active shifts: 0
  - Current shift status: OFFLINE
  ✓ Emitted driver:status:changed for driver cmgt7lmye001imxarbrwufab7
[Driver Activity Monitor] Processing driver cmgt7lmww001emxarm6fiocom (Driver2 Quick Ride)
  - Last location update: Never
  - Active jobs: 0
  - Active shifts: 0
  - Current shift status: OFFLINE
  ✓ Emitted driver:status:changed for driver cmgt7lmww001emxarm6fiocom
[Driver Activity Monitor] Processing driver cmgt7lmns000qmxarybo79dix (Driver2 Metro Taxi)
  - Last location update: Never
  - Active jobs: 0
  - Active shifts: 0
  - Current shift status: OFFLINE
  ✓ Emitted driver:status:changed for driver cmgt7lmns000qmxarybo79dix
[Driver Activity Monitor] Processing driver cmgt7lmva001amxargvvis3qo (Driver1 Quick Ride)
  - Last location update: Never
  - Active jobs: 0
  - Active shifts: 0
  - Current shift status: OFFLINE
  ✓ Emitted driver:status:changed for driver cmgt7lmva001amxargvvis3qo
[Driver Activity Monitor] Processing driver cmgt7lmm7000mmxarb23yrhm4 (Driver1 Metro Taxi)
  - Last location update: Never
  - Active jobs: 0
  - Active shifts: 0
  - Current shift status: OFFLINE
  ✓ Emitted driver:status:changed for driver cmgt7lmm7000mmxarb23yrhm4
[Driver Activity Monitor] Processing driver cmgt7lmpa000umxaro9mk6xmc (Driver3 Metro Taxi)
  - Last location update: Never
  - Active jobs: 0
  - Active shifts: 0
  - Current shift status: OFFLINE
  ✓ Emitted driver:status:changed for driver cmgt7lmpa000umxaro9mk6xmc
[Driver Activity Monitor] Processing driver cmgt7lmts0016mxar09d3mqpx (Driver3 City Cabs)
  - Last location update: Never
  - Active jobs: 0
  - Active shifts: 0
  - Current shift status: OFFLINE
  ✓ Emitted driver:status:changed for driver cmgt7lmts0016mxar09d3mqpx
[Driver Activity Monitor] Processing driver cmgt7lmqs000ymxarz2f1edxx (Driver1 City Cabs)
  - Last location update: 2025-10-28T08:22:06.421Z
  - Active jobs: 0
  - Active shifts: 0
  - Current shift status: OFFLINE
  ✓ Emitted driver:status:changed for driver cmgt7lmqs000ymxarz2f1edxx
[Driver Activity Monitor] Processing driver cmgt7lms90012mxare5ugbirp (Driver2 City Cabs)
  - Last location update: Never
  - Active jobs: 0
  - Active shifts: 0
  - Current shift status: OFFLINE
  ✓ Emitted driver:status:changed for driver cmgt7lms90012mxare5ugbirp
[Driver Activity Monitor] Processed 9 inactive drivers
[Cron - Driver Activity] Processed inactive drivers: {
  count: 9,
  drivers: [
    {
      id: 'cmgt7lmye001imxarbrwufab7',
      name: 'Driver3 Quick Ride',
      unassignedJobs: 0
    },
    {
      id: 'cmgt7lmww001emxarm6fiocom',
      name: 'Driver2 Quick Ride',
      unassignedJobs: 0
    },
    {
      id: 'cmgt7lmns000qmxarybo79dix',
      name: 'Driver2 Metro Taxi',
      unassignedJobs: 0
    },
    {
      id: 'cmgt7lmva001amxargvvis3qo',
      name: 'Driver1 Quick Ride',
      unassignedJobs: 0
    },
    {
      id: 'cmgt7lmm7000mmxarb23yrhm4',
      name: 'Driver1 Metro Taxi',
      unassignedJobs: 0
    },
    {
      id: 'cmgt7lmpa000umxaro9mk6xmc',
      name: 'Driver3 Metro Taxi',
      unassignedJobs: 0
    },
    {
      id: 'cmgt7lmts0016mxar09d3mqpx',
      name: 'Driver3 City Cabs',
      unassignedJobs: 0
    },
    {
      id: 'cmgt7lmqs000ymxarz2f1edxx',
      name: 'Driver1 City Cabs',
      unassignedJobs: 0
    },
    {
      id: 'cmgt7lms90012mxare5ugbirp',
      name: 'Driver2 City Cabs',
      unassignedJobs: 0
    }
  ]
}
[Driver Activity Monitor] Checking driver activity at 2025-10-28T08:52:00.011Z
[Driver Activity Monitor] Threshold: 2025-10-28T08:42:00.011Z
[Driver Activity Monitor] Found 9 total active drivers
[Driver Activity Monitor] Driver3 Quick Ride:
  - Location Update: Never
  - Status Update: 2025-10-18T09:55:35.663Z
  - Preferences Location: Never
  - User Updated: Sat Oct 18 2025 12:55:35 GMT+0300 (Arabian Standard Time)
  - Last Activity: 2025-10-18T09:55:35.665Z
  - Inactive: true
[Driver Activity Monitor] Driver2 Quick Ride:
  - Location Update: Never
  - Status Update: 2025-10-18T09:55:35.663Z
  - Preferences Location: Never
  - User Updated: Sat Oct 18 2025 12:55:35 GMT+0300 (Arabian Standard Time)
  - Last Activity: 2025-10-18T09:55:35.665Z
  - Inactive: true
[Driver Activity Monitor] Driver2 Metro Taxi:
  - Location Update: Never
  - Status Update: 2025-10-18T09:55:35.663Z
  - Preferences Location: Never
  - User Updated: Sat Oct 18 2025 12:55:35 GMT+0300 (Arabian Standard Time)
  - Last Activity: 2025-10-18T09:55:35.665Z
  - Inactive: true
[Driver Activity Monitor] Driver1 Quick Ride:
  - Location Update: Never
  - Status Update: 2025-10-18T09:55:35.663Z
  - Preferences Location: Never
  - User Updated: Sat Oct 18 2025 12:55:35 GMT+0300 (Arabian Standard Time)
  - Last Activity: 2025-10-18T09:55:35.665Z
  - Inactive: true
[Driver Activity Monitor] Driver1 Metro Taxi:
  - Location Update: Never
  - Status Update: 2025-10-18T09:55:35.663Z
  - Preferences Location: Never
  - User Updated: Sat Oct 18 2025 12:55:35 GMT+0300 (Arabian Standard Time)
  - Last Activity: 2025-10-18T09:55:35.665Z
  - Inactive: true
[Driver Activity Monitor] Driver3 Metro Taxi:
  - Location Update: Never
  - Status Update: 2025-10-18T09:55:35.663Z
  - Preferences Location: Never
  - User Updated: Sat Oct 18 2025 12:55:35 GMT+0300 (Arabian Standard Time)
  - Last Activity: 2025-10-18T09:55:35.665Z
  - Inactive: true
[Driver Activity Monitor] Driver3 City Cabs:
  - Location Update: Never
  - Status Update: 2025-10-22T11:00:39.313Z
  - Preferences Location: Never
  - User Updated: Fri Oct 24 2025 19:30:17 GMT+0300 (Arabian Standard Time)
  - Last Activity: 2025-10-24T16:30:17.836Z
  - Inactive: true
[Driver Activity Monitor] Driver1 City Cabs:
  - Location Update: 2025-10-28T08:22:06.421Z
  - Status Update: 2025-10-28T08:22:46.335Z
  - Preferences Location: Never
  - User Updated: Tue Oct 28 2025 11:22:46 GMT+0300 (Arabian Standard Time)
  - Last Activity: 2025-10-28T08:22:46.337Z
  - Inactive: true
[Driver Activity Monitor] Driver2 City Cabs:
  - Location Update: Never
  - Status Update: 2025-10-18T09:55:35.663Z
  - Preferences Location: Never
  - User Updated: Sat Oct 18 2025 12:55:35 GMT+0300 (Arabian Standard Time)
  - Last Activity: 2025-10-18T09:55:35.665Z
  - Inactive: true
[Driver Activity Monitor] Found 9 inactive drivers
[Driver Activity Monitor] Processing driver cmgt7lmye001imxarbrwufab7 (Driver3 Quick Ride)
  - Last location update: Never
  - Active jobs: 0
  - Active shifts: 0
  - Current shift status: OFFLINE
  ✓ Emitted driver:status:changed for driver cmgt7lmye001imxarbrwufab7
[Driver Activity Monitor] Processing driver cmgt7lmww001emxarm6fiocom (Driver2 Quick Ride)
  - Last location update: Never
  - Active jobs: 0
  - Active shifts: 0
  - Current shift status: OFFLINE
  ✓ Emitted driver:status:changed for driver cmgt7lmww001emxarm6fiocom
[Driver Activity Monitor] Processing driver cmgt7lmns000qmxarybo79dix (Driver2 Metro Taxi)
  - Last location update: Never
  - Active jobs: 0
  - Active shifts: 0
  - Current shift status: OFFLINE
  ✓ Emitted driver:status:changed for driver cmgt7lmns000qmxarybo79dix
[Driver Activity Monitor] Processing driver cmgt7lmva001amxargvvis3qo (Driver1 Quick Ride)
  - Last location update: Never
  - Active jobs: 0
  - Active shifts: 0
  - Current shift status: OFFLINE
  ✓ Emitted driver:status:changed for driver cmgt7lmva001amxargvvis3qo
[Driver Activity Monitor] Processing driver cmgt7lmm7000mmxarb23yrhm4 (Driver1 Metro Taxi)
  - Last location update: Never
  - Active jobs: 0
  - Active shifts: 0
  - Current shift status: OFFLINE
  ✓ Emitted driver:status:changed for driver cmgt7lmm7000mmxarb23yrhm4
[Driver Activity Monitor] Processing driver cmgt7lmpa000umxaro9mk6xmc (Driver3 Metro Taxi)
  - Last location update: Never
  - Active jobs: 0
  - Active shifts: 0
  - Current shift status: OFFLINE
  ✓ Emitted driver:status:changed for driver cmgt7lmpa000umxaro9mk6xmc
[Driver Activity Monitor] Processing driver cmgt7lmts0016mxar09d3mqpx (Driver3 City Cabs)
  - Last location update: Never
  - Active jobs: 0
  - Active shifts: 0
  - Current shift status: OFFLINE
  ✓ Emitted driver:status:changed for driver cmgt7lmts0016mxar09d3mqpx
[Driver Activity Monitor] Processing driver cmgt7lmqs000ymxarz2f1edxx (Driver1 City Cabs)
  - Last location update: 2025-10-28T08:22:06.421Z
  - Active jobs: 0
  - Active shifts: 0
  - Current shift status: OFFLINE
  ✓ Emitted driver:status:changed for driver cmgt7lmqs000ymxarz2f1edxx
[Driver Activity Monitor] Processing driver cmgt7lms90012mxare5ugbirp (Driver2 City Cabs)
  - Last location update: Never
  - Active jobs: 0
  - Active shifts: 0
  - Current shift status: OFFLINE
  ✓ Emitted driver:status:changed for driver cmgt7lms90012mxare5ugbirp
[Driver Activity Monitor] Processed 9 inactive drivers
[Cron - Driver Activity] Processed inactive drivers: {
  count: 9,
  drivers: [
    {
      id: 'cmgt7lmye001imxarbrwufab7',
      name: 'Driver3 Quick Ride',
      unassignedJobs: 0
    },
    {
      id: 'cmgt7lmww001emxarm6fiocom',
      name: 'Driver2 Quick Ride',
      unassignedJobs: 0
    },
    {
      id: 'cmgt7lmns000qmxarybo79dix',
      name: 'Driver2 Metro Taxi',
      unassignedJobs: 0
    },
    {
      id: 'cmgt7lmva001amxargvvis3qo',
      name: 'Driver1 Quick Ride',
      unassignedJobs: 0
    },
    {
      id: 'cmgt7lmm7000mmxarb23yrhm4',
      name: 'Driver1 Metro Taxi',
      unassignedJobs: 0
    },
    {
      id: 'cmgt7lmpa000umxaro9mk6xmc',
      name: 'Driver3 Metro Taxi',
      unassignedJobs: 0
    },
    {
      id: 'cmgt7lmts0016mxar09d3mqpx',
      name: 'Driver3 City Cabs',
      unassignedJobs: 0
    },
    {
      id: 'cmgt7lmqs000ymxarz2f1edxx',
      name: 'Driver1 City Cabs',
      unassignedJobs: 0
    },
    {
      id: 'cmgt7lms90012mxare5ugbirp',
      name: 'Driver2 City Cabs',
      unassignedJobs: 0
    }
  ]
}
[Driver Activity Monitor] Checking driver activity at 2025-10-28T08:53:00.009Z
[Driver Activity Monitor] Threshold: 2025-10-28T08:43:00.009Z
[Driver Activity Monitor] Found 9 total active drivers
[Driver Activity Monitor] Driver3 Quick Ride:
  - Location Update: Never
  - Status Update: 2025-10-18T09:55:35.663Z
  - Preferences Location: Never
  - User Updated: Sat Oct 18 2025 12:55:35 GMT+0300 (Arabian Standard Time)
  - Last Activity: 2025-10-18T09:55:35.665Z
  - Inactive: true
[Driver Activity Monitor] Driver2 Quick Ride:
  - Location Update: Never
  - Status Update: 2025-10-18T09:55:35.663Z
  - Preferences Location: Never
  - User Updated: Sat Oct 18 2025 12:55:35 GMT+0300 (Arabian Standard Time)
  - Last Activity: 2025-10-18T09:55:35.665Z
  - Inactive: true
[Driver Activity Monitor] Driver2 Metro Taxi:
  - Location Update: Never
  - Status Update: 2025-10-18T09:55:35.663Z
  - Preferences Location: Never
  - User Updated: Sat Oct 18 2025 12:55:35 GMT+0300 (Arabian Standard Time)
  - Last Activity: 2025-10-18T09:55:35.665Z
  - Inactive: true
[Driver Activity Monitor] Driver1 Quick Ride:
  - Location Update: Never
  - Status Update: 2025-10-18T09:55:35.663Z
  - Preferences Location: Never
  - User Updated: Sat Oct 18 2025 12:55:35 GMT+0300 (Arabian Standard Time)
  - Last Activity: 2025-10-18T09:55:35.665Z
  - Inactive: true
[Driver Activity Monitor] Driver1 Metro Taxi:
  - Location Update: Never
  - Status Update: 2025-10-18T09:55:35.663Z
  - Preferences Location: Never
  - User Updated: Sat Oct 18 2025 12:55:35 GMT+0300 (Arabian Standard Time)
  - Last Activity: 2025-10-18T09:55:35.665Z
  - Inactive: true
[Driver Activity Monitor] Driver3 Metro Taxi:
  - Location Update: Never
  - Status Update: 2025-10-18T09:55:35.663Z
  - Preferences Location: Never
  - User Updated: Sat Oct 18 2025 12:55:35 GMT+0300 (Arabian Standard Time)
  - Last Activity: 2025-10-18T09:55:35.665Z
  - Inactive: true
[Driver Activity Monitor] Driver3 City Cabs:
  - Location Update: Never
  - Status Update: 2025-10-22T11:00:39.313Z
  - Preferences Location: Never
  - User Updated: Fri Oct 24 2025 19:30:17 GMT+0300 (Arabian Standard Time)
  - Last Activity: 2025-10-24T16:30:17.836Z
  - Inactive: true
[Driver Activity Monitor] Driver1 City Cabs:
  - Location Update: 2025-10-28T08:22:06.421Z
  - Status Update: 2025-10-28T08:22:46.335Z
  - Preferences Location: Never
  - User Updated: Tue Oct 28 2025 11:22:46 GMT+0300 (Arabian Standard Time)
  - Last Activity: 2025-10-28T08:22:46.337Z
  - Inactive: true
[Driver Activity Monitor] Driver2 City Cabs:
  - Location Update: Never
  - Status Update: 2025-10-18T09:55:35.663Z
  - Preferences Location: Never
  - User Updated: Sat Oct 18 2025 12:55:35 GMT+0300 (Arabian Standard Time)
  - Last Activity: 2025-10-18T09:55:35.665Z
  - Inactive: true
[Driver Activity Monitor] Found 9 inactive drivers
[Driver Activity Monitor] Processing driver cmgt7lmye001imxarbrwufab7 (Driver3 Quick Ride)
  - Last location update: Never
  - Active jobs: 0
  - Active shifts: 0
  - Current shift status: OFFLINE
  ✓ Emitted driver:status:changed for driver cmgt7lmye001imxarbrwufab7
[Driver Activity Monitor] Processing driver cmgt7lmww001emxarm6fiocom (Driver2 Quick Ride)
  - Last location update: Never
  - Active jobs: 0
  - Active shifts: 0
  - Current shift status: OFFLINE
  ✓ Emitted driver:status:changed for driver cmgt7lmww001emxarm6fiocom
[Driver Activity Monitor] Processing driver cmgt7lmns000qmxarybo79dix (Driver2 Metro Taxi)
  - Last location update: Never
  - Active jobs: 0
  - Active shifts: 0
  - Current shift status: OFFLINE
  ✓ Emitted driver:status:changed for driver cmgt7lmns000qmxarybo79dix
[Driver Activity Monitor] Processing driver cmgt7lmva001amxargvvis3qo (Driver1 Quick Ride)
  - Last location update: Never
  - Active jobs: 0
  - Active shifts: 0
  - Current shift status: OFFLINE
  ✓ Emitted driver:status:changed for driver cmgt7lmva001amxargvvis3qo
[Driver Activity Monitor] Processing driver cmgt7lmm7000mmxarb23yrhm4 (Driver1 Metro Taxi)
  - Last location update: Never
  - Active jobs: 0
  - Active shifts: 0
  - Current shift status: OFFLINE
  ✓ Emitted driver:status:changed for driver cmgt7lmm7000mmxarb23yrhm4
[Driver Activity Monitor] Processing driver cmgt7lmpa000umxaro9mk6xmc (Driver3 Metro Taxi)
  - Last location update: Never
  - Active jobs: 0
  - Active shifts: 0
  - Current shift status: OFFLINE
  ✓ Emitted driver:status:changed for driver cmgt7lmpa000umxaro9mk6xmc
[Driver Activity Monitor] Processing driver cmgt7lmts0016mxar09d3mqpx (Driver3 City Cabs)
  - Last location update: Never
  - Active jobs: 0
  - Active shifts: 0
  - Current shift status: OFFLINE
  ✓ Emitted driver:status:changed for driver cmgt7lmts0016mxar09d3mqpx
[Driver Activity Monitor] Processing driver cmgt7lmqs000ymxarz2f1edxx (Driver1 City Cabs)
  - Last location update: 2025-10-28T08:22:06.421Z
  - Active jobs: 0
  - Active shifts: 0
  - Current shift status: OFFLINE
  ✓ Emitted driver:status:changed for driver cmgt7lmqs000ymxarz2f1edxx
[Driver Activity Monitor] Processing driver cmgt7lms90012mxare5ugbirp (Driver2 City Cabs)
  - Last location update: Never
  - Active jobs: 0
  - Active shifts: 0
  - Current shift status: OFFLINE
  ✓ Emitted driver:status:changed for driver cmgt7lms90012mxare5ugbirp
[Driver Activity Monitor] Processed 9 inactive drivers
[Cron - Driver Activity] Processed inactive drivers: {
  count: 9,
  drivers: [
    {
      id: 'cmgt7lmye001imxarbrwufab7',
      name: 'Driver3 Quick Ride',
      unassignedJobs: 0
    },
    {
      id: 'cmgt7lmww001emxarm6fiocom',
      name: 'Driver2 Quick Ride',
      unassignedJobs: 0
    },
    {
      id: 'cmgt7lmns000qmxarybo79dix',
      name: 'Driver2 Metro Taxi',
      unassignedJobs: 0
    },
    {
      id: 'cmgt7lmva001amxargvvis3qo',
      name: 'Driver1 Quick Ride',
      unassignedJobs: 0
    },
    {
      id: 'cmgt7lmm7000mmxarb23yrhm4',
      name: 'Driver1 Metro Taxi',
      unassignedJobs: 0
    },
    {
      id: 'cmgt7lmpa000umxaro9mk6xmc',
      name: 'Driver3 Metro Taxi',
      unassignedJobs: 0
    },
    {
      id: 'cmgt7lmts0016mxar09d3mqpx',
      name: 'Driver3 City Cabs',
      unassignedJobs: 0
    },
    {
      id: 'cmgt7lmqs000ymxarz2f1edxx',
      name: 'Driver1 City Cabs',
      unassignedJobs: 0
    },
    {
      id: 'cmgt7lms90012mxare5ugbirp',
      name: 'Driver2 City Cabs',
      unassignedJobs: 0
    }
  ]
}
[Driver Activity Monitor] Checking driver activity at 2025-10-28T08:54:00.014Z
[Driver Activity Monitor] Threshold: 2025-10-28T08:44:00.014Z
[Driver Activity Monitor] Found 9 total active drivers
[Driver Activity Monitor] Driver3 Quick Ride:
  - Location Update: Never
  - Status Update: 2025-10-18T09:55:35.663Z
  - Preferences Location: Never
  - User Updated: Sat Oct 18 2025 12:55:35 GMT+0300 (Arabian Standard Time)
  - Last Activity: 2025-10-18T09:55:35.665Z
  - Inactive: true
[Driver Activity Monitor] Driver2 Quick Ride:
  - Location Update: Never
  - Status Update: 2025-10-18T09:55:35.663Z
  - Preferences Location: Never
  - User Updated: Sat Oct 18 2025 12:55:35 GMT+0300 (Arabian Standard Time)
  - Last Activity: 2025-10-18T09:55:35.665Z
  - Inactive: true
[Driver Activity Monitor] Driver2 Metro Taxi:
  - Location Update: Never
  - Status Update: 2025-10-18T09:55:35.663Z
  - Preferences Location: Never
  - User Updated: Sat Oct 18 2025 12:55:35 GMT+0300 (Arabian Standard Time)
  - Last Activity: 2025-10-18T09:55:35.665Z
  - Inactive: true
[Driver Activity Monitor] Driver1 Quick Ride:
  - Location Update: Never
  - Status Update: 2025-10-18T09:55:35.663Z
  - Preferences Location: Never
  - User Updated: Sat Oct 18 2025 12:55:35 GMT+0300 (Arabian Standard Time)
  - Last Activity: 2025-10-18T09:55:35.665Z
  - Inactive: true
[Driver Activity Monitor] Driver1 Metro Taxi:
  - Location Update: Never
  - Status Update: 2025-10-18T09:55:35.663Z
  - Preferences Location: Never
  - User Updated: Sat Oct 18 2025 12:55:35 GMT+0300 (Arabian Standard Time)
  - Last Activity: 2025-10-18T09:55:35.665Z
  - Inactive: true
[Driver Activity Monitor] Driver3 Metro Taxi:
  - Location Update: Never
  - Status Update: 2025-10-18T09:55:35.663Z
  - Preferences Location: Never
  - User Updated: Sat Oct 18 2025 12:55:35 GMT+0300 (Arabian Standard Time)
  - Last Activity: 2025-10-18T09:55:35.665Z
  - Inactive: true
[Driver Activity Monitor] Driver3 City Cabs:
  - Location Update: Never
  - Status Update: 2025-10-22T11:00:39.313Z
  - Preferences Location: Never
  - User Updated: Fri Oct 24 2025 19:30:17 GMT+0300 (Arabian Standard Time)
  - Last Activity: 2025-10-24T16:30:17.836Z
  - Inactive: true
[Driver Activity Monitor] Driver1 City Cabs:
  - Location Update: 2025-10-28T08:22:06.421Z
  - Status Update: 2025-10-28T08:22:46.335Z
  - Preferences Location: Never
  - User Updated: Tue Oct 28 2025 11:22:46 GMT+0300 (Arabian Standard Time)
  - Last Activity: 2025-10-28T08:22:46.337Z
  - Inactive: true
[Driver Activity Monitor] Driver2 City Cabs:
  - Location Update: Never
  - Status Update: 2025-10-18T09:55:35.663Z
  - Preferences Location: Never
  - User Updated: Sat Oct 18 2025 12:55:35 GMT+0300 (Arabian Standard Time)
  - Last Activity: 2025-10-18T09:55:35.665Z
  - Inactive: true
[Driver Activity Monitor] Found 9 inactive drivers
[Driver Activity Monitor] Processing driver cmgt7lmye001imxarbrwufab7 (Driver3 Quick Ride)
  - Last location update: Never
  - Active jobs: 0
  - Active shifts: 0
  - Current shift status: OFFLINE
  ✓ Emitted driver:status:changed for driver cmgt7lmye001imxarbrwufab7
[Driver Activity Monitor] Processing driver cmgt7lmww001emxarm6fiocom (Driver2 Quick Ride)
  - Last location update: Never
  - Active jobs: 0
  - Active shifts: 0
  - Current shift status: OFFLINE
  ✓ Emitted driver:status:changed for driver cmgt7lmww001emxarm6fiocom
[Driver Activity Monitor] Processing driver cmgt7lmns000qmxarybo79dix (Driver2 Metro Taxi)
  - Last location update: Never
  - Active jobs: 0
  - Active shifts: 0
  - Current shift status: OFFLINE
  ✓ Emitted driver:status:changed for driver cmgt7lmns000qmxarybo79dix
[Driver Activity Monitor] Processing driver cmgt7lmva001amxargvvis3qo (Driver1 Quick Ride)
  - Last location update: Never
  - Active jobs: 0
  - Active shifts: 0
  - Current shift status: OFFLINE
  ✓ Emitted driver:status:changed for driver cmgt7lmva001amxargvvis3qo
[Driver Activity Monitor] Processing driver cmgt7lmm7000mmxarb23yrhm4 (Driver1 Metro Taxi)
  - Last location update: Never
  - Active jobs: 0
  - Active shifts: 0
  - Current shift status: OFFLINE
  ✓ Emitted driver:status:changed for driver cmgt7lmm7000mmxarb23yrhm4
[Driver Activity Monitor] Processing driver cmgt7lmpa000umxaro9mk6xmc (Driver3 Metro Taxi)
  - Last location update: Never
  - Active jobs: 0
  - Active shifts: 0
  - Current shift status: OFFLINE
  ✓ Emitted driver:status:changed for driver cmgt7lmpa000umxaro9mk6xmc
[Driver Activity Monitor] Processing driver cmgt7lmts0016mxar09d3mqpx (Driver3 City Cabs)
  - Last location update: Never
  - Active jobs: 0
  - Active shifts: 0
  - Current shift status: OFFLINE
  ✓ Emitted driver:status:changed for driver cmgt7lmts0016mxar09d3mqpx
[Driver Activity Monitor] Processing driver cmgt7lmqs000ymxarz2f1edxx (Driver1 City Cabs)
  - Last location update: 2025-10-28T08:22:06.421Z
  - Active jobs: 0
  - Active shifts: 0
  - Current shift status: OFFLINE
  ✓ Emitted driver:status:changed for driver cmgt7lmqs000ymxarz2f1edxx
[Driver Activity Monitor] Processing driver cmgt7lms90012mxare5ugbirp (Driver2 City Cabs)
  - Last location update: Never
  - Active jobs: 0
  - Active shifts: 0
  - Current shift status: OFFLINE
  ✓ Emitted driver:status:changed for driver cmgt7lms90012mxare5ugbirp
[Driver Activity Monitor] Processed 9 inactive drivers
[Cron - Driver Activity] Processed inactive drivers: {
  count: 9,
  drivers: [
    {
      id: 'cmgt7lmye001imxarbrwufab7',
      name: 'Driver3 Quick Ride',
      unassignedJobs: 0
    },
    {
      id: 'cmgt7lmww001emxarm6fiocom',
      name: 'Driver2 Quick Ride',
      unassignedJobs: 0
    },
    {
      id: 'cmgt7lmns000qmxarybo79dix',
      name: 'Driver2 Metro Taxi',
      unassignedJobs: 0
    },
    {
      id: 'cmgt7lmva001amxargvvis3qo',
      name: 'Driver1 Quick Ride',
      unassignedJobs: 0
    },
    {
      id: 'cmgt7lmm7000mmxarb23yrhm4',
      name: 'Driver1 Metro Taxi',
      unassignedJobs: 0
    },
    {
      id: 'cmgt7lmpa000umxaro9mk6xmc',
      name: 'Driver3 Metro Taxi',
      unassignedJobs: 0
    },
    {
      id: 'cmgt7lmts0016mxar09d3mqpx',
      name: 'Driver3 City Cabs',
      unassignedJobs: 0
    },
    {
      id: 'cmgt7lmqs000ymxarz2f1edxx',
      name: 'Driver1 City Cabs',
      unassignedJobs: 0
    },
    {
      id: 'cmgt7lms90012mxare5ugbirp',
      name: 'Driver2 City Cabs',
      unassignedJobs: 0
    }
  ]
}
[Driver Activity Monitor] Checking driver activity at 2025-10-28T08:55:00.010Z
[Driver Activity Monitor] Threshold: 2025-10-28T08:45:00.010Z
[Driver Activity Monitor] Found 9 total active drivers
[Driver Activity Monitor] Driver3 Quick Ride:
  - Location Update: Never
  - Status Update: 2025-10-18T09:55:35.663Z
  - Preferences Location: Never
  - User Updated: Sat Oct 18 2025 12:55:35 GMT+0300 (Arabian Standard Time)
  - Last Activity: 2025-10-18T09:55:35.665Z
  - Inactive: true
[Driver Activity Monitor] Driver2 Quick Ride:
  - Location Update: Never
  - Status Update: 2025-10-18T09:55:35.663Z
  - Preferences Location: Never
  - User Updated: Sat Oct 18 2025 12:55:35 GMT+0300 (Arabian Standard Time)
  - Last Activity: 2025-10-18T09:55:35.665Z
  - Inactive: true
[Driver Activity Monitor] Driver2 Metro Taxi:
  - Location Update: Never
  - Status Update: 2025-10-18T09:55:35.663Z
  - Preferences Location: Never
  - User Updated: Sat Oct 18 2025 12:55:35 GMT+0300 (Arabian Standard Time)
  - Last Activity: 2025-10-18T09:55:35.665Z
  - Inactive: true
[Driver Activity Monitor] Driver1 Quick Ride:
  - Location Update: Never
  - Status Update: 2025-10-18T09:55:35.663Z
  - Preferences Location: Never
  - User Updated: Sat Oct 18 2025 12:55:35 GMT+0300 (Arabian Standard Time)
  - Last Activity: 2025-10-18T09:55:35.665Z
  - Inactive: true
[Driver Activity Monitor] Driver1 Metro Taxi:
  - Location Update: Never
  - Status Update: 2025-10-18T09:55:35.663Z
  - Preferences Location: Never
  - User Updated: Sat Oct 18 2025 12:55:35 GMT+0300 (Arabian Standard Time)
  - Last Activity: 2025-10-18T09:55:35.665Z
  - Inactive: true
[Driver Activity Monitor] Driver3 Metro Taxi:
  - Location Update: Never
  - Status Update: 2025-10-18T09:55:35.663Z
  - Preferences Location: Never
  - User Updated: Sat Oct 18 2025 12:55:35 GMT+0300 (Arabian Standard Time)
  - Last Activity: 2025-10-18T09:55:35.665Z
  - Inactive: true
[Driver Activity Monitor] Driver3 City Cabs:
  - Location Update: Never
  - Status Update: 2025-10-22T11:00:39.313Z
  - Preferences Location: Never
  - User Updated: Fri Oct 24 2025 19:30:17 GMT+0300 (Arabian Standard Time)
  - Last Activity: 2025-10-24T16:30:17.836Z
  - Inactive: true
[Driver Activity Monitor] Driver1 City Cabs:
  - Location Update: 2025-10-28T08:22:06.421Z
  - Status Update: 2025-10-28T08:22:46.335Z
  - Preferences Location: Never
  - User Updated: Tue Oct 28 2025 11:22:46 GMT+0300 (Arabian Standard Time)
  - Last Activity: 2025-10-28T08:22:46.337Z
  - Inactive: true
[Driver Activity Monitor] Driver2 City Cabs:
  - Location Update: Never
  - Status Update: 2025-10-18T09:55:35.663Z
  - Preferences Location: Never
  - User Updated: Sat Oct 18 2025 12:55:35 GMT+0300 (Arabian Standard Time)
  - Last Activity: 2025-10-18T09:55:35.665Z
  - Inactive: true
[Driver Activity Monitor] Found 9 inactive drivers
[Driver Activity Monitor] Processing driver cmgt7lmye001imxarbrwufab7 (Driver3 Quick Ride)
  - Last location update: Never
  - Active jobs: 0
  - Active shifts: 0
  - Current shift status: OFFLINE
  ✓ Emitted driver:status:changed for driver cmgt7lmye001imxarbrwufab7
[Driver Activity Monitor] Processing driver cmgt7lmww001emxarm6fiocom (Driver2 Quick Ride)
  - Last location update: Never
  - Active jobs: 0
  - Active shifts: 0
  - Current shift status: OFFLINE
  ✓ Emitted driver:status:changed for driver cmgt7lmww001emxarm6fiocom
[Driver Activity Monitor] Processing driver cmgt7lmns000qmxarybo79dix (Driver2 Metro Taxi)
  - Last location update: Never
  - Active jobs: 0
  - Active shifts: 0
  - Current shift status: OFFLINE
  ✓ Emitted driver:status:changed for driver cmgt7lmns000qmxarybo79dix
[Driver Activity Monitor] Processing driver cmgt7lmva001amxargvvis3qo (Driver1 Quick Ride)
  - Last location update: Never
  - Active jobs: 0
  - Active shifts: 0
  - Current shift status: OFFLINE
  ✓ Emitted driver:status:changed for driver cmgt7lmva001amxargvvis3qo
[Driver Activity Monitor] Processing driver cmgt7lmm7000mmxarb23yrhm4 (Driver1 Metro Taxi)
  - Last location update: Never
  - Active jobs: 0
  - Active shifts: 0
  - Current shift status: OFFLINE
  ✓ Emitted driver:status:changed for driver cmgt7lmm7000mmxarb23yrhm4
[Driver Activity Monitor] Processing driver cmgt7lmpa000umxaro9mk6xmc (Driver3 Metro Taxi)
  - Last location update: Never
  - Active jobs: 0
  - Active shifts: 0
  - Current shift status: OFFLINE
  ✓ Emitted driver:status:changed for driver cmgt7lmpa000umxaro9mk6xmc
[Driver Activity Monitor] Processing driver cmgt7lmts0016mxar09d3mqpx (Driver3 City Cabs)
  - Last location update: Never
  - Active jobs: 0
  - Active shifts: 0
  - Current shift status: OFFLINE
  ✓ Emitted driver:status:changed for driver cmgt7lmts0016mxar09d3mqpx
[Driver Activity Monitor] Processing driver cmgt7lmqs000ymxarz2f1edxx (Driver1 City Cabs)
  - Last location update: 2025-10-28T08:22:06.421Z
  - Active jobs: 0
  - Active shifts: 0
  - Current shift status: OFFLINE
  ✓ Emitted driver:status:changed for driver cmgt7lmqs000ymxarz2f1edxx
[Driver Activity Monitor] Processing driver cmgt7lms90012mxare5ugbirp (Driver2 City Cabs)
  - Last location update: Never
  - Active jobs: 0
  - Active shifts: 0
  - Current shift status: OFFLINE
  ✓ Emitted driver:status:changed for driver cmgt7lms90012mxare5ugbirp
[Driver Activity Monitor] Processed 9 inactive drivers
[Cron - Driver Activity] Processed inactive drivers: {
  count: 9,
  drivers: [
    {
      id: 'cmgt7lmye001imxarbrwufab7',
      name: 'Driver3 Quick Ride',
      unassignedJobs: 0
    },
    {
      id: 'cmgt7lmww001emxarm6fiocom',
      name: 'Driver2 Quick Ride',
      unassignedJobs: 0
    },
    {
      id: 'cmgt7lmns000qmxarybo79dix',
      name: 'Driver2 Metro Taxi',
      unassignedJobs: 0
    },
    {
      id: 'cmgt7lmva001amxargvvis3qo',
      name: 'Driver1 Quick Ride',
      unassignedJobs: 0
    },
    {
      id: 'cmgt7lmm7000mmxarb23yrhm4',
      name: 'Driver1 Metro Taxi',
      unassignedJobs: 0
    },
    {
      id: 'cmgt7lmpa000umxaro9mk6xmc',
      name: 'Driver3 Metro Taxi',
      unassignedJobs: 0
    },
    {
      id: 'cmgt7lmts0016mxar09d3mqpx',
      name: 'Driver3 City Cabs',
      unassignedJobs: 0
    },
    {
      id: 'cmgt7lmqs000ymxarz2f1edxx',
      name: 'Driver1 City Cabs',
      unassignedJobs: 0
    },
    {
      id: 'cmgt7lms90012mxare5ugbirp',
      name: 'Driver2 City Cabs',
      unassignedJobs: 0
    }
  ]
}
[Driver Activity Monitor] Checking driver activity at 2025-10-28T08:56:00.014Z
[Driver Activity Monitor] Threshold: 2025-10-28T08:46:00.014Z
[Driver Activity Monitor] Found 9 total active drivers
[Driver Activity Monitor] Driver3 Quick Ride:
  - Location Update: Never
  - Status Update: 2025-10-18T09:55:35.663Z
  - Preferences Location: Never
  - User Updated: Sat Oct 18 2025 12:55:35 GMT+0300 (Arabian Standard Time)
  - Last Activity: 2025-10-18T09:55:35.665Z
  - Inactive: true
[Driver Activity Monitor] Driver2 Quick Ride:
  - Location Update: Never
  - Status Update: 2025-10-18T09:55:35.663Z
  - Preferences Location: Never
  - User Updated: Sat Oct 18 2025 12:55:35 GMT+0300 (Arabian Standard Time)
  - Last Activity: 2025-10-18T09:55:35.665Z
  - Inactive: true
[Driver Activity Monitor] Driver2 Metro Taxi:
  - Location Update: Never
  - Status Update: 2025-10-18T09:55:35.663Z
  - Preferences Location: Never
  - User Updated: Sat Oct 18 2025 12:55:35 GMT+0300 (Arabian Standard Time)
  - Last Activity: 2025-10-18T09:55:35.665Z
  - Inactive: true
[Driver Activity Monitor] Driver1 Quick Ride:
  - Location Update: Never
  - Status Update: 2025-10-18T09:55:35.663Z
  - Preferences Location: Never
  - User Updated: Sat Oct 18 2025 12:55:35 GMT+0300 (Arabian Standard Time)
  - Last Activity: 2025-10-18T09:55:35.665Z
  - Inactive: true
[Driver Activity Monitor] Driver1 Metro Taxi:
  - Location Update: Never
  - Status Update: 2025-10-18T09:55:35.663Z
  - Preferences Location: Never
  - User Updated: Sat Oct 18 2025 12:55:35 GMT+0300 (Arabian Standard Time)
  - Last Activity: 2025-10-18T09:55:35.665Z
  - Inactive: true
[Driver Activity Monitor] Driver3 Metro Taxi:
  - Location Update: Never
  - Status Update: 2025-10-18T09:55:35.663Z
  - Preferences Location: Never
  - User Updated: Sat Oct 18 2025 12:55:35 GMT+0300 (Arabian Standard Time)
  - Last Activity: 2025-10-18T09:55:35.665Z
  - Inactive: true
[Driver Activity Monitor] Driver3 City Cabs:
  - Location Update: Never
  - Status Update: 2025-10-22T11:00:39.313Z
  - Preferences Location: Never
  - User Updated: Fri Oct 24 2025 19:30:17 GMT+0300 (Arabian Standard Time)
  - Last Activity: 2025-10-24T16:30:17.836Z
  - Inactive: true
[Driver Activity Monitor] Driver1 City Cabs:
  - Location Update: 2025-10-28T08:22:06.421Z
  - Status Update: 2025-10-28T08:22:46.335Z
  - Preferences Location: Never
  - User Updated: Tue Oct 28 2025 11:22:46 GMT+0300 (Arabian Standard Time)
  - Last Activity: 2025-10-28T08:22:46.337Z
  - Inactive: true
[Driver Activity Monitor] Driver2 City Cabs:
  - Location Update: Never
  - Status Update: 2025-10-18T09:55:35.663Z
  - Preferences Location: Never
  - User Updated: Sat Oct 18 2025 12:55:35 GMT+0300 (Arabian Standard Time)
  - Last Activity: 2025-10-18T09:55:35.665Z
  - Inactive: true
[Driver Activity Monitor] Found 9 inactive drivers
[Driver Activity Monitor] Processing driver cmgt7lmye001imxarbrwufab7 (Driver3 Quick Ride)
  - Last location update: Never
  - Active jobs: 0
  - Active shifts: 0
  - Current shift status: OFFLINE
  ✓ Emitted driver:status:changed for driver cmgt7lmye001imxarbrwufab7
[Driver Activity Monitor] Processing driver cmgt7lmww001emxarm6fiocom (Driver2 Quick Ride)
  - Last location update: Never
  - Active jobs: 0
  - Active shifts: 0
  - Current shift status: OFFLINE
  ✓ Emitted driver:status:changed for driver cmgt7lmww001emxarm6fiocom
[Driver Activity Monitor] Processing driver cmgt7lmns000qmxarybo79dix (Driver2 Metro Taxi)
  - Last location update: Never
  - Active jobs: 0
  - Active shifts: 0
  - Current shift status: OFFLINE
  ✓ Emitted driver:status:changed for driver cmgt7lmns000qmxarybo79dix
[Driver Activity Monitor] Processing driver cmgt7lmva001amxargvvis3qo (Driver1 Quick Ride)
  - Last location update: Never
  - Active jobs: 0
  - Active shifts: 0
  - Current shift status: OFFLINE
  ✓ Emitted driver:status:changed for driver cmgt7lmva001amxargvvis3qo
[Driver Activity Monitor] Processing driver cmgt7lmm7000mmxarb23yrhm4 (Driver1 Metro Taxi)
  - Last location update: Never
  - Active jobs: 0
  - Active shifts: 0
  - Current shift status: OFFLINE
  ✓ Emitted driver:status:changed for driver cmgt7lmm7000mmxarb23yrhm4
[Driver Activity Monitor] Processing driver cmgt7lmpa000umxaro9mk6xmc (Driver3 Metro Taxi)
  - Last location update: Never
  - Active jobs: 0
  - Active shifts: 0
  - Current shift status: OFFLINE
  ✓ Emitted driver:status:changed for driver cmgt7lmpa000umxaro9mk6xmc
[Driver Activity Monitor] Processing driver cmgt7lmts0016mxar09d3mqpx (Driver3 City Cabs)
  - Last location update: Never
  - Active jobs: 0
  - Active shifts: 0
  - Current shift status: OFFLINE
  ✓ Emitted driver:status:changed for driver cmgt7lmts0016mxar09d3mqpx
[Driver Activity Monitor] Processing driver cmgt7lmqs000ymxarz2f1edxx (Driver1 City Cabs)
  - Last location update: 2025-10-28T08:22:06.421Z
  - Active jobs: 0
  - Active shifts: 0
  - Current shift status: OFFLINE
  ✓ Emitted driver:status:changed for driver cmgt7lmqs000ymxarz2f1edxx
[Driver Activity Monitor] Processing driver cmgt7lms90012mxare5ugbirp (Driver2 City Cabs)
  - Last location update: Never
  - Active jobs: 0
  - Active shifts: 0
  - Current shift status: OFFLINE
  ✓ Emitted driver:status:changed for driver cmgt7lms90012mxare5ugbirp
[Driver Activity Monitor] Processed 9 inactive drivers
[Cron - Driver Activity] Processed inactive drivers: {
  count: 9,
  drivers: [
    {
      id: 'cmgt7lmye001imxarbrwufab7',
      name: 'Driver3 Quick Ride',
      unassignedJobs: 0
    },
    {
      id: 'cmgt7lmww001emxarm6fiocom',
      name: 'Driver2 Quick Ride',
      unassignedJobs: 0
    },
    {
      id: 'cmgt7lmns000qmxarybo79dix',
      name: 'Driver2 Metro Taxi',
      unassignedJobs: 0
    },
    {
      id: 'cmgt7lmva001amxargvvis3qo',
      name: 'Driver1 Quick Ride',
      unassignedJobs: 0
    },
    {
      id: 'cmgt7lmm7000mmxarb23yrhm4',
      name: 'Driver1 Metro Taxi',
      unassignedJobs: 0
    },
    {
      id: 'cmgt7lmpa000umxaro9mk6xmc',
      name: 'Driver3 Metro Taxi',
      unassignedJobs: 0
    },
    {
      id: 'cmgt7lmts0016mxar09d3mqpx',
      name: 'Driver3 City Cabs',
      unassignedJobs: 0
    },
    {
      id: 'cmgt7lmqs000ymxarz2f1edxx',
      name: 'Driver1 City Cabs',
      unassignedJobs: 0
    },
    {
      id: 'cmgt7lms90012mxare5ugbirp',
      name: 'Driver2 City Cabs',
      unassignedJobs: 0
    }
  ]
}
[Driver Activity Monitor] Checking driver activity at 2025-10-28T08:57:00.008Z
[Driver Activity Monitor] Threshold: 2025-10-28T08:47:00.008Z
[Driver Activity Monitor] Found 9 total active drivers
[Driver Activity Monitor] Driver3 Quick Ride:
  - Location Update: Never
  - Status Update: 2025-10-18T09:55:35.663Z
  - Preferences Location: Never
  - User Updated: Sat Oct 18 2025 12:55:35 GMT+0300 (Arabian Standard Time)
  - Last Activity: 2025-10-18T09:55:35.665Z
  - Inactive: true
[Driver Activity Monitor] Driver2 Quick Ride:
  - Location Update: Never
  - Status Update: 2025-10-18T09:55:35.663Z
  - Preferences Location: Never
  - User Updated: Sat Oct 18 2025 12:55:35 GMT+0300 (Arabian Standard Time)
  - Last Activity: 2025-10-18T09:55:35.665Z
  - Inactive: true
[Driver Activity Monitor] Driver2 Metro Taxi:
  - Location Update: Never
  - Status Update: 2025-10-18T09:55:35.663Z
  - Preferences Location: Never
  - User Updated: Sat Oct 18 2025 12:55:35 GMT+0300 (Arabian Standard Time)
  - Last Activity: 2025-10-18T09:55:35.665Z
  - Inactive: true
[Driver Activity Monitor] Driver1 Quick Ride:
  - Location Update: Never
  - Status Update: 2025-10-18T09:55:35.663Z
  - Preferences Location: Never
  - User Updated: Sat Oct 18 2025 12:55:35 GMT+0300 (Arabian Standard Time)
  - Last Activity: 2025-10-18T09:55:35.665Z
  - Inactive: true
[Driver Activity Monitor] Driver1 Metro Taxi:
  - Location Update: Never
  - Status Update: 2025-10-18T09:55:35.663Z
  - Preferences Location: Never
  - User Updated: Sat Oct 18 2025 12:55:35 GMT+0300 (Arabian Standard Time)
  - Last Activity: 2025-10-18T09:55:35.665Z
  - Inactive: true
[Driver Activity Monitor] Driver3 Metro Taxi:
  - Location Update: Never
  - Status Update: 2025-10-18T09:55:35.663Z
  - Preferences Location: Never
  - User Updated: Sat Oct 18 2025 12:55:35 GMT+0300 (Arabian Standard Time)
  - Last Activity: 2025-10-18T09:55:35.665Z
  - Inactive: true
[Driver Activity Monitor] Driver3 City Cabs:
  - Location Update: Never
  - Status Update: 2025-10-22T11:00:39.313Z
  - Preferences Location: Never
  - User Updated: Fri Oct 24 2025 19:30:17 GMT+0300 (Arabian Standard Time)
  - Last Activity: 2025-10-24T16:30:17.836Z
  - Inactive: true
[Driver Activity Monitor] Driver1 City Cabs:
  - Location Update: 2025-10-28T08:22:06.421Z
  - Status Update: 2025-10-28T08:22:46.335Z
  - Preferences Location: Never
  - User Updated: Tue Oct 28 2025 11:22:46 GMT+0300 (Arabian Standard Time)
  - Last Activity: 2025-10-28T08:22:46.337Z
  - Inactive: true
[Driver Activity Monitor] Driver2 City Cabs:
  - Location Update: Never
  - Status Update: 2025-10-18T09:55:35.663Z
  - Preferences Location: Never
  - User Updated: Sat Oct 18 2025 12:55:35 GMT+0300 (Arabian Standard Time)
  - Last Activity: 2025-10-18T09:55:35.665Z
  - Inactive: true
[Driver Activity Monitor] Found 9 inactive drivers
[Driver Activity Monitor] Processing driver cmgt7lmye001imxarbrwufab7 (Driver3 Quick Ride)
  - Last location update: Never
  - Active jobs: 0
  - Active shifts: 0
  - Current shift status: OFFLINE
  ✓ Emitted driver:status:changed for driver cmgt7lmye001imxarbrwufab7
[Driver Activity Monitor] Processing driver cmgt7lmww001emxarm6fiocom (Driver2 Quick Ride)
  - Last location update: Never
  - Active jobs: 0
  - Active shifts: 0
  - Current shift status: OFFLINE
  ✓ Emitted driver:status:changed for driver cmgt7lmww001emxarm6fiocom
[Driver Activity Monitor] Processing driver cmgt7lmns000qmxarybo79dix (Driver2 Metro Taxi)
  - Last location update: Never
  - Active jobs: 0
  - Active shifts: 0
  - Current shift status: OFFLINE
  ✓ Emitted driver:status:changed for driver cmgt7lmns000qmxarybo79dix
[Driver Activity Monitor] Processing driver cmgt7lmva001amxargvvis3qo (Driver1 Quick Ride)
  - Last location update: Never
  - Active jobs: 0
  - Active shifts: 0
  - Current shift status: OFFLINE
  ✓ Emitted driver:status:changed for driver cmgt7lmva001amxargvvis3qo
[Driver Activity Monitor] Processing driver cmgt7lmm7000mmxarb23yrhm4 (Driver1 Metro Taxi)
  - Last location update: Never
  - Active jobs: 0
  - Active shifts: 0
  - Current shift status: OFFLINE
  ✓ Emitted driver:status:changed for driver cmgt7lmm7000mmxarb23yrhm4
[Driver Activity Monitor] Processing driver cmgt7lmpa000umxaro9mk6xmc (Driver3 Metro Taxi)
  - Last location update: Never
  - Active jobs: 0
  - Active shifts: 0
  - Current shift status: OFFLINE
  ✓ Emitted driver:status:changed for driver cmgt7lmpa000umxaro9mk6xmc
[Driver Activity Monitor] Processing driver cmgt7lmts0016mxar09d3mqpx (Driver3 City Cabs)
  - Last location update: Never
  - Active jobs: 0
  - Active shifts: 0
  - Current shift status: OFFLINE
  ✓ Emitted driver:status:changed for driver cmgt7lmts0016mxar09d3mqpx
[Driver Activity Monitor] Processing driver cmgt7lmqs000ymxarz2f1edxx (Driver1 City Cabs)
  - Last location update: 2025-10-28T08:22:06.421Z
  - Active jobs: 0
  - Active shifts: 0
  - Current shift status: OFFLINE
  ✓ Emitted driver:status:changed for driver cmgt7lmqs000ymxarz2f1edxx
[Driver Activity Monitor] Processing driver cmgt7lms90012mxare5ugbirp (Driver2 City Cabs)
  - Last location update: Never
  - Active jobs: 0
  - Active shifts: 0
  - Current shift status: OFFLINE
  ✓ Emitted driver:status:changed for driver cmgt7lms90012mxare5ugbirp
[Driver Activity Monitor] Processed 9 inactive drivers
[Cron - Driver Activity] Processed inactive drivers: {
  count: 9,
  drivers: [
    {
      id: 'cmgt7lmye001imxarbrwufab7',
      name: 'Driver3 Quick Ride',
      unassignedJobs: 0
    },
    {
      id: 'cmgt7lmww001emxarm6fiocom',
      name: 'Driver2 Quick Ride',
      unassignedJobs: 0
    },
    {
      id: 'cmgt7lmns000qmxarybo79dix',
      name: 'Driver2 Metro Taxi',
      unassignedJobs: 0
    },
    {
      id: 'cmgt7lmva001amxargvvis3qo',
      name: 'Driver1 Quick Ride',
      unassignedJobs: 0
    },
    {
      id: 'cmgt7lmm7000mmxarb23yrhm4',
      name: 'Driver1 Metro Taxi',
      unassignedJobs: 0
    },
    {
      id: 'cmgt7lmpa000umxaro9mk6xmc',
      name: 'Driver3 Metro Taxi',
      unassignedJobs: 0
    },
    {
      id: 'cmgt7lmts0016mxar09d3mqpx',
      name: 'Driver3 City Cabs',
      unassignedJobs: 0
    },
    {
      id: 'cmgt7lmqs000ymxarz2f1edxx',
      name: 'Driver1 City Cabs',
      unassignedJobs: 0
    },
    {
      id: 'cmgt7lms90012mxare5ugbirp',
      name: 'Driver2 City Cabs',
      unassignedJobs: 0
    }
  ]
}
[Driver Activity Monitor] Checking driver activity at 2025-10-28T08:58:00.011Z
[Driver Activity Monitor] Threshold: 2025-10-28T08:48:00.011Z
[Driver Activity Monitor] Found 9 total active drivers
[Driver Activity Monitor] Driver3 Quick Ride:
  - Location Update: Never
  - Status Update: 2025-10-18T09:55:35.663Z
  - Preferences Location: Never
  - User Updated: Sat Oct 18 2025 12:55:35 GMT+0300 (Arabian Standard Time)
  - Last Activity: 2025-10-18T09:55:35.665Z
  - Inactive: true
[Driver Activity Monitor] Driver2 Quick Ride:
  - Location Update: Never
  - Status Update: 2025-10-18T09:55:35.663Z
  - Preferences Location: Never
  - User Updated: Sat Oct 18 2025 12:55:35 GMT+0300 (Arabian Standard Time)
  - Last Activity: 2025-10-18T09:55:35.665Z
  - Inactive: true
[Driver Activity Monitor] Driver2 Metro Taxi:
  - Location Update: Never
  - Status Update: 2025-10-18T09:55:35.663Z
  - Preferences Location: Never
  - User Updated: Sat Oct 18 2025 12:55:35 GMT+0300 (Arabian Standard Time)
  - Last Activity: 2025-10-18T09:55:35.665Z
  - Inactive: true
[Driver Activity Monitor] Driver1 Quick Ride:
  - Location Update: Never
  - Status Update: 2025-10-18T09:55:35.663Z
  - Preferences Location: Never
  - User Updated: Sat Oct 18 2025 12:55:35 GMT+0300 (Arabian Standard Time)
  - Last Activity: 2025-10-18T09:55:35.665Z
  - Inactive: true
[Driver Activity Monitor] Driver1 Metro Taxi:
  - Location Update: Never
  - Status Update: 2025-10-18T09:55:35.663Z
  - Preferences Location: Never
  - User Updated: Sat Oct 18 2025 12:55:35 GMT+0300 (Arabian Standard Time)
  - Last Activity: 2025-10-18T09:55:35.665Z
  - Inactive: true
[Driver Activity Monitor] Driver3 Metro Taxi:
  - Location Update: Never
  - Status Update: 2025-10-18T09:55:35.663Z
  - Preferences Location: Never
  - User Updated: Sat Oct 18 2025 12:55:35 GMT+0300 (Arabian Standard Time)
  - Last Activity: 2025-10-18T09:55:35.665Z
  - Inactive: true
[Driver Activity Monitor] Driver3 City Cabs:
  - Location Update: Never
  - Status Update: 2025-10-22T11:00:39.313Z
  - Preferences Location: Never
  - User Updated: Fri Oct 24 2025 19:30:17 GMT+0300 (Arabian Standard Time)
  - Last Activity: 2025-10-24T16:30:17.836Z
  - Inactive: true
[Driver Activity Monitor] Driver1 City Cabs:
  - Location Update: 2025-10-28T08:22:06.421Z
  - Status Update: 2025-10-28T08:22:46.335Z
  - Preferences Location: Never
  - User Updated: Tue Oct 28 2025 11:22:46 GMT+0300 (Arabian Standard Time)
  - Last Activity: 2025-10-28T08:22:46.337Z
  - Inactive: true
[Driver Activity Monitor] Driver2 City Cabs:
  - Location Update: Never
  - Status Update: 2025-10-18T09:55:35.663Z
  - Preferences Location: Never
  - User Updated: Sat Oct 18 2025 12:55:35 GMT+0300 (Arabian Standard Time)
  - Last Activity: 2025-10-18T09:55:35.665Z
  - Inactive: true
[Driver Activity Monitor] Found 9 inactive drivers
[Driver Activity Monitor] Processing driver cmgt7lmye001imxarbrwufab7 (Driver3 Quick Ride)
  - Last location update: Never
  - Active jobs: 0
  - Active shifts: 0
  - Current shift status: OFFLINE
  ✓ Emitted driver:status:changed for driver cmgt7lmye001imxarbrwufab7
[Driver Activity Monitor] Processing driver cmgt7lmww001emxarm6fiocom (Driver2 Quick Ride)
  - Last location update: Never
  - Active jobs: 0
  - Active shifts: 0
  - Current shift status: OFFLINE
  ✓ Emitted driver:status:changed for driver cmgt7lmww001emxarm6fiocom
[Driver Activity Monitor] Processing driver cmgt7lmns000qmxarybo79dix (Driver2 Metro Taxi)
  - Last location update: Never
  - Active jobs: 0
  - Active shifts: 0
  - Current shift status: OFFLINE
  ✓ Emitted driver:status:changed for driver cmgt7lmns000qmxarybo79dix
[Driver Activity Monitor] Processing driver cmgt7lmva001amxargvvis3qo (Driver1 Quick Ride)
  - Last location update: Never
  - Active jobs: 0
  - Active shifts: 0
  - Current shift status: OFFLINE
  ✓ Emitted driver:status:changed for driver cmgt7lmva001amxargvvis3qo
[Driver Activity Monitor] Processing driver cmgt7lmm7000mmxarb23yrhm4 (Driver1 Metro Taxi)
  - Last location update: Never
  - Active jobs: 0
  - Active shifts: 0
  - Current shift status: OFFLINE
  ✓ Emitted driver:status:changed for driver cmgt7lmm7000mmxarb23yrhm4
[Driver Activity Monitor] Processing driver cmgt7lmpa000umxaro9mk6xmc (Driver3 Metro Taxi)
  - Last location update: Never
  - Active jobs: 0
  - Active shifts: 0
  - Current shift status: OFFLINE
  ✓ Emitted driver:status:changed for driver cmgt7lmpa000umxaro9mk6xmc
[Driver Activity Monitor] Processing driver cmgt7lmts0016mxar09d3mqpx (Driver3 City Cabs)
  - Last location update: Never
  - Active jobs: 0
  - Active shifts: 0
  - Current shift status: OFFLINE
  ✓ Emitted driver:status:changed for driver cmgt7lmts0016mxar09d3mqpx
[Driver Activity Monitor] Processing driver cmgt7lmqs000ymxarz2f1edxx (Driver1 City Cabs)
  - Last location update: 2025-10-28T08:22:06.421Z
  - Active jobs: 0
  - Active shifts: 0
  - Current shift status: OFFLINE
  ✓ Emitted driver:status:changed for driver cmgt7lmqs000ymxarz2f1edxx
[Driver Activity Monitor] Processing driver cmgt7lms90012mxare5ugbirp (Driver2 City Cabs)
  - Last location update: Never
  - Active jobs: 0
  - Active shifts: 0
  - Current shift status: OFFLINE
  ✓ Emitted driver:status:changed for driver cmgt7lms90012mxare5ugbirp
[Driver Activity Monitor] Processed 9 inactive drivers
[Cron - Driver Activity] Processed inactive drivers: {
  count: 9,
  drivers: [
    {
      id: 'cmgt7lmye001imxarbrwufab7',
      name: 'Driver3 Quick Ride',
      unassignedJobs: 0
    },
    {
      id: 'cmgt7lmww001emxarm6fiocom',
      name: 'Driver2 Quick Ride',
      unassignedJobs: 0
    },
    {
      id: 'cmgt7lmns000qmxarybo79dix',
      name: 'Driver2 Metro Taxi',
      unassignedJobs: 0
    },
    {
      id: 'cmgt7lmva001amxargvvis3qo',
      name: 'Driver1 Quick Ride',
      unassignedJobs: 0
    },
    {
      id: 'cmgt7lmm7000mmxarb23yrhm4',
      name: 'Driver1 Metro Taxi',
      unassignedJobs: 0
    },
    {
      id: 'cmgt7lmpa000umxaro9mk6xmc',
      name: 'Driver3 Metro Taxi',
      unassignedJobs: 0
    },
    {
      id: 'cmgt7lmts0016mxar09d3mqpx',
      name: 'Driver3 City Cabs',
      unassignedJobs: 0
    },
    {
      id: 'cmgt7lmqs000ymxarz2f1edxx',
      name: 'Driver1 City Cabs',
      unassignedJobs: 0
    },
    {
      id: 'cmgt7lms90012mxare5ugbirp',
      name: 'Driver2 City Cabs',
      unassignedJobs: 0
    }
  ]
}
[Driver Activity Monitor] Checking driver activity at 2025-10-28T08:59:00.013Z
[Driver Activity Monitor] Threshold: 2025-10-28T08:49:00.013Z
[Driver Activity Monitor] Found 9 total active drivers
[Driver Activity Monitor] Driver3 Quick Ride:
  - Location Update: Never
  - Status Update: 2025-10-18T09:55:35.663Z
  - Preferences Location: Never
  - User Updated: Sat Oct 18 2025 12:55:35 GMT+0300 (Arabian Standard Time)
  - Last Activity: 2025-10-18T09:55:35.665Z
  - Inactive: true
[Driver Activity Monitor] Driver2 Quick Ride:
  - Location Update: Never
  - Status Update: 2025-10-18T09:55:35.663Z
  - Preferences Location: Never
  - User Updated: Sat Oct 18 2025 12:55:35 GMT+0300 (Arabian Standard Time)
  - Last Activity: 2025-10-18T09:55:35.665Z
  - Inactive: true
[Driver Activity Monitor] Driver2 Metro Taxi:
  - Location Update: Never
  - Status Update: 2025-10-18T09:55:35.663Z
  - Preferences Location: Never
  - User Updated: Sat Oct 18 2025 12:55:35 GMT+0300 (Arabian Standard Time)
  - Last Activity: 2025-10-18T09:55:35.665Z
  - Inactive: true
[Driver Activity Monitor] Driver1 Quick Ride:
  - Location Update: Never
  - Status Update: 2025-10-18T09:55:35.663Z
  - Preferences Location: Never
  - User Updated: Sat Oct 18 2025 12:55:35 GMT+0300 (Arabian Standard Time)
  - Last Activity: 2025-10-18T09:55:35.665Z
  - Inactive: true
[Driver Activity Monitor] Driver1 Metro Taxi:
  - Location Update: Never
  - Status Update: 2025-10-18T09:55:35.663Z
  - Preferences Location: Never
  - User Updated: Sat Oct 18 2025 12:55:35 GMT+0300 (Arabian Standard Time)
  - Last Activity: 2025-10-18T09:55:35.665Z
  - Inactive: true
[Driver Activity Monitor] Driver3 Metro Taxi:
  - Location Update: Never
  - Status Update: 2025-10-18T09:55:35.663Z
  - Preferences Location: Never
  - User Updated: Sat Oct 18 2025 12:55:35 GMT+0300 (Arabian Standard Time)
  - Last Activity: 2025-10-18T09:55:35.665Z
  - Inactive: true
[Driver Activity Monitor] Driver3 City Cabs:
  - Location Update: Never
  - Status Update: 2025-10-22T11:00:39.313Z
  - Preferences Location: Never
  - User Updated: Fri Oct 24 2025 19:30:17 GMT+0300 (Arabian Standard Time)
  - Last Activity: 2025-10-24T16:30:17.836Z
  - Inactive: true
[Driver Activity Monitor] Driver1 City Cabs:
  - Location Update: 2025-10-28T08:22:06.421Z
  - Status Update: 2025-10-28T08:22:46.335Z
  - Preferences Location: Never
  - User Updated: Tue Oct 28 2025 11:22:46 GMT+0300 (Arabian Standard Time)
  - Last Activity: 2025-10-28T08:22:46.337Z
  - Inactive: true
[Driver Activity Monitor] Driver2 City Cabs:
  - Location Update: Never
  - Status Update: 2025-10-18T09:55:35.663Z
  - Preferences Location: Never
  - User Updated: Sat Oct 18 2025 12:55:35 GMT+0300 (Arabian Standard Time)
  - Last Activity: 2025-10-18T09:55:35.665Z
  - Inactive: true
[Driver Activity Monitor] Found 9 inactive drivers
[Driver Activity Monitor] Processing driver cmgt7lmye001imxarbrwufab7 (Driver3 Quick Ride)
  - Last location update: Never
  - Active jobs: 0
  - Active shifts: 0
  - Current shift status: OFFLINE
  ✓ Emitted driver:status:changed for driver cmgt7lmye001imxarbrwufab7
[Driver Activity Monitor] Processing driver cmgt7lmww001emxarm6fiocom (Driver2 Quick Ride)
  - Last location update: Never
  - Active jobs: 0
  - Active shifts: 0
  - Current shift status: OFFLINE
  ✓ Emitted driver:status:changed for driver cmgt7lmww001emxarm6fiocom
[Driver Activity Monitor] Processing driver cmgt7lmns000qmxarybo79dix (Driver2 Metro Taxi)
  - Last location update: Never
  - Active jobs: 0
  - Active shifts: 0
  - Current shift status: OFFLINE
  ✓ Emitted driver:status:changed for driver cmgt7lmns000qmxarybo79dix
[Driver Activity Monitor] Processing driver cmgt7lmva001amxargvvis3qo (Driver1 Quick Ride)
  - Last location update: Never
  - Active jobs: 0
  - Active shifts: 0
  - Current shift status: OFFLINE
  ✓ Emitted driver:status:changed for driver cmgt7lmva001amxargvvis3qo
[Driver Activity Monitor] Processing driver cmgt7lmm7000mmxarb23yrhm4 (Driver1 Metro Taxi)
  - Last location update: Never
  - Active jobs: 0
  - Active shifts: 0
  - Current shift status: OFFLINE
  ✓ Emitted driver:status:changed for driver cmgt7lmm7000mmxarb23yrhm4
[Driver Activity Monitor] Processing driver cmgt7lmpa000umxaro9mk6xmc (Driver3 Metro Taxi)
  - Last location update: Never
  - Active jobs: 0
  - Active shifts: 0
  - Current shift status: OFFLINE
  ✓ Emitted driver:status:changed for driver cmgt7lmpa000umxaro9mk6xmc
[Driver Activity Monitor] Processing driver cmgt7lmts0016mxar09d3mqpx (Driver3 City Cabs)
  - Last location update: Never
  - Active jobs: 0
  - Active shifts: 0
  - Current shift status: OFFLINE
  ✓ Emitted driver:status:changed for driver cmgt7lmts0016mxar09d3mqpx
[Driver Activity Monitor] Processing driver cmgt7lmqs000ymxarz2f1edxx (Driver1 City Cabs)
  - Last location update: 2025-10-28T08:22:06.421Z
  - Active jobs: 0
  - Active shifts: 0
  - Current shift status: OFFLINE
  ✓ Emitted driver:status:changed for driver cmgt7lmqs000ymxarz2f1edxx
[Driver Activity Monitor] Processing driver cmgt7lms90012mxare5ugbirp (Driver2 City Cabs)
  - Last location update: Never
  - Active jobs: 0
  - Active shifts: 0
  - Current shift status: OFFLINE
  ✓ Emitted driver:status:changed for driver cmgt7lms90012mxare5ugbirp
[Driver Activity Monitor] Processed 9 inactive drivers
[Cron - Driver Activity] Processed inactive drivers: {
  count: 9,
  drivers: [
    {
      id: 'cmgt7lmye001imxarbrwufab7',
      name: 'Driver3 Quick Ride',
      unassignedJobs: 0
    },
    {
      id: 'cmgt7lmww001emxarm6fiocom',
      name: 'Driver2 Quick Ride',
      unassignedJobs: 0
    },
    {
      id: 'cmgt7lmns000qmxarybo79dix',
      name: 'Driver2 Metro Taxi',
      unassignedJobs: 0
    },
    {
      id: 'cmgt7lmva001amxargvvis3qo',
      name: 'Driver1 Quick Ride',
      unassignedJobs: 0
    },
    {
      id: 'cmgt7lmm7000mmxarb23yrhm4',
      name: 'Driver1 Metro Taxi',
      unassignedJobs: 0
    },
    {
      id: 'cmgt7lmpa000umxaro9mk6xmc',
      name: 'Driver3 Metro Taxi',
      unassignedJobs: 0
    },
    {
      id: 'cmgt7lmts0016mxar09d3mqpx',
      name: 'Driver3 City Cabs',
      unassignedJobs: 0
    },
    {
      id: 'cmgt7lmqs000ymxarz2f1edxx',
      name: 'Driver1 City Cabs',
      unassignedJobs: 0
    },
    {
      id: 'cmgt7lms90012mxare5ugbirp',
      name: 'Driver2 City Cabs',
      unassignedJobs: 0
    }
  ]
}
[Driver Activity Monitor] Checking driver activity at 2025-10-28T09:00:00.008Z
[Driver Activity Monitor] Threshold: 2025-10-28T08:50:00.008Z
[Driver Activity Monitor] Found 9 total active drivers
[Driver Activity Monitor] Driver3 Quick Ride:
  - Location Update: Never
  - Status Update: 2025-10-18T09:55:35.663Z
  - Preferences Location: Never
  - User Updated: Sat Oct 18 2025 12:55:35 GMT+0300 (Arabian Standard Time)
  - Last Activity: 2025-10-18T09:55:35.665Z
  - Inactive: true
[Driver Activity Monitor] Driver2 Quick Ride:
  - Location Update: Never
  - Status Update: 2025-10-18T09:55:35.663Z
  - Preferences Location: Never
  - User Updated: Sat Oct 18 2025 12:55:35 GMT+0300 (Arabian Standard Time)
  - Last Activity: 2025-10-18T09:55:35.665Z
  - Inactive: true
[Driver Activity Monitor] Driver2 Metro Taxi:
  - Location Update: Never
  - Status Update: 2025-10-18T09:55:35.663Z
  - Preferences Location: Never
  - User Updated: Sat Oct 18 2025 12:55:35 GMT+0300 (Arabian Standard Time)
  - Last Activity: 2025-10-18T09:55:35.665Z
  - Inactive: true
[Driver Activity Monitor] Driver1 Quick Ride:
  - Location Update: Never
  - Status Update: 2025-10-18T09:55:35.663Z
  - Preferences Location: Never
  - User Updated: Sat Oct 18 2025 12:55:35 GMT+0300 (Arabian Standard Time)
  - Last Activity: 2025-10-18T09:55:35.665Z
  - Inactive: true
[Driver Activity Monitor] Driver1 Metro Taxi:
  - Location Update: Never
  - Status Update: 2025-10-18T09:55:35.663Z
  - Preferences Location: Never
  - User Updated: Sat Oct 18 2025 12:55:35 GMT+0300 (Arabian Standard Time)
  - Last Activity: 2025-10-18T09:55:35.665Z
  - Inactive: true
[Driver Activity Monitor] Driver3 Metro Taxi:
  - Location Update: Never
  - Status Update: 2025-10-18T09:55:35.663Z
  - Preferences Location: Never
  - User Updated: Sat Oct 18 2025 12:55:35 GMT+0300 (Arabian Standard Time)
  - Last Activity: 2025-10-18T09:55:35.665Z
  - Inactive: true
[Driver Activity Monitor] Driver3 City Cabs:
  - Location Update: Never
  - Status Update: 2025-10-22T11:00:39.313Z
  - Preferences Location: Never
  - User Updated: Fri Oct 24 2025 19:30:17 GMT+0300 (Arabian Standard Time)
  - Last Activity: 2025-10-24T16:30:17.836Z
  - Inactive: true
[Driver Activity Monitor] Driver1 City Cabs:
  - Location Update: 2025-10-28T08:22:06.421Z
  - Status Update: 2025-10-28T08:22:46.335Z
  - Preferences Location: Never
  - User Updated: Tue Oct 28 2025 11:22:46 GMT+0300 (Arabian Standard Time)
  - Last Activity: 2025-10-28T08:22:46.337Z
  - Inactive: true
[Driver Activity Monitor] Driver2 City Cabs:
  - Location Update: Never
  - Status Update: 2025-10-18T09:55:35.663Z
  - Preferences Location: Never
  - User Updated: Sat Oct 18 2025 12:55:35 GMT+0300 (Arabian Standard Time)
  - Last Activity: 2025-10-18T09:55:35.665Z
  - Inactive: true
[Driver Activity Monitor] Found 9 inactive drivers
[Driver Activity Monitor] Processing driver cmgt7lmye001imxarbrwufab7 (Driver3 Quick Ride)
  - Last location update: Never
  - Active jobs: 0
  - Active shifts: 0
  - Current shift status: OFFLINE
  ✓ Emitted driver:status:changed for driver cmgt7lmye001imxarbrwufab7
[Driver Activity Monitor] Processing driver cmgt7lmww001emxarm6fiocom (Driver2 Quick Ride)
  - Last location update: Never
  - Active jobs: 0
  - Active shifts: 0
  - Current shift status: OFFLINE
  ✓ Emitted driver:status:changed for driver cmgt7lmww001emxarm6fiocom
[Driver Activity Monitor] Processing driver cmgt7lmns000qmxarybo79dix (Driver2 Metro Taxi)
  - Last location update: Never
  - Active jobs: 0
  - Active shifts: 0
  - Current shift status: OFFLINE
  ✓ Emitted driver:status:changed for driver cmgt7lmns000qmxarybo79dix
[Driver Activity Monitor] Processing driver cmgt7lmva001amxargvvis3qo (Driver1 Quick Ride)
  - Last location update: Never
  - Active jobs: 0
  - Active shifts: 0
  - Current shift status: OFFLINE
  ✓ Emitted driver:status:changed for driver cmgt7lmva001amxargvvis3qo
[Driver Activity Monitor] Processing driver cmgt7lmm7000mmxarb23yrhm4 (Driver1 Metro Taxi)
  - Last location update: Never
  - Active jobs: 0
  - Active shifts: 0
  - Current shift status: OFFLINE
  ✓ Emitted driver:status:changed for driver cmgt7lmm7000mmxarb23yrhm4
[Driver Activity Monitor] Processing driver cmgt7lmpa000umxaro9mk6xmc (Driver3 Metro Taxi)
  - Last location update: Never
  - Active jobs: 0
  - Active shifts: 0
  - Current shift status: OFFLINE
  ✓ Emitted driver:status:changed for driver cmgt7lmpa000umxaro9mk6xmc
[Driver Activity Monitor] Processing driver cmgt7lmts0016mxar09d3mqpx (Driver3 City Cabs)
  - Last location update: Never
  - Active jobs: 0
  - Active shifts: 0
  - Current shift status: OFFLINE
  ✓ Emitted driver:status:changed for driver cmgt7lmts0016mxar09d3mqpx
[Driver Activity Monitor] Processing driver cmgt7lmqs000ymxarz2f1edxx (Driver1 City Cabs)
  - Last location update: 2025-10-28T08:22:06.421Z
  - Active jobs: 0
  - Active shifts: 0
  - Current shift status: OFFLINE
  ✓ Emitted driver:status:changed for driver cmgt7lmqs000ymxarz2f1edxx
[Driver Activity Monitor] Processing driver cmgt7lms90012mxare5ugbirp (Driver2 City Cabs)
  - Last location update: Never
  - Active jobs: 0
  - Active shifts: 0
  - Current shift status: OFFLINE
  ✓ Emitted driver:status:changed for driver cmgt7lms90012mxare5ugbirp
[Driver Activity Monitor] Processed 9 inactive drivers
[Cron - Driver Activity] Processed inactive drivers: {
  count: 9,
  drivers: [
    {
      id: 'cmgt7lmye001imxarbrwufab7',
      name: 'Driver3 Quick Ride',
      unassignedJobs: 0
    },
    {
      id: 'cmgt7lmww001emxarm6fiocom',
      name: 'Driver2 Quick Ride',
      unassignedJobs: 0
    },
    {
      id: 'cmgt7lmns000qmxarybo79dix',
      name: 'Driver2 Metro Taxi',
      unassignedJobs: 0
    },
    {
      id: 'cmgt7lmva001amxargvvis3qo',
      name: 'Driver1 Quick Ride',
      unassignedJobs: 0
    },
    {
      id: 'cmgt7lmm7000mmxarb23yrhm4',
      name: 'Driver1 Metro Taxi',
      unassignedJobs: 0
    },
    {
      id: 'cmgt7lmpa000umxaro9mk6xmc',
      name: 'Driver3 Metro Taxi',
      unassignedJobs: 0
    },
    {
      id: 'cmgt7lmts0016mxar09d3mqpx',
      name: 'Driver3 City Cabs',
      unassignedJobs: 0
    },
    {
      id: 'cmgt7lmqs000ymxarz2f1edxx',
      name: 'Driver1 City Cabs',
      unassignedJobs: 0
    },
    {
      id: 'cmgt7lms90012mxare5ugbirp',
      name: 'Driver2 City Cabs',
      unassignedJobs: 0
    }
  ]
}
[Driver Activity Monitor] Checking driver activity at 2025-10-28T09:01:00.012Z
[Driver Activity Monitor] Threshold: 2025-10-28T08:51:00.012Z
[Driver Activity Monitor] Found 9 total active drivers
[Driver Activity Monitor] Driver3 Quick Ride:
  - Location Update: Never
  - Status Update: 2025-10-18T09:55:35.663Z
  - Preferences Location: Never
  - User Updated: Sat Oct 18 2025 12:55:35 GMT+0300 (Arabian Standard Time)
  - Last Activity: 2025-10-18T09:55:35.665Z
  - Inactive: true
[Driver Activity Monitor] Driver2 Quick Ride:
  - Location Update: Never
  - Status Update: 2025-10-18T09:55:35.663Z
  - Preferences Location: Never
  - User Updated: Sat Oct 18 2025 12:55:35 GMT+0300 (Arabian Standard Time)
  - Last Activity: 2025-10-18T09:55:35.665Z
  - Inactive: true
[Driver Activity Monitor] Driver2 Metro Taxi:
  - Location Update: Never
  - Status Update: 2025-10-18T09:55:35.663Z
  - Preferences Location: Never
  - User Updated: Sat Oct 18 2025 12:55:35 GMT+0300 (Arabian Standard Time)
  - Last Activity: 2025-10-18T09:55:35.665Z
  - Inactive: true
[Driver Activity Monitor] Driver1 Quick Ride:
  - Location Update: Never
  - Status Update: 2025-10-18T09:55:35.663Z
  - Preferences Location: Never
  - User Updated: Sat Oct 18 2025 12:55:35 GMT+0300 (Arabian Standard Time)
  - Last Activity: 2025-10-18T09:55:35.665Z
  - Inactive: true
[Driver Activity Monitor] Driver1 Metro Taxi:
  - Location Update: Never
  - Status Update: 2025-10-18T09:55:35.663Z
  - Preferences Location: Never
  - User Updated: Sat Oct 18 2025 12:55:35 GMT+0300 (Arabian Standard Time)
  - Last Activity: 2025-10-18T09:55:35.665Z
  - Inactive: true
[Driver Activity Monitor] Driver3 Metro Taxi:
  - Location Update: Never
  - Status Update: 2025-10-18T09:55:35.663Z
  - Preferences Location: Never
  - User Updated: Sat Oct 18 2025 12:55:35 GMT+0300 (Arabian Standard Time)
  - Last Activity: 2025-10-18T09:55:35.665Z
  - Inactive: true
[Driver Activity Monitor] Driver3 City Cabs:
  - Location Update: Never
  - Status Update: 2025-10-22T11:00:39.313Z
  - Preferences Location: Never
  - User Updated: Fri Oct 24 2025 19:30:17 GMT+0300 (Arabian Standard Time)
  - Last Activity: 2025-10-24T16:30:17.836Z
  - Inactive: true
[Driver Activity Monitor] Driver1 City Cabs:
  - Location Update: 2025-10-28T08:22:06.421Z
  - Status Update: 2025-10-28T08:22:46.335Z
  - Preferences Location: Never
  - User Updated: Tue Oct 28 2025 11:22:46 GMT+0300 (Arabian Standard Time)
  - Last Activity: 2025-10-28T08:22:46.337Z
  - Inactive: true
[Driver Activity Monitor] Driver2 City Cabs:
  - Location Update: Never
  - Status Update: 2025-10-18T09:55:35.663Z
  - Preferences Location: Never
  - User Updated: Sat Oct 18 2025 12:55:35 GMT+0300 (Arabian Standard Time)
  - Last Activity: 2025-10-18T09:55:35.665Z
  - Inactive: true
[Driver Activity Monitor] Found 9 inactive drivers
[Driver Activity Monitor] Processing driver cmgt7lmye001imxarbrwufab7 (Driver3 Quick Ride)
  - Last location update: Never
  - Active jobs: 0
  - Active shifts: 0
  - Current shift status: OFFLINE
  ✓ Emitted driver:status:changed for driver cmgt7lmye001imxarbrwufab7
[Driver Activity Monitor] Processing driver cmgt7lmww001emxarm6fiocom (Driver2 Quick Ride)
  - Last location update: Never
  - Active jobs: 0
  - Active shifts: 0
  - Current shift status: OFFLINE
  ✓ Emitted driver:status:changed for driver cmgt7lmww001emxarm6fiocom
[Driver Activity Monitor] Processing driver cmgt7lmns000qmxarybo79dix (Driver2 Metro Taxi)
  - Last location update: Never
  - Active jobs: 0
  - Active shifts: 0
  - Current shift status: OFFLINE
  ✓ Emitted driver:status:changed for driver cmgt7lmns000qmxarybo79dix
[Driver Activity Monitor] Processing driver cmgt7lmva001amxargvvis3qo (Driver1 Quick Ride)
  - Last location update: Never
  - Active jobs: 0
  - Active shifts: 0
  - Current shift status: OFFLINE
  ✓ Emitted driver:status:changed for driver cmgt7lmva001amxargvvis3qo
[Driver Activity Monitor] Processing driver cmgt7lmm7000mmxarb23yrhm4 (Driver1 Metro Taxi)
  - Last location update: Never
  - Active jobs: 0
  - Active shifts: 0
  - Current shift status: OFFLINE
  ✓ Emitted driver:status:changed for driver cmgt7lmm7000mmxarb23yrhm4
[Driver Activity Monitor] Processing driver cmgt7lmpa000umxaro9mk6xmc (Driver3 Metro Taxi)
  - Last location update: Never
  - Active jobs: 0
  - Active shifts: 0
  - Current shift status: OFFLINE
  ✓ Emitted driver:status:changed for driver cmgt7lmpa000umxaro9mk6xmc
[Driver Activity Monitor] Processing driver cmgt7lmts0016mxar09d3mqpx (Driver3 City Cabs)
  - Last location update: Never
  - Active jobs: 0
  - Active shifts: 0
  - Current shift status: OFFLINE
  ✓ Emitted driver:status:changed for driver cmgt7lmts0016mxar09d3mqpx
[Driver Activity Monitor] Processing driver cmgt7lmqs000ymxarz2f1edxx (Driver1 City Cabs)
  - Last location update: 2025-10-28T08:22:06.421Z
  - Active jobs: 0
  - Active shifts: 0
  - Current shift status: OFFLINE
  ✓ Emitted driver:status:changed for driver cmgt7lmqs000ymxarz2f1edxx
[Driver Activity Monitor] Processing driver cmgt7lms90012mxare5ugbirp (Driver2 City Cabs)
  - Last location update: Never
  - Active jobs: 0
  - Active shifts: 0
  - Current shift status: OFFLINE
  ✓ Emitted driver:status:changed for driver cmgt7lms90012mxare5ugbirp
[Driver Activity Monitor] Processed 9 inactive drivers
[Cron - Driver Activity] Processed inactive drivers: {
  count: 9,
  drivers: [
    {
      id: 'cmgt7lmye001imxarbrwufab7',
      name: 'Driver3 Quick Ride',
      unassignedJobs: 0
    },
    {
      id: 'cmgt7lmww001emxarm6fiocom',
      name: 'Driver2 Quick Ride',
      unassignedJobs: 0
    },
    {
      id: 'cmgt7lmns000qmxarybo79dix',
      name: 'Driver2 Metro Taxi',
      unassignedJobs: 0
    },
    {
      id: 'cmgt7lmva001amxargvvis3qo',
      name: 'Driver1 Quick Ride',
      unassignedJobs: 0
    },
    {
      id: 'cmgt7lmm7000mmxarb23yrhm4',
      name: 'Driver1 Metro Taxi',
      unassignedJobs: 0
    },
    {
      id: 'cmgt7lmpa000umxaro9mk6xmc',
      name: 'Driver3 Metro Taxi',
      unassignedJobs: 0
    },
    {
      id: 'cmgt7lmts0016mxar09d3mqpx',
      name: 'Driver3 City Cabs',
      unassignedJobs: 0
    },
    {
      id: 'cmgt7lmqs000ymxarz2f1edxx',
      name: 'Driver1 City Cabs',
      unassignedJobs: 0
    },
    {
      id: 'cmgt7lms90012mxare5ugbirp',
      name: 'Driver2 City Cabs',
      unassignedJobs: 0
    }
  ]
}
[Driver Activity Monitor] Checking driver activity at 2025-10-28T09:02:00.010Z
[Driver Activity Monitor] Threshold: 2025-10-28T08:52:00.010Z
[Driver Activity Monitor] Found 9 total active drivers
[Driver Activity Monitor] Driver3 Quick Ride:
  - Location Update: Never
  - Status Update: 2025-10-18T09:55:35.663Z
  - Preferences Location: Never
  - User Updated: Sat Oct 18 2025 12:55:35 GMT+0300 (Arabian Standard Time)
  - Last Activity: 2025-10-18T09:55:35.665Z
  - Inactive: true
[Driver Activity Monitor] Driver2 Quick Ride:
  - Location Update: Never
  - Status Update: 2025-10-18T09:55:35.663Z
  - Preferences Location: Never
  - User Updated: Sat Oct 18 2025 12:55:35 GMT+0300 (Arabian Standard Time)
  - Last Activity: 2025-10-18T09:55:35.665Z
  - Inactive: true
[Driver Activity Monitor] Driver2 Metro Taxi:
  - Location Update: Never
  - Status Update: 2025-10-18T09:55:35.663Z
  - Preferences Location: Never
  - User Updated: Sat Oct 18 2025 12:55:35 GMT+0300 (Arabian Standard Time)
  - Last Activity: 2025-10-18T09:55:35.665Z
  - Inactive: true
[Driver Activity Monitor] Driver1 Quick Ride:
  - Location Update: Never
  - Status Update: 2025-10-18T09:55:35.663Z
  - Preferences Location: Never
  - User Updated: Sat Oct 18 2025 12:55:35 GMT+0300 (Arabian Standard Time)
  - Last Activity: 2025-10-18T09:55:35.665Z
  - Inactive: true
[Driver Activity Monitor] Driver1 Metro Taxi:
  - Location Update: Never
  - Status Update: 2025-10-18T09:55:35.663Z
  - Preferences Location: Never
  - User Updated: Sat Oct 18 2025 12:55:35 GMT+0300 (Arabian Standard Time)
  - Last Activity: 2025-10-18T09:55:35.665Z
  - Inactive: true
[Driver Activity Monitor] Driver3 Metro Taxi:
  - Location Update: Never
  - Status Update: 2025-10-18T09:55:35.663Z
  - Preferences Location: Never
  - User Updated: Sat Oct 18 2025 12:55:35 GMT+0300 (Arabian Standard Time)
  - Last Activity: 2025-10-18T09:55:35.665Z
  - Inactive: true
[Driver Activity Monitor] Driver3 City Cabs:
  - Location Update: Never
  - Status Update: 2025-10-22T11:00:39.313Z
  - Preferences Location: Never
  - User Updated: Fri Oct 24 2025 19:30:17 GMT+0300 (Arabian Standard Time)
  - Last Activity: 2025-10-24T16:30:17.836Z
  - Inactive: true
[Driver Activity Monitor] Driver1 City Cabs:
  - Location Update: 2025-10-28T08:22:06.421Z
  - Status Update: 2025-10-28T08:22:46.335Z
  - Preferences Location: Never
  - User Updated: Tue Oct 28 2025 11:22:46 GMT+0300 (Arabian Standard Time)
  - Last Activity: 2025-10-28T08:22:46.337Z
  - Inactive: true
[Driver Activity Monitor] Driver2 City Cabs:
  - Location Update: Never
  - Status Update: 2025-10-18T09:55:35.663Z
  - Preferences Location: Never
  - User Updated: Sat Oct 18 2025 12:55:35 GMT+0300 (Arabian Standard Time)
  - Last Activity: 2025-10-18T09:55:35.665Z
  - Inactive: true
[Driver Activity Monitor] Found 9 inactive drivers
[Driver Activity Monitor] Processing driver cmgt7lmye001imxarbrwufab7 (Driver3 Quick Ride)
  - Last location update: Never
  - Active jobs: 0
  - Active shifts: 0
  - Current shift status: OFFLINE
  ✓ Emitted driver:status:changed for driver cmgt7lmye001imxarbrwufab7
[Driver Activity Monitor] Processing driver cmgt7lmww001emxarm6fiocom (Driver2 Quick Ride)
  - Last location update: Never
  - Active jobs: 0
  - Active shifts: 0
  - Current shift status: OFFLINE
  ✓ Emitted driver:status:changed for driver cmgt7lmww001emxarm6fiocom
[Driver Activity Monitor] Processing driver cmgt7lmns000qmxarybo79dix (Driver2 Metro Taxi)
  - Last location update: Never
  - Active jobs: 0
  - Active shifts: 0
  - Current shift status: OFFLINE
  ✓ Emitted driver:status:changed for driver cmgt7lmns000qmxarybo79dix
[Driver Activity Monitor] Processing driver cmgt7lmva001amxargvvis3qo (Driver1 Quick Ride)
  - Last location update: Never
  - Active jobs: 0
  - Active shifts: 0
  - Current shift status: OFFLINE
  ✓ Emitted driver:status:changed for driver cmgt7lmva001amxargvvis3qo
[Driver Activity Monitor] Processing driver cmgt7lmm7000mmxarb23yrhm4 (Driver1 Metro Taxi)
  - Last location update: Never
  - Active jobs: 0
  - Active shifts: 0
  - Current shift status: OFFLINE
  ✓ Emitted driver:status:changed for driver cmgt7lmm7000mmxarb23yrhm4
[Driver Activity Monitor] Processing driver cmgt7lmpa000umxaro9mk6xmc (Driver3 Metro Taxi)
  - Last location update: Never
  - Active jobs: 0
  - Active shifts: 0
  - Current shift status: OFFLINE
  ✓ Emitted driver:status:changed for driver cmgt7lmpa000umxaro9mk6xmc
[Driver Activity Monitor] Processing driver cmgt7lmts0016mxar09d3mqpx (Driver3 City Cabs)
  - Last location update: Never
  - Active jobs: 0
  - Active shifts: 0
  - Current shift status: OFFLINE
  ✓ Emitted driver:status:changed for driver cmgt7lmts0016mxar09d3mqpx
[Driver Activity Monitor] Processing driver cmgt7lmqs000ymxarz2f1edxx (Driver1 City Cabs)
  - Last location update: 2025-10-28T08:22:06.421Z
  - Active jobs: 0
  - Active shifts: 0
  - Current shift status: OFFLINE
  ✓ Emitted driver:status:changed for driver cmgt7lmqs000ymxarz2f1edxx
[Driver Activity Monitor] Processing driver cmgt7lms90012mxare5ugbirp (Driver2 City Cabs)
  - Last location update: Never
  - Active jobs: 0
  - Active shifts: 0
  - Current shift status: OFFLINE
  ✓ Emitted driver:status:changed for driver cmgt7lms90012mxare5ugbirp
[Driver Activity Monitor] Processed 9 inactive drivers
[Cron - Driver Activity] Processed inactive drivers: {
  count: 9,
  drivers: [
    {
      id: 'cmgt7lmye001imxarbrwufab7',
      name: 'Driver3 Quick Ride',
      unassignedJobs: 0
    },
    {
      id: 'cmgt7lmww001emxarm6fiocom',
      name: 'Driver2 Quick Ride',
      unassignedJobs: 0
    },
    {
      id: 'cmgt7lmns000qmxarybo79dix',
      name: 'Driver2 Metro Taxi',
      unassignedJobs: 0
    },
    {
      id: 'cmgt7lmva001amxargvvis3qo',
      name: 'Driver1 Quick Ride',
      unassignedJobs: 0
    },
    {
      id: 'cmgt7lmm7000mmxarb23yrhm4',
      name: 'Driver1 Metro Taxi',
      unassignedJobs: 0
    },
    {
      id: 'cmgt7lmpa000umxaro9mk6xmc',
      name: 'Driver3 Metro Taxi',
      unassignedJobs: 0
    },
    {
      id: 'cmgt7lmts0016mxar09d3mqpx',
      name: 'Driver3 City Cabs',
      unassignedJobs: 0
    },
    {
      id: 'cmgt7lmqs000ymxarz2f1edxx',
      name: 'Driver1 City Cabs',
      unassignedJobs: 0
    },
    {
      id: 'cmgt7lms90012mxare5ugbirp',
      name: 'Driver2 City Cabs',
      unassignedJobs: 0
    }
  ]
}
[Driver Activity Monitor] Checking driver activity at 2025-10-28T09:03:00.010Z
[Driver Activity Monitor] Threshold: 2025-10-28T08:53:00.010Z
[Driver Activity Monitor] Found 9 total active drivers
[Driver Activity Monitor] Driver3 Quick Ride:
  - Location Update: Never
  - Status Update: 2025-10-18T09:55:35.663Z
  - Preferences Location: Never
  - User Updated: Sat Oct 18 2025 12:55:35 GMT+0300 (Arabian Standard Time)
  - Last Activity: 2025-10-18T09:55:35.665Z
  - Inactive: true
[Driver Activity Monitor] Driver2 Quick Ride:
  - Location Update: Never
  - Status Update: 2025-10-18T09:55:35.663Z
  - Preferences Location: Never
  - User Updated: Sat Oct 18 2025 12:55:35 GMT+0300 (Arabian Standard Time)
  - Last Activity: 2025-10-18T09:55:35.665Z
  - Inactive: true
[Driver Activity Monitor] Driver2 Metro Taxi:
  - Location Update: Never
  - Status Update: 2025-10-18T09:55:35.663Z
  - Preferences Location: Never
  - User Updated: Sat Oct 18 2025 12:55:35 GMT+0300 (Arabian Standard Time)
  - Last Activity: 2025-10-18T09:55:35.665Z
  - Inactive: true
[Driver Activity Monitor] Driver1 Quick Ride:
  - Location Update: Never
  - Status Update: 2025-10-18T09:55:35.663Z
  - Preferences Location: Never
  - User Updated: Sat Oct 18 2025 12:55:35 GMT+0300 (Arabian Standard Time)
  - Last Activity: 2025-10-18T09:55:35.665Z
  - Inactive: true
[Driver Activity Monitor] Driver1 Metro Taxi:
  - Location Update: Never
  - Status Update: 2025-10-18T09:55:35.663Z
  - Preferences Location: Never
  - User Updated: Sat Oct 18 2025 12:55:35 GMT+0300 (Arabian Standard Time)
  - Last Activity: 2025-10-18T09:55:35.665Z
  - Inactive: true
[Driver Activity Monitor] Driver3 Metro Taxi:
  - Location Update: Never
  - Status Update: 2025-10-18T09:55:35.663Z
  - Preferences Location: Never
  - User Updated: Sat Oct 18 2025 12:55:35 GMT+0300 (Arabian Standard Time)
  - Last Activity: 2025-10-18T09:55:35.665Z
  - Inactive: true
[Driver Activity Monitor] Driver3 City Cabs:
  - Location Update: Never
  - Status Update: 2025-10-22T11:00:39.313Z
  - Preferences Location: Never
  - User Updated: Fri Oct 24 2025 19:30:17 GMT+0300 (Arabian Standard Time)
  - Last Activity: 2025-10-24T16:30:17.836Z
  - Inactive: true
[Driver Activity Monitor] Driver1 City Cabs:
  - Location Update: 2025-10-28T08:22:06.421Z
  - Status Update: 2025-10-28T08:22:46.335Z
  - Preferences Location: Never
  - User Updated: Tue Oct 28 2025 11:22:46 GMT+0300 (Arabian Standard Time)
  - Last Activity: 2025-10-28T08:22:46.337Z
  - Inactive: true
[Driver Activity Monitor] Driver2 City Cabs:
  - Location Update: Never
  - Status Update: 2025-10-18T09:55:35.663Z
  - Preferences Location: Never
  - User Updated: Sat Oct 18 2025 12:55:35 GMT+0300 (Arabian Standard Time)
  - Last Activity: 2025-10-18T09:55:35.665Z
  - Inactive: true
[Driver Activity Monitor] Found 9 inactive drivers
[Driver Activity Monitor] Processing driver cmgt7lmye001imxarbrwufab7 (Driver3 Quick Ride)
  - Last location update: Never
  - Active jobs: 0
  - Active shifts: 0
  - Current shift status: OFFLINE
  ✓ Emitted driver:status:changed for driver cmgt7lmye001imxarbrwufab7
[Driver Activity Monitor] Processing driver cmgt7lmww001emxarm6fiocom (Driver2 Quick Ride)
  - Last location update: Never
  - Active jobs: 0
  - Active shifts: 0
  - Current shift status: OFFLINE
  ✓ Emitted driver:status:changed for driver cmgt7lmww001emxarm6fiocom
[Driver Activity Monitor] Processing driver cmgt7lmns000qmxarybo79dix (Driver2 Metro Taxi)
  - Last location update: Never
  - Active jobs: 0
  - Active shifts: 0
  - Current shift status: OFFLINE
  ✓ Emitted driver:status:changed for driver cmgt7lmns000qmxarybo79dix
[Driver Activity Monitor] Processing driver cmgt7lmva001amxargvvis3qo (Driver1 Quick Ride)
  - Last location update: Never
  - Active jobs: 0
  - Active shifts: 0
  - Current shift status: OFFLINE
  ✓ Emitted driver:status:changed for driver cmgt7lmva001amxargvvis3qo
[Driver Activity Monitor] Processing driver cmgt7lmm7000mmxarb23yrhm4 (Driver1 Metro Taxi)
  - Last location update: Never
  - Active jobs: 0
  - Active shifts: 0
  - Current shift status: OFFLINE
  ✓ Emitted driver:status:changed for driver cmgt7lmm7000mmxarb23yrhm4
[Driver Activity Monitor] Processing driver cmgt7lmpa000umxaro9mk6xmc (Driver3 Metro Taxi)
  - Last location update: Never
  - Active jobs: 0
  - Active shifts: 0
  - Current shift status: OFFLINE
  ✓ Emitted driver:status:changed for driver cmgt7lmpa000umxaro9mk6xmc
[Driver Activity Monitor] Processing driver cmgt7lmts0016mxar09d3mqpx (Driver3 City Cabs)
  - Last location update: Never
  - Active jobs: 0
  - Active shifts: 0
  - Current shift status: OFFLINE
  ✓ Emitted driver:status:changed for driver cmgt7lmts0016mxar09d3mqpx
[Driver Activity Monitor] Processing driver cmgt7lmqs000ymxarz2f1edxx (Driver1 City Cabs)
  - Last location update: 2025-10-28T08:22:06.421Z
  - Active jobs: 0
  - Active shifts: 0
  - Current shift status: OFFLINE
  ✓ Emitted driver:status:changed for driver cmgt7lmqs000ymxarz2f1edxx
[Driver Activity Monitor] Processing driver cmgt7lms90012mxare5ugbirp (Driver2 City Cabs)
  - Last location update: Never
  - Active jobs: 0
  - Active shifts: 0
  - Current shift status: OFFLINE
  ✓ Emitted driver:status:changed for driver cmgt7lms90012mxare5ugbirp
[Driver Activity Monitor] Processed 9 inactive drivers
[Cron - Driver Activity] Processed inactive drivers: {
  count: 9,
  drivers: [
    {
      id: 'cmgt7lmye001imxarbrwufab7',
      name: 'Driver3 Quick Ride',
      unassignedJobs: 0
    },
    {
      id: 'cmgt7lmww001emxarm6fiocom',
      name: 'Driver2 Quick Ride',
      unassignedJobs: 0
    },
    {
      id: 'cmgt7lmns000qmxarybo79dix',
      name: 'Driver2 Metro Taxi',
      unassignedJobs: 0
    },
    {
      id: 'cmgt7lmva001amxargvvis3qo',
      name: 'Driver1 Quick Ride',
      unassignedJobs: 0
    },
    {
      id: 'cmgt7lmm7000mmxarb23yrhm4',
      name: 'Driver1 Metro Taxi',
      unassignedJobs: 0
    },
    {
      id: 'cmgt7lmpa000umxaro9mk6xmc',
      name: 'Driver3 Metro Taxi',
      unassignedJobs: 0
    },
    {
      id: 'cmgt7lmts0016mxar09d3mqpx',
      name: 'Driver3 City Cabs',
      unassignedJobs: 0
    },
    {
      id: 'cmgt7lmqs000ymxarz2f1edxx',
      name: 'Driver1 City Cabs',
      unassignedJobs: 0
    },
    {
      id: 'cmgt7lms90012mxare5ugbirp',
      name: 'Driver2 City Cabs',
      unassignedJobs: 0
    }
  ]
}
[Driver Activity Monitor] Checking driver activity at 2025-10-28T09:04:00.012Z
[Driver Activity Monitor] Threshold: 2025-10-28T08:54:00.012Z
[Driver Activity Monitor] Found 9 total active drivers
[Driver Activity Monitor] Driver3 Quick Ride:
  - Location Update: Never
  - Status Update: 2025-10-18T09:55:35.663Z
  - Preferences Location: Never
  - User Updated: Sat Oct 18 2025 12:55:35 GMT+0300 (Arabian Standard Time)
  - Last Activity: 2025-10-18T09:55:35.665Z
  - Inactive: true
[Driver Activity Monitor] Driver2 Quick Ride:
  - Location Update: Never
  - Status Update: 2025-10-18T09:55:35.663Z
  - Preferences Location: Never
  - User Updated: Sat Oct 18 2025 12:55:35 GMT+0300 (Arabian Standard Time)
  - Last Activity: 2025-10-18T09:55:35.665Z
  - Inactive: true
[Driver Activity Monitor] Driver2 Metro Taxi:
  - Location Update: Never
  - Status Update: 2025-10-18T09:55:35.663Z
  - Preferences Location: Never
  - User Updated: Sat Oct 18 2025 12:55:35 GMT+0300 (Arabian Standard Time)
  - Last Activity: 2025-10-18T09:55:35.665Z
  - Inactive: true
[Driver Activity Monitor] Driver1 Quick Ride:
  - Location Update: Never
  - Status Update: 2025-10-18T09:55:35.663Z
  - Preferences Location: Never
  - User Updated: Sat Oct 18 2025 12:55:35 GMT+0300 (Arabian Standard Time)
  - Last Activity: 2025-10-18T09:55:35.665Z
  - Inactive: true
[Driver Activity Monitor] Driver1 Metro Taxi:
  - Location Update: Never
  - Status Update: 2025-10-18T09:55:35.663Z
  - Preferences Location: Never
  - User Updated: Sat Oct 18 2025 12:55:35 GMT+0300 (Arabian Standard Time)
  - Last Activity: 2025-10-18T09:55:35.665Z
  - Inactive: true
[Driver Activity Monitor] Driver3 Metro Taxi:
  - Location Update: Never
  - Status Update: 2025-10-18T09:55:35.663Z
  - Preferences Location: Never
  - User Updated: Sat Oct 18 2025 12:55:35 GMT+0300 (Arabian Standard Time)
  - Last Activity: 2025-10-18T09:55:35.665Z
  - Inactive: true
[Driver Activity Monitor] Driver3 City Cabs:
  - Location Update: Never
  - Status Update: 2025-10-22T11:00:39.313Z
  - Preferences Location: Never
  - User Updated: Fri Oct 24 2025 19:30:17 GMT+0300 (Arabian Standard Time)
  - Last Activity: 2025-10-24T16:30:17.836Z
  - Inactive: true
[Driver Activity Monitor] Driver1 City Cabs:
  - Location Update: 2025-10-28T08:22:06.421Z
  - Status Update: 2025-10-28T08:22:46.335Z
  - Preferences Location: Never
  - User Updated: Tue Oct 28 2025 11:22:46 GMT+0300 (Arabian Standard Time)
  - Last Activity: 2025-10-28T08:22:46.337Z
  - Inactive: true
[Driver Activity Monitor] Driver2 City Cabs:
  - Location Update: Never
  - Status Update: 2025-10-18T09:55:35.663Z
  - Preferences Location: Never
  - User Updated: Sat Oct 18 2025 12:55:35 GMT+0300 (Arabian Standard Time)
  - Last Activity: 2025-10-18T09:55:35.665Z
  - Inactive: true
[Driver Activity Monitor] Found 9 inactive drivers
[Driver Activity Monitor] Processing driver cmgt7lmye001imxarbrwufab7 (Driver3 Quick Ride)
  - Last location update: Never
  - Active jobs: 0
  - Active shifts: 0
  - Current shift status: OFFLINE
  ✓ Emitted driver:status:changed for driver cmgt7lmye001imxarbrwufab7
[Driver Activity Monitor] Processing driver cmgt7lmww001emxarm6fiocom (Driver2 Quick Ride)
  - Last location update: Never
  - Active jobs: 0
  - Active shifts: 0
  - Current shift status: OFFLINE
  ✓ Emitted driver:status:changed for driver cmgt7lmww001emxarm6fiocom
[Driver Activity Monitor] Processing driver cmgt7lmns000qmxarybo79dix (Driver2 Metro Taxi)
  - Last location update: Never
  - Active jobs: 0
  - Active shifts: 0
  - Current shift status: OFFLINE
  ✓ Emitted driver:status:changed for driver cmgt7lmns000qmxarybo79dix
[Driver Activity Monitor] Processing driver cmgt7lmva001amxargvvis3qo (Driver1 Quick Ride)
  - Last location update: Never
  - Active jobs: 0
  - Active shifts: 0
  - Current shift status: OFFLINE
  ✓ Emitted driver:status:changed for driver cmgt7lmva001amxargvvis3qo
[Driver Activity Monitor] Processing driver cmgt7lmm7000mmxarb23yrhm4 (Driver1 Metro Taxi)
  - Last location update: Never
  - Active jobs: 0
  - Active shifts: 0
  - Current shift status: OFFLINE
  ✓ Emitted driver:status:changed for driver cmgt7lmm7000mmxarb23yrhm4
[Driver Activity Monitor] Processing driver cmgt7lmpa000umxaro9mk6xmc (Driver3 Metro Taxi)
  - Last location update: Never
  - Active jobs: 0
  - Active shifts: 0
  - Current shift status: OFFLINE
  ✓ Emitted driver:status:changed for driver cmgt7lmpa000umxaro9mk6xmc
[Driver Activity Monitor] Processing driver cmgt7lmts0016mxar09d3mqpx (Driver3 City Cabs)
  - Last location update: Never
  - Active jobs: 0
  - Active shifts: 0
  - Current shift status: OFFLINE
  ✓ Emitted driver:status:changed for driver cmgt7lmts0016mxar09d3mqpx
[Driver Activity Monitor] Processing driver cmgt7lmqs000ymxarz2f1edxx (Driver1 City Cabs)
  - Last location update: 2025-10-28T08:22:06.421Z
  - Active jobs: 0
  - Active shifts: 0
  - Current shift status: OFFLINE
  ✓ Emitted driver:status:changed for driver cmgt7lmqs000ymxarz2f1edxx
[Driver Activity Monitor] Processing driver cmgt7lms90012mxare5ugbirp (Driver2 City Cabs)
  - Last location update: Never
  - Active jobs: 0
  - Active shifts: 0
  - Current shift status: OFFLINE
  ✓ Emitted driver:status:changed for driver cmgt7lms90012mxare5ugbirp
[Driver Activity Monitor] Processed 9 inactive drivers
[Cron - Driver Activity] Processed inactive drivers: {
  count: 9,
  drivers: [
    {
      id: 'cmgt7lmye001imxarbrwufab7',
      name: 'Driver3 Quick Ride',
      unassignedJobs: 0
    },
    {
      id: 'cmgt7lmww001emxarm6fiocom',
      name: 'Driver2 Quick Ride',
      unassignedJobs: 0
    },
    {
      id: 'cmgt7lmns000qmxarybo79dix',
      name: 'Driver2 Metro Taxi',
      unassignedJobs: 0
    },
    {
      id: 'cmgt7lmva001amxargvvis3qo',
      name: 'Driver1 Quick Ride',
      unassignedJobs: 0
    },
    {
      id: 'cmgt7lmm7000mmxarb23yrhm4',
      name: 'Driver1 Metro Taxi',
      unassignedJobs: 0
    },
    {
      id: 'cmgt7lmpa000umxaro9mk6xmc',
      name: 'Driver3 Metro Taxi',
      unassignedJobs: 0
    },
    {
      id: 'cmgt7lmts0016mxar09d3mqpx',
      name: 'Driver3 City Cabs',
      unassignedJobs: 0
    },
    {
      id: 'cmgt7lmqs000ymxarz2f1edxx',
      name: 'Driver1 City Cabs',
      unassignedJobs: 0
    },
    {
      id: 'cmgt7lms90012mxare5ugbirp',
      name: 'Driver2 City Cabs',
      unassignedJobs: 0
    }
  ]
}
[Driver Activity Monitor] Checking driver activity at 2025-10-28T09:05:00.009Z
[Driver Activity Monitor] Threshold: 2025-10-28T08:55:00.009Z
[Driver Activity Monitor] Found 9 total active drivers
[Driver Activity Monitor] Driver3 Quick Ride:
  - Location Update: Never
  - Status Update: 2025-10-18T09:55:35.663Z
  - Preferences Location: Never
  - User Updated: Sat Oct 18 2025 12:55:35 GMT+0300 (Arabian Standard Time)
  - Last Activity: 2025-10-18T09:55:35.665Z
  - Inactive: true
[Driver Activity Monitor] Driver2 Quick Ride:
  - Location Update: Never
  - Status Update: 2025-10-18T09:55:35.663Z
  - Preferences Location: Never
  - User Updated: Sat Oct 18 2025 12:55:35 GMT+0300 (Arabian Standard Time)
  - Last Activity: 2025-10-18T09:55:35.665Z
  - Inactive: true
[Driver Activity Monitor] Driver2 Metro Taxi:
  - Location Update: Never
  - Status Update: 2025-10-18T09:55:35.663Z
  - Preferences Location: Never
  - User Updated: Sat Oct 18 2025 12:55:35 GMT+0300 (Arabian Standard Time)
  - Last Activity: 2025-10-18T09:55:35.665Z
  - Inactive: true
[Driver Activity Monitor] Driver1 Quick Ride:
  - Location Update: Never
  - Status Update: 2025-10-18T09:55:35.663Z
  - Preferences Location: Never
  - User Updated: Sat Oct 18 2025 12:55:35 GMT+0300 (Arabian Standard Time)
  - Last Activity: 2025-10-18T09:55:35.665Z
  - Inactive: true
[Driver Activity Monitor] Driver1 Metro Taxi:
  - Location Update: Never
  - Status Update: 2025-10-18T09:55:35.663Z
  - Preferences Location: Never
  - User Updated: Sat Oct 18 2025 12:55:35 GMT+0300 (Arabian Standard Time)
  - Last Activity: 2025-10-18T09:55:35.665Z
  - Inactive: true
[Driver Activity Monitor] Driver3 Metro Taxi:
  - Location Update: Never
  - Status Update: 2025-10-18T09:55:35.663Z
  - Preferences Location: Never
  - User Updated: Sat Oct 18 2025 12:55:35 GMT+0300 (Arabian Standard Time)
  - Last Activity: 2025-10-18T09:55:35.665Z
  - Inactive: true
[Driver Activity Monitor] Driver3 City Cabs:
  - Location Update: Never
  - Status Update: 2025-10-22T11:00:39.313Z
  - Preferences Location: Never
  - User Updated: Fri Oct 24 2025 19:30:17 GMT+0300 (Arabian Standard Time)
  - Last Activity: 2025-10-24T16:30:17.836Z
  - Inactive: true
[Driver Activity Monitor] Driver1 City Cabs:
  - Location Update: 2025-10-28T08:22:06.421Z
  - Status Update: 2025-10-28T08:22:46.335Z
  - Preferences Location: Never
  - User Updated: Tue Oct 28 2025 11:22:46 GMT+0300 (Arabian Standard Time)
  - Last Activity: 2025-10-28T08:22:46.337Z
  - Inactive: true
[Driver Activity Monitor] Driver2 City Cabs:
  - Location Update: Never
  - Status Update: 2025-10-18T09:55:35.663Z
  - Preferences Location: Never
  - User Updated: Sat Oct 18 2025 12:55:35 GMT+0300 (Arabian Standard Time)
  - Last Activity: 2025-10-18T09:55:35.665Z
  - Inactive: true
[Driver Activity Monitor] Found 9 inactive drivers
[Driver Activity Monitor] Processing driver cmgt7lmye001imxarbrwufab7 (Driver3 Quick Ride)
  - Last location update: Never
  - Active jobs: 0
  - Active shifts: 0
  - Current shift status: OFFLINE
  ✓ Emitted driver:status:changed for driver cmgt7lmye001imxarbrwufab7
[Driver Activity Monitor] Processing driver cmgt7lmww001emxarm6fiocom (Driver2 Quick Ride)
  - Last location update: Never
  - Active jobs: 0
  - Active shifts: 0
  - Current shift status: OFFLINE
  ✓ Emitted driver:status:changed for driver cmgt7lmww001emxarm6fiocom
[Driver Activity Monitor] Processing driver cmgt7lmns000qmxarybo79dix (Driver2 Metro Taxi)
  - Last location update: Never
  - Active jobs: 0
  - Active shifts: 0
  - Current shift status: OFFLINE
  ✓ Emitted driver:status:changed for driver cmgt7lmns000qmxarybo79dix
[Driver Activity Monitor] Processing driver cmgt7lmva001amxargvvis3qo (Driver1 Quick Ride)
  - Last location update: Never
  - Active jobs: 0
  - Active shifts: 0
  - Current shift status: OFFLINE
  ✓ Emitted driver:status:changed for driver cmgt7lmva001amxargvvis3qo
[Driver Activity Monitor] Processing driver cmgt7lmm7000mmxarb23yrhm4 (Driver1 Metro Taxi)
  - Last location update: Never
  - Active jobs: 0
  - Active shifts: 0
  - Current shift status: OFFLINE
  ✓ Emitted driver:status:changed for driver cmgt7lmm7000mmxarb23yrhm4
[Driver Activity Monitor] Processing driver cmgt7lmpa000umxaro9mk6xmc (Driver3 Metro Taxi)
  - Last location update: Never
  - Active jobs: 0
  - Active shifts: 0
  - Current shift status: OFFLINE
  ✓ Emitted driver:status:changed for driver cmgt7lmpa000umxaro9mk6xmc
[Driver Activity Monitor] Processing driver cmgt7lmts0016mxar09d3mqpx (Driver3 City Cabs)
  - Last location update: Never
  - Active jobs: 0
  - Active shifts: 0
  - Current shift status: OFFLINE
  ✓ Emitted driver:status:changed for driver cmgt7lmts0016mxar09d3mqpx
[Driver Activity Monitor] Processing driver cmgt7lmqs000ymxarz2f1edxx (Driver1 City Cabs)
  - Last location update: 2025-10-28T08:22:06.421Z
  - Active jobs: 0
  - Active shifts: 0
  - Current shift status: OFFLINE
  ✓ Emitted driver:status:changed for driver cmgt7lmqs000ymxarz2f1edxx
[Driver Activity Monitor] Processing driver cmgt7lms90012mxare5ugbirp (Driver2 City Cabs)
  - Last location update: Never
  - Active jobs: 0
  - Active shifts: 0
  - Current shift status: OFFLINE
  ✓ Emitted driver:status:changed for driver cmgt7lms90012mxare5ugbirp
[Driver Activity Monitor] Processed 9 inactive drivers
[Cron - Driver Activity] Processed inactive drivers: {
  count: 9,
  drivers: [
    {
      id: 'cmgt7lmye001imxarbrwufab7',
      name: 'Driver3 Quick Ride',
      unassignedJobs: 0
    },
    {
      id: 'cmgt7lmww001emxarm6fiocom',
      name: 'Driver2 Quick Ride',
      unassignedJobs: 0
    },
    {
      id: 'cmgt7lmns000qmxarybo79dix',
      name: 'Driver2 Metro Taxi',
      unassignedJobs: 0
    },
    {
      id: 'cmgt7lmva001amxargvvis3qo',
      name: 'Driver1 Quick Ride',
      unassignedJobs: 0
    },
    {
      id: 'cmgt7lmm7000mmxarb23yrhm4',
      name: 'Driver1 Metro Taxi',
      unassignedJobs: 0
    },
    {
      id: 'cmgt7lmpa000umxaro9mk6xmc',
      name: 'Driver3 Metro Taxi',
      unassignedJobs: 0
    },
    {
      id: 'cmgt7lmts0016mxar09d3mqpx',
      name: 'Driver3 City Cabs',
      unassignedJobs: 0
    },
    {
      id: 'cmgt7lmqs000ymxarz2f1edxx',
      name: 'Driver1 City Cabs',
      unassignedJobs: 0
    },
    {
      id: 'cmgt7lms90012mxare5ugbirp',
      name: 'Driver2 City Cabs',
      unassignedJobs: 0
    }
  ]
}
[Driver Activity Monitor] Checking driver activity at 2025-10-28T09:06:00.014Z
[Driver Activity Monitor] Threshold: 2025-10-28T08:56:00.014Z
[Driver Activity Monitor] Found 9 total active drivers
[Driver Activity Monitor] Driver3 Quick Ride:
  - Location Update: Never
  - Status Update: 2025-10-18T09:55:35.663Z
  - Preferences Location: Never
  - User Updated: Sat Oct 18 2025 12:55:35 GMT+0300 (Arabian Standard Time)
  - Last Activity: 2025-10-18T09:55:35.665Z
  - Inactive: true
[Driver Activity Monitor] Driver2 Quick Ride:
  - Location Update: Never
  - Status Update: 2025-10-18T09:55:35.663Z
  - Preferences Location: Never
  - User Updated: Sat Oct 18 2025 12:55:35 GMT+0300 (Arabian Standard Time)
  - Last Activity: 2025-10-18T09:55:35.665Z
  - Inactive: true
[Driver Activity Monitor] Driver2 Metro Taxi:
  - Location Update: Never
  - Status Update: 2025-10-18T09:55:35.663Z
  - Preferences Location: Never
  - User Updated: Sat Oct 18 2025 12:55:35 GMT+0300 (Arabian Standard Time)
  - Last Activity: 2025-10-18T09:55:35.665Z
  - Inactive: true
[Driver Activity Monitor] Driver1 Quick Ride:
  - Location Update: Never
  - Status Update: 2025-10-18T09:55:35.663Z
  - Preferences Location: Never
  - User Updated: Sat Oct 18 2025 12:55:35 GMT+0300 (Arabian Standard Time)
  - Last Activity: 2025-10-18T09:55:35.665Z
  - Inactive: true
[Driver Activity Monitor] Driver1 Metro Taxi:
  - Location Update: Never
  - Status Update: 2025-10-18T09:55:35.663Z
  - Preferences Location: Never
  - User Updated: Sat Oct 18 2025 12:55:35 GMT+0300 (Arabian Standard Time)
  - Last Activity: 2025-10-18T09:55:35.665Z
  - Inactive: true
[Driver Activity Monitor] Driver3 Metro Taxi:
  - Location Update: Never
  - Status Update: 2025-10-18T09:55:35.663Z
  - Preferences Location: Never
  - User Updated: Sat Oct 18 2025 12:55:35 GMT+0300 (Arabian Standard Time)
  - Last Activity: 2025-10-18T09:55:35.665Z
  - Inactive: true
[Driver Activity Monitor] Driver3 City Cabs:
  - Location Update: Never
  - Status Update: 2025-10-22T11:00:39.313Z
  - Preferences Location: Never
  - User Updated: Fri Oct 24 2025 19:30:17 GMT+0300 (Arabian Standard Time)
  - Last Activity: 2025-10-24T16:30:17.836Z
  - Inactive: true
[Driver Activity Monitor] Driver1 City Cabs:
  - Location Update: 2025-10-28T08:22:06.421Z
  - Status Update: 2025-10-28T08:22:46.335Z
  - Preferences Location: Never
  - User Updated: Tue Oct 28 2025 11:22:46 GMT+0300 (Arabian Standard Time)
  - Last Activity: 2025-10-28T08:22:46.337Z
  - Inactive: true
[Driver Activity Monitor] Driver2 City Cabs:
  - Location Update: Never
  - Status Update: 2025-10-18T09:55:35.663Z
  - Preferences Location: Never
  - User Updated: Sat Oct 18 2025 12:55:35 GMT+0300 (Arabian Standard Time)
  - Last Activity: 2025-10-18T09:55:35.665Z
  - Inactive: true
[Driver Activity Monitor] Found 9 inactive drivers
[Driver Activity Monitor] Processing driver cmgt7lmye001imxarbrwufab7 (Driver3 Quick Ride)
  - Last location update: Never
  - Active jobs: 0
  - Active shifts: 0
  - Current shift status: OFFLINE
  ✓ Emitted driver:status:changed for driver cmgt7lmye001imxarbrwufab7
[Driver Activity Monitor] Processing driver cmgt7lmww001emxarm6fiocom (Driver2 Quick Ride)
  - Last location update: Never
  - Active jobs: 0
  - Active shifts: 0
  - Current shift status: OFFLINE
  ✓ Emitted driver:status:changed for driver cmgt7lmww001emxarm6fiocom
[Driver Activity Monitor] Processing driver cmgt7lmns000qmxarybo79dix (Driver2 Metro Taxi)
  - Last location update: Never
  - Active jobs: 0
  - Active shifts: 0
  - Current shift status: OFFLINE
  ✓ Emitted driver:status:changed for driver cmgt7lmns000qmxarybo79dix
[Driver Activity Monitor] Processing driver cmgt7lmva001amxargvvis3qo (Driver1 Quick Ride)
  - Last location update: Never
  - Active jobs: 0
  - Active shifts: 0
  - Current shift status: OFFLINE
  ✓ Emitted driver:status:changed for driver cmgt7lmva001amxargvvis3qo
[Driver Activity Monitor] Processing driver cmgt7lmm7000mmxarb23yrhm4 (Driver1 Metro Taxi)
  - Last location update: Never
  - Active jobs: 0
  - Active shifts: 0
  - Current shift status: OFFLINE
  ✓ Emitted driver:status:changed for driver cmgt7lmm7000mmxarb23yrhm4
[Driver Activity Monitor] Processing driver cmgt7lmpa000umxaro9mk6xmc (Driver3 Metro Taxi)
  - Last location update: Never
  - Active jobs: 0
  - Active shifts: 0
  - Current shift status: OFFLINE
  ✓ Emitted driver:status:changed for driver cmgt7lmpa000umxaro9mk6xmc
[Driver Activity Monitor] Processing driver cmgt7lmts0016mxar09d3mqpx (Driver3 City Cabs)
  - Last location update: Never
  - Active jobs: 0
  - Active shifts: 0
  - Current shift status: OFFLINE
  ✓ Emitted driver:status:changed for driver cmgt7lmts0016mxar09d3mqpx
[Driver Activity Monitor] Processing driver cmgt7lmqs000ymxarz2f1edxx (Driver1 City Cabs)
  - Last location update: 2025-10-28T08:22:06.421Z
  - Active jobs: 0
  - Active shifts: 0
  - Current shift status: OFFLINE
  ✓ Emitted driver:status:changed for driver cmgt7lmqs000ymxarz2f1edxx
[Driver Activity Monitor] Processing driver cmgt7lms90012mxare5ugbirp (Driver2 City Cabs)
  - Last location update: Never
  - Active jobs: 0
  - Active shifts: 0
  - Current shift status: OFFLINE
  ✓ Emitted driver:status:changed for driver cmgt7lms90012mxare5ugbirp
[Driver Activity Monitor] Processed 9 inactive drivers
[Cron - Driver Activity] Processed inactive drivers: {
  count: 9,
  drivers: [
    {
      id: 'cmgt7lmye001imxarbrwufab7',
      name: 'Driver3 Quick Ride',
      unassignedJobs: 0
    },
    {
      id: 'cmgt7lmww001emxarm6fiocom',
      name: 'Driver2 Quick Ride',
      unassignedJobs: 0
    },
    {
      id: 'cmgt7lmns000qmxarybo79dix',
      name: 'Driver2 Metro Taxi',
      unassignedJobs: 0
    },
    {
      id: 'cmgt7lmva001amxargvvis3qo',
      name: 'Driver1 Quick Ride',
      unassignedJobs: 0
    },
    {
      id: 'cmgt7lmm7000mmxarb23yrhm4',
      name: 'Driver1 Metro Taxi',
      unassignedJobs: 0
    },
    {
      id: 'cmgt7lmpa000umxaro9mk6xmc',
      name: 'Driver3 Metro Taxi',
      unassignedJobs: 0
    },
    {
      id: 'cmgt7lmts0016mxar09d3mqpx',
      name: 'Driver3 City Cabs',
      unassignedJobs: 0
    },
    {
      id: 'cmgt7lmqs000ymxarz2f1edxx',
      name: 'Driver1 City Cabs',
      unassignedJobs: 0
    },
    {
      id: 'cmgt7lms90012mxare5ugbirp',
      name: 'Driver2 City Cabs',
      unassignedJobs: 0
    }
  ]
}
[Driver Activity Monitor] Checking driver activity at 2025-10-28T09:07:00.007Z
[Driver Activity Monitor] Threshold: 2025-10-28T08:57:00.007Z
[Driver Activity Monitor] Found 9 total active drivers
[Driver Activity Monitor] Driver3 Quick Ride:
  - Location Update: Never
  - Status Update: 2025-10-18T09:55:35.663Z
  - Preferences Location: Never
  - User Updated: Sat Oct 18 2025 12:55:35 GMT+0300 (Arabian Standard Time)
  - Last Activity: 2025-10-18T09:55:35.665Z
  - Inactive: true
[Driver Activity Monitor] Driver2 Quick Ride:
  - Location Update: Never
  - Status Update: 2025-10-18T09:55:35.663Z
  - Preferences Location: Never
  - User Updated: Sat Oct 18 2025 12:55:35 GMT+0300 (Arabian Standard Time)
  - Last Activity: 2025-10-18T09:55:35.665Z
  - Inactive: true
[Driver Activity Monitor] Driver2 Metro Taxi:
  - Location Update: Never
  - Status Update: 2025-10-18T09:55:35.663Z
  - Preferences Location: Never
  - User Updated: Sat Oct 18 2025 12:55:35 GMT+0300 (Arabian Standard Time)
  - Last Activity: 2025-10-18T09:55:35.665Z
  - Inactive: true
[Driver Activity Monitor] Driver1 Quick Ride:
  - Location Update: Never
  - Status Update: 2025-10-18T09:55:35.663Z
  - Preferences Location: Never
  - User Updated: Sat Oct 18 2025 12:55:35 GMT+0300 (Arabian Standard Time)
  - Last Activity: 2025-10-18T09:55:35.665Z
  - Inactive: true
[Driver Activity Monitor] Driver1 Metro Taxi:
  - Location Update: Never
  - Status Update: 2025-10-18T09:55:35.663Z
  - Preferences Location: Never
  - User Updated: Sat Oct 18 2025 12:55:35 GMT+0300 (Arabian Standard Time)
  - Last Activity: 2025-10-18T09:55:35.665Z
  - Inactive: true
[Driver Activity Monitor] Driver3 Metro Taxi:
  - Location Update: Never
  - Status Update: 2025-10-18T09:55:35.663Z
  - Preferences Location: Never
  - User Updated: Sat Oct 18 2025 12:55:35 GMT+0300 (Arabian Standard Time)
  - Last Activity: 2025-10-18T09:55:35.665Z
  - Inactive: true
[Driver Activity Monitor] Driver3 City Cabs:
  - Location Update: Never
  - Status Update: 2025-10-22T11:00:39.313Z
  - Preferences Location: Never
  - User Updated: Fri Oct 24 2025 19:30:17 GMT+0300 (Arabian Standard Time)
  - Last Activity: 2025-10-24T16:30:17.836Z
  - Inactive: true
[Driver Activity Monitor] Driver1 City Cabs:
  - Location Update: 2025-10-28T08:22:06.421Z
  - Status Update: 2025-10-28T08:22:46.335Z
  - Preferences Location: Never
  - User Updated: Tue Oct 28 2025 11:22:46 GMT+0300 (Arabian Standard Time)
  - Last Activity: 2025-10-28T08:22:46.337Z
  - Inactive: true
[Driver Activity Monitor] Driver2 City Cabs:
  - Location Update: Never
  - Status Update: 2025-10-18T09:55:35.663Z
  - Preferences Location: Never
  - User Updated: Sat Oct 18 2025 12:55:35 GMT+0300 (Arabian Standard Time)
  - Last Activity: 2025-10-18T09:55:35.665Z
  - Inactive: true
[Driver Activity Monitor] Found 9 inactive drivers
[Driver Activity Monitor] Processing driver cmgt7lmye001imxarbrwufab7 (Driver3 Quick Ride)
  - Last location update: Never
  - Active jobs: 0
  - Active shifts: 0
  - Current shift status: OFFLINE
  ✓ Emitted driver:status:changed for driver cmgt7lmye001imxarbrwufab7
[Driver Activity Monitor] Processing driver cmgt7lmww001emxarm6fiocom (Driver2 Quick Ride)
  - Last location update: Never
  - Active jobs: 0
  - Active shifts: 0
  - Current shift status: OFFLINE
  ✓ Emitted driver:status:changed for driver cmgt7lmww001emxarm6fiocom
[Driver Activity Monitor] Processing driver cmgt7lmns000qmxarybo79dix (Driver2 Metro Taxi)
  - Last location update: Never
  - Active jobs: 0
  - Active shifts: 0
  - Current shift status: OFFLINE
  ✓ Emitted driver:status:changed for driver cmgt7lmns000qmxarybo79dix
[Driver Activity Monitor] Processing driver cmgt7lmva001amxargvvis3qo (Driver1 Quick Ride)
  - Last location update: Never
  - Active jobs: 0
  - Active shifts: 0
  - Current shift status: OFFLINE
  ✓ Emitted driver:status:changed for driver cmgt7lmva001amxargvvis3qo
[Driver Activity Monitor] Processing driver cmgt7lmm7000mmxarb23yrhm4 (Driver1 Metro Taxi)
  - Last location update: Never
  - Active jobs: 0
  - Active shifts: 0
  - Current shift status: OFFLINE
  ✓ Emitted driver:status:changed for driver cmgt7lmm7000mmxarb23yrhm4
[Driver Activity Monitor] Processing driver cmgt7lmpa000umxaro9mk6xmc (Driver3 Metro Taxi)
  - Last location update: Never
  - Active jobs: 0
  - Active shifts: 0
  - Current shift status: OFFLINE
  ✓ Emitted driver:status:changed for driver cmgt7lmpa000umxaro9mk6xmc
[Driver Activity Monitor] Processing driver cmgt7lmts0016mxar09d3mqpx (Driver3 City Cabs)
  - Last location update: Never
  - Active jobs: 0
  - Active shifts: 0
  - Current shift status: OFFLINE
  ✓ Emitted driver:status:changed for driver cmgt7lmts0016mxar09d3mqpx
[Driver Activity Monitor] Processing driver cmgt7lmqs000ymxarz2f1edxx (Driver1 City Cabs)
  - Last location update: 2025-10-28T08:22:06.421Z
  - Active jobs: 0
  - Active shifts: 0
  - Current shift status: OFFLINE
  ✓ Emitted driver:status:changed for driver cmgt7lmqs000ymxarz2f1edxx
[Driver Activity Monitor] Processing driver cmgt7lms90012mxare5ugbirp (Driver2 City Cabs)
  - Last location update: Never
  - Active jobs: 0
  - Active shifts: 0
  - Current shift status: OFFLINE
  ✓ Emitted driver:status:changed for driver cmgt7lms90012mxare5ugbirp
[Driver Activity Monitor] Processed 9 inactive drivers
[Cron - Driver Activity] Processed inactive drivers: {
  count: 9,
  drivers: [
    {
      id: 'cmgt7lmye001imxarbrwufab7',
      name: 'Driver3 Quick Ride',
      unassignedJobs: 0
    },
    {
      id: 'cmgt7lmww001emxarm6fiocom',
      name: 'Driver2 Quick Ride',
      unassignedJobs: 0
    },
    {
      id: 'cmgt7lmns000qmxarybo79dix',
      name: 'Driver2 Metro Taxi',
      unassignedJobs: 0
    },
    {
      id: 'cmgt7lmva001amxargvvis3qo',
      name: 'Driver1 Quick Ride',
      unassignedJobs: 0
    },
    {
      id: 'cmgt7lmm7000mmxarb23yrhm4',
      name: 'Driver1 Metro Taxi',
      unassignedJobs: 0
    },
    {
      id: 'cmgt7lmpa000umxaro9mk6xmc',
      name: 'Driver3 Metro Taxi',
      unassignedJobs: 0
    },
    {
      id: 'cmgt7lmts0016mxar09d3mqpx',
      name: 'Driver3 City Cabs',
      unassignedJobs: 0
    },
    {
      id: 'cmgt7lmqs000ymxarz2f1edxx',
      name: 'Driver1 City Cabs',
      unassignedJobs: 0
    },
    {
      id: 'cmgt7lms90012mxare5ugbirp',
      name: 'Driver2 City Cabs',
      unassignedJobs: 0
    }
  ]
}
[Driver Activity Monitor] Checking driver activity at 2025-10-28T09:08:00.011Z
[Driver Activity Monitor] Threshold: 2025-10-28T08:58:00.011Z
[Driver Activity Monitor] Found 9 total active drivers
[Driver Activity Monitor] Driver3 Quick Ride:
  - Location Update: Never
  - Status Update: 2025-10-18T09:55:35.663Z
  - Preferences Location: Never
  - User Updated: Sat Oct 18 2025 12:55:35 GMT+0300 (Arabian Standard Time)
  - Last Activity: 2025-10-18T09:55:35.665Z
  - Inactive: true
[Driver Activity Monitor] Driver2 Quick Ride:
  - Location Update: Never
  - Status Update: 2025-10-18T09:55:35.663Z
  - Preferences Location: Never
  - User Updated: Sat Oct 18 2025 12:55:35 GMT+0300 (Arabian Standard Time)
  - Last Activity: 2025-10-18T09:55:35.665Z
  - Inactive: true
[Driver Activity Monitor] Driver2 Metro Taxi:
  - Location Update: Never
  - Status Update: 2025-10-18T09:55:35.663Z
  - Preferences Location: Never
  - User Updated: Sat Oct 18 2025 12:55:35 GMT+0300 (Arabian Standard Time)
  - Last Activity: 2025-10-18T09:55:35.665Z
  - Inactive: true
[Driver Activity Monitor] Driver1 Quick Ride:
  - Location Update: Never
  - Status Update: 2025-10-18T09:55:35.663Z
  - Preferences Location: Never
  - User Updated: Sat Oct 18 2025 12:55:35 GMT+0300 (Arabian Standard Time)
  - Last Activity: 2025-10-18T09:55:35.665Z
  - Inactive: true
[Driver Activity Monitor] Driver1 Metro Taxi:
  - Location Update: Never
  - Status Update: 2025-10-18T09:55:35.663Z
  - Preferences Location: Never
  - User Updated: Sat Oct 18 2025 12:55:35 GMT+0300 (Arabian Standard Time)
  - Last Activity: 2025-10-18T09:55:35.665Z
  - Inactive: true
[Driver Activity Monitor] Driver3 Metro Taxi:
  - Location Update: Never
  - Status Update: 2025-10-18T09:55:35.663Z
  - Preferences Location: Never
  - User Updated: Sat Oct 18 2025 12:55:35 GMT+0300 (Arabian Standard Time)
  - Last Activity: 2025-10-18T09:55:35.665Z
  - Inactive: true
[Driver Activity Monitor] Driver3 City Cabs:
  - Location Update: Never
  - Status Update: 2025-10-22T11:00:39.313Z
  - Preferences Location: Never
  - User Updated: Fri Oct 24 2025 19:30:17 GMT+0300 (Arabian Standard Time)
  - Last Activity: 2025-10-24T16:30:17.836Z
  - Inactive: true
[Driver Activity Monitor] Driver1 City Cabs:
  - Location Update: 2025-10-28T08:22:06.421Z
  - Status Update: 2025-10-28T08:22:46.335Z
  - Preferences Location: Never
  - User Updated: Tue Oct 28 2025 11:22:46 GMT+0300 (Arabian Standard Time)
  - Last Activity: 2025-10-28T08:22:46.337Z
  - Inactive: true
[Driver Activity Monitor] Driver2 City Cabs:
  - Location Update: Never
  - Status Update: 2025-10-18T09:55:35.663Z
  - Preferences Location: Never
  - User Updated: Sat Oct 18 2025 12:55:35 GMT+0300 (Arabian Standard Time)
  - Last Activity: 2025-10-18T09:55:35.665Z
  - Inactive: true
[Driver Activity Monitor] Found 9 inactive drivers
[Driver Activity Monitor] Processing driver cmgt7lmye001imxarbrwufab7 (Driver3 Quick Ride)
  - Last location update: Never
  - Active jobs: 0
  - Active shifts: 0
  - Current shift status: OFFLINE
  ✓ Emitted driver:status:changed for driver cmgt7lmye001imxarbrwufab7
[Driver Activity Monitor] Processing driver cmgt7lmww001emxarm6fiocom (Driver2 Quick Ride)
  - Last location update: Never
  - Active jobs: 0
  - Active shifts: 0
  - Current shift status: OFFLINE
  ✓ Emitted driver:status:changed for driver cmgt7lmww001emxarm6fiocom
[Driver Activity Monitor] Processing driver cmgt7lmns000qmxarybo79dix (Driver2 Metro Taxi)
  - Last location update: Never
  - Active jobs: 0
  - Active shifts: 0
  - Current shift status: OFFLINE
  ✓ Emitted driver:status:changed for driver cmgt7lmns000qmxarybo79dix
[Driver Activity Monitor] Processing driver cmgt7lmva001amxargvvis3qo (Driver1 Quick Ride)
  - Last location update: Never
  - Active jobs: 0
  - Active shifts: 0
  - Current shift status: OFFLINE
  ✓ Emitted driver:status:changed for driver cmgt7lmva001amxargvvis3qo
[Driver Activity Monitor] Processing driver cmgt7lmm7000mmxarb23yrhm4 (Driver1 Metro Taxi)
  - Last location update: Never
  - Active jobs: 0
  - Active shifts: 0
  - Current shift status: OFFLINE
  ✓ Emitted driver:status:changed for driver cmgt7lmm7000mmxarb23yrhm4
[Driver Activity Monitor] Processing driver cmgt7lmpa000umxaro9mk6xmc (Driver3 Metro Taxi)
  - Last location update: Never
  - Active jobs: 0
  - Active shifts: 0
  - Current shift status: OFFLINE
  ✓ Emitted driver:status:changed for driver cmgt7lmpa000umxaro9mk6xmc
[Driver Activity Monitor] Processing driver cmgt7lmts0016mxar09d3mqpx (Driver3 City Cabs)
  - Last location update: Never
  - Active jobs: 0
  - Active shifts: 0
  - Current shift status: OFFLINE
  ✓ Emitted driver:status:changed for driver cmgt7lmts0016mxar09d3mqpx
[Driver Activity Monitor] Processing driver cmgt7lmqs000ymxarz2f1edxx (Driver1 City Cabs)
  - Last location update: 2025-10-28T08:22:06.421Z
  - Active jobs: 0
  - Active shifts: 0
  - Current shift status: OFFLINE
  ✓ Emitted driver:status:changed for driver cmgt7lmqs000ymxarz2f1edxx
[Driver Activity Monitor] Processing driver cmgt7lms90012mxare5ugbirp (Driver2 City Cabs)
  - Last location update: Never
  - Active jobs: 0
  - Active shifts: 0
  - Current shift status: OFFLINE
  ✓ Emitted driver:status:changed for driver cmgt7lms90012mxare5ugbirp
[Driver Activity Monitor] Processed 9 inactive drivers
[Cron - Driver Activity] Processed inactive drivers: {
  count: 9,
  drivers: [
    {
      id: 'cmgt7lmye001imxarbrwufab7',
      name: 'Driver3 Quick Ride',
      unassignedJobs: 0
    },
    {
      id: 'cmgt7lmww001emxarm6fiocom',
      name: 'Driver2 Quick Ride',
      unassignedJobs: 0
    },
    {
      id: 'cmgt7lmns000qmxarybo79dix',
      name: 'Driver2 Metro Taxi',
      unassignedJobs: 0
    },
    {
      id: 'cmgt7lmva001amxargvvis3qo',
      name: 'Driver1 Quick Ride',
      unassignedJobs: 0
    },
    {
      id: 'cmgt7lmm7000mmxarb23yrhm4',
      name: 'Driver1 Metro Taxi',
      unassignedJobs: 0
    },
    {
      id: 'cmgt7lmpa000umxaro9mk6xmc',
      name: 'Driver3 Metro Taxi',
      unassignedJobs: 0
    },
    {
      id: 'cmgt7lmts0016mxar09d3mqpx',
      name: 'Driver3 City Cabs',
      unassignedJobs: 0
    },
    {
      id: 'cmgt7lmqs000ymxarz2f1edxx',
      name: 'Driver1 City Cabs',
      unassignedJobs: 0
    },
    {
      id: 'cmgt7lms90012mxare5ugbirp',
      name: 'Driver2 City Cabs',
      unassignedJobs: 0
    }
  ]
}
[Driver Activity Monitor] Checking driver activity at 2025-10-28T09:09:00.015Z
[Driver Activity Monitor] Threshold: 2025-10-28T08:59:00.015Z
[Driver Activity Monitor] Found 9 total active drivers
[Driver Activity Monitor] Driver3 Quick Ride:
  - Location Update: Never
  - Status Update: 2025-10-18T09:55:35.663Z
  - Preferences Location: Never
  - User Updated: Sat Oct 18 2025 12:55:35 GMT+0300 (Arabian Standard Time)
  - Last Activity: 2025-10-18T09:55:35.665Z
  - Inactive: true
[Driver Activity Monitor] Driver2 Quick Ride:
  - Location Update: Never
  - Status Update: 2025-10-18T09:55:35.663Z
  - Preferences Location: Never
  - User Updated: Sat Oct 18 2025 12:55:35 GMT+0300 (Arabian Standard Time)
  - Last Activity: 2025-10-18T09:55:35.665Z
  - Inactive: true
[Driver Activity Monitor] Driver2 Metro Taxi:
  - Location Update: Never
  - Status Update: 2025-10-18T09:55:35.663Z
  - Preferences Location: Never
  - User Updated: Sat Oct 18 2025 12:55:35 GMT+0300 (Arabian Standard Time)
  - Last Activity: 2025-10-18T09:55:35.665Z
  - Inactive: true
[Driver Activity Monitor] Driver1 Quick Ride:
  - Location Update: Never
  - Status Update: 2025-10-18T09:55:35.663Z
  - Preferences Location: Never
  - User Updated: Sat Oct 18 2025 12:55:35 GMT+0300 (Arabian Standard Time)
  - Last Activity: 2025-10-18T09:55:35.665Z
  - Inactive: true
[Driver Activity Monitor] Driver1 Metro Taxi:
  - Location Update: Never
  - Status Update: 2025-10-18T09:55:35.663Z
  - Preferences Location: Never
  - User Updated: Sat Oct 18 2025 12:55:35 GMT+0300 (Arabian Standard Time)
  - Last Activity: 2025-10-18T09:55:35.665Z
  - Inactive: true
[Driver Activity Monitor] Driver3 Metro Taxi:
  - Location Update: Never
  - Status Update: 2025-10-18T09:55:35.663Z
  - Preferences Location: Never
  - User Updated: Sat Oct 18 2025 12:55:35 GMT+0300 (Arabian Standard Time)
  - Last Activity: 2025-10-18T09:55:35.665Z
  - Inactive: true
[Driver Activity Monitor] Driver3 City Cabs:
  - Location Update: Never
  - Status Update: 2025-10-22T11:00:39.313Z
  - Preferences Location: Never
  - User Updated: Fri Oct 24 2025 19:30:17 GMT+0300 (Arabian Standard Time)
  - Last Activity: 2025-10-24T16:30:17.836Z
  - Inactive: true
[Driver Activity Monitor] Driver1 City Cabs:
  - Location Update: 2025-10-28T08:22:06.421Z
  - Status Update: 2025-10-28T08:22:46.335Z
  - Preferences Location: Never
  - User Updated: Tue Oct 28 2025 11:22:46 GMT+0300 (Arabian Standard Time)
  - Last Activity: 2025-10-28T08:22:46.337Z
  - Inactive: true
[Driver Activity Monitor] Driver2 City Cabs:
  - Location Update: Never
  - Status Update: 2025-10-18T09:55:35.663Z
  - Preferences Location: Never
  - User Updated: Sat Oct 18 2025 12:55:35 GMT+0300 (Arabian Standard Time)
  - Last Activity: 2025-10-18T09:55:35.665Z
  - Inactive: true
[Driver Activity Monitor] Found 9 inactive drivers
[Driver Activity Monitor] Processing driver cmgt7lmye001imxarbrwufab7 (Driver3 Quick Ride)
  - Last location update: Never
  - Active jobs: 0
  - Active shifts: 0
  - Current shift status: OFFLINE
  ✓ Emitted driver:status:changed for driver cmgt7lmye001imxarbrwufab7
[Driver Activity Monitor] Processing driver cmgt7lmww001emxarm6fiocom (Driver2 Quick Ride)
  - Last location update: Never
  - Active jobs: 0
  - Active shifts: 0
  - Current shift status: OFFLINE
  ✓ Emitted driver:status:changed for driver cmgt7lmww001emxarm6fiocom
[Driver Activity Monitor] Processing driver cmgt7lmns000qmxarybo79dix (Driver2 Metro Taxi)
  - Last location update: Never
  - Active jobs: 0
  - Active shifts: 0
  - Current shift status: OFFLINE
  ✓ Emitted driver:status:changed for driver cmgt7lmns000qmxarybo79dix
[Driver Activity Monitor] Processing driver cmgt7lmva001amxargvvis3qo (Driver1 Quick Ride)
  - Last location update: Never
  - Active jobs: 0
  - Active shifts: 0
  - Current shift status: OFFLINE
  ✓ Emitted driver:status:changed for driver cmgt7lmva001amxargvvis3qo
[Driver Activity Monitor] Processing driver cmgt7lmm7000mmxarb23yrhm4 (Driver1 Metro Taxi)
  - Last location update: Never
  - Active jobs: 0
  - Active shifts: 0
  - Current shift status: OFFLINE
  ✓ Emitted driver:status:changed for driver cmgt7lmm7000mmxarb23yrhm4
[Driver Activity Monitor] Processing driver cmgt7lmpa000umxaro9mk6xmc (Driver3 Metro Taxi)
  - Last location update: Never
  - Active jobs: 0
  - Active shifts: 0
  - Current shift status: OFFLINE
  ✓ Emitted driver:status:changed for driver cmgt7lmpa000umxaro9mk6xmc
[Driver Activity Monitor] Processing driver cmgt7lmts0016mxar09d3mqpx (Driver3 City Cabs)
  - Last location update: Never
  - Active jobs: 0
  - Active shifts: 0
  - Current shift status: OFFLINE
  ✓ Emitted driver:status:changed for driver cmgt7lmts0016mxar09d3mqpx
[Driver Activity Monitor] Processing driver cmgt7lmqs000ymxarz2f1edxx (Driver1 City Cabs)
  - Last location update: 2025-10-28T08:22:06.421Z
  - Active jobs: 0
  - Active shifts: 0
  - Current shift status: OFFLINE
  ✓ Emitted driver:status:changed for driver cmgt7lmqs000ymxarz2f1edxx
[Driver Activity Monitor] Processing driver cmgt7lms90012mxare5ugbirp (Driver2 City Cabs)
  - Last location update: Never
  - Active jobs: 0
  - Active shifts: 0
  - Current shift status: OFFLINE
  ✓ Emitted driver:status:changed for driver cmgt7lms90012mxare5ugbirp
[Driver Activity Monitor] Processed 9 inactive drivers
[Cron - Driver Activity] Processed inactive drivers: {
  count: 9,
  drivers: [
    {
      id: 'cmgt7lmye001imxarbrwufab7',
      name: 'Driver3 Quick Ride',
      unassignedJobs: 0
    },
    {
      id: 'cmgt7lmww001emxarm6fiocom',
      name: 'Driver2 Quick Ride',
      unassignedJobs: 0
    },
    {
      id: 'cmgt7lmns000qmxarybo79dix',
      name: 'Driver2 Metro Taxi',
      unassignedJobs: 0
    },
    {
      id: 'cmgt7lmva001amxargvvis3qo',
      name: 'Driver1 Quick Ride',
      unassignedJobs: 0
    },
    {
      id: 'cmgt7lmm7000mmxarb23yrhm4',
      name: 'Driver1 Metro Taxi',
      unassignedJobs: 0
    },
    {
      id: 'cmgt7lmpa000umxaro9mk6xmc',
      name: 'Driver3 Metro Taxi',
      unassignedJobs: 0
    },
    {
      id: 'cmgt7lmts0016mxar09d3mqpx',
      name: 'Driver3 City Cabs',
      unassignedJobs: 0
    },
    {
      id: 'cmgt7lmqs000ymxarz2f1edxx',
      name: 'Driver1 City Cabs',
      unassignedJobs: 0
    },
    {
      id: 'cmgt7lms90012mxare5ugbirp',
      name: 'Driver2 City Cabs',
      unassignedJobs: 0
    }
  ]
}
Driver disconnected: dkklbHnIvdmRTPLjAAAF
🔄 Processing disconnect cleanup for driver cmgt7lmqs000ymxarz2f1edxx
📍 Emitted zone change to mobile driver cmgt7lmqs000ymxarz2f1edxx: { zoneId: 'cmh87ng5j00079kxcd9v0jk7k', zoneName: undefined }
✅ Driver cmgt7lmqs000ymxarz2f1edxx disconnect cleanup completed
Driver connected: yJsY6uiNzVXHXmHeAAAH
🔍 Mobile API Request: GET /api/mobile/driver/vehicles
🔍 Mobile API Request: GET /api/mobile/driver/shift/current
🔐 Driver authenticating: {
  userId: 'cmgt7lmqs000ymxarz2f1edxx',
  companyId: 'cmgt7lmip0005mxarxkkjup1p',
  socketId: 'yJsY6uiNzVXHXmHeAAAH'
}
✅ Driver cmgt7lmqs000ymxarz2f1edxx joined rooms: {
  driverRoom: 'driver_cmgt7lmqs000ymxarz2f1edxx',
  companyRoom: 'company:cmgt7lmip0005mxarxkkjup1p',
  roomCount: 3,
  rooms: [
    'yJsY6uiNzVXHXmHeAAAH',
    'driver_cmgt7lmqs000ymxarz2f1edxx',
    'company:cmgt7lmip0005mxarxkkjup1p'
  ]
}
✅ Enhanced status handlers initialized for driver cmgt7lmqs000ymxarz2f1edxx
🔍 Mobile API Request: GET /api/mobile/driver/shift/current
🔍 Mobile API Request: GET /api/mobile/driver/jobs/history?limit=3&status=COMPLETED&includeEarnings=true
🔍 Mobile API Request: GET /api/mobile/driver/jobs/history?limit=3&status=COMPLETED&includeEarnings=true
🔍 Mobile API Request: GET /api/mobile/driver/shift/current
🔍 Mobile API Request: GET /api/mobile/driver/jobs/history?limit=3&status=COMPLETED&includeEarnings=true
🔍 Mobile API Request: GET /api/mobile/driver/shift/current
🔄 Zone cache MISS for company cmgt7lmip0005mxarxkkjup1p - fetching from DB
✅ Cached 5 zones for company cmgt7lmip0005mxarxkkjup1p
🔍 Zone detection: 4/5 candidates after bounds check
✅ Zone detected: "Iusto et distinctio" (cmh87ng5j00079kxcd9v0jk7k) in 1ms
⏳ Zone stability pending for driver cmgt7lmqs000ymxarz2f1edxx (need 3 consecutive detections)
[BROADCAST LOCATION] Driver: cmgt7lmqs000ymxarz2f1edxx, Lat: 25.2841722, Lng: 51.5289844
[Socket Broadcast] Event: driver:location:update, Rooms: dispatch_cmgt7lmip0005mxarxkkjup1p, company_cmgt7lmip0005mxarxkkjup1p, super_admin, all_dispatchers
[Socket Broadcast] Event: driverLocationUpdate, Rooms: dispatch_cmgt7lmip0005mxarxkkjup1p, company_cmgt7lmip0005mxarxkkjup1p, super_admin, all_dispatchers
[Socket Broadcast] Event: driver:location:realtime, Rooms: dispatch_cmgt7lmip0005mxarxkkjup1p, company_cmgt7lmip0005mxarxkkjup1p, super_admin, all_dispatchers
[Socket Broadcast] Event: driver:zone:changed, Rooms: dispatch_cmgt7lmip0005mxarxkkjup1p, company_cmgt7lmip0005mxarxkkjup1p, super_admin, all_dispatchers
Failed to process job:progress:update: PrismaClientValidationError: 
Invalid `prisma.job.update()` invocation in
/Applications/A_B_TAXI/backend/socket-handlers/enhancedDriverStatusHandlers.js:1063:48

  1060 // When driver rejects job, set job status to UNASSIGNED so it becomes available to other drivers
  1061 const finalJobStatus = normalizedStatus === 'REJECTED' ? 'UNASSIGNED' : normalizedStatus;
  1062 
→ 1063 const jobRecord = await prisma.job.update({
         where: {
           id: "cmha71kcb002p8ogj1q5zf9l9"
         },
         data: {
           status: "NO_SHOW",
                   ~~~~~~~~~
           updatedAt: new Date("2025-10-28T09:09:51.466Z"),
           assignedDriverId: null
         },
         include: {
           customer: {
             select: {
               id: true,
               firstName: true,
               lastName: true,
               phone: true
             }
           }
         }
       })

Invalid value for argument `status`. Expected JobStatus.
    at Nn (/Applications/A_B_TAXI/backend/node_modules/@prisma/client/runtime/library.js:29:1363)
    at ei.handleRequestError (/Applications/A_B_TAXI/backend/node_modules/@prisma/client/runtime/library.js:121:6911)
    at ei.handleAndLogRequestError (/Applications/A_B_TAXI/backend/node_modules/@prisma/client/runtime/library.js:121:6593)
    at ei.request (/Applications/A_B_TAXI/backend/node_modules/@prisma/client/runtime/library.js:121:6300)
    at async a (/Applications/A_B_TAXI/backend/node_modules/@prisma/client/runtime/library.js:130:9551)
    at async Socket.<anonymous> (/Applications/A_B_TAXI/backend/socket-handlers/enhancedDriverStatusHandlers.js:1063:31) {
  clientVersion: '6.16.3'
}
👤 Driver status update: {
  driverId: 'cmgt7lmqs000ymxarz2f1edxx',
  companyId: 'cmgt7lmip0005mxarxkkjup1p',
  status: 'AVAILABLE',
  newStatus: 'AVAILABLE',
  location: {
    latitude: 25.2841722,
    longitude: 51.5289844,
    accuracy: 5,
    heading: 69.90299987792969,
    speed: 9.614818572998047,
    timestamp: 1761642549032
  },
  timestamp: 1761642591467,
  reason: 'manual'
}
📍 Emitted zone change to mobile driver cmgt7lmqs000ymxarz2f1edxx: { zoneId: 'cmh87ng5j00079kxcd9v0jk7k', zoneName: undefined }
[BROADCAST STATUS] Driver: cmgt7lmqs000ymxarz2f1edxx, Status: AVAILABLE
[Socket Broadcast] Event: driver:status:update, Rooms: dispatch_cmgt7lmip0005mxarxkkjup1p, company_cmgt7lmip0005mxarxkkjup1p, super_admin, all_dispatchers
[Socket Broadcast] Event: driver:status:updated, Rooms: dispatch_cmgt7lmip0005mxarxkkjup1p, company_cmgt7lmip0005mxarxkkjup1p, super_admin, all_dispatchers
[Driver Activity Monitor] Checking driver activity at 2025-10-28T09:10:00.006Z
[Driver Activity Monitor] Threshold: 2025-10-28T09:00:00.006Z
[Driver Activity Monitor] Found 9 total active drivers
[Driver Activity Monitor] Driver3 Quick Ride:
  - Location Update: Never
  - Status Update: 2025-10-18T09:55:35.663Z
  - Preferences Location: Never
  - User Updated: Sat Oct 18 2025 12:55:35 GMT+0300 (Arabian Standard Time)
  - Last Activity: 2025-10-18T09:55:35.665Z
  - Inactive: true
[Driver Activity Monitor] Driver2 Quick Ride:
  - Location Update: Never
  - Status Update: 2025-10-18T09:55:35.663Z
  - Preferences Location: Never
  - User Updated: Sat Oct 18 2025 12:55:35 GMT+0300 (Arabian Standard Time)
  - Last Activity: 2025-10-18T09:55:35.665Z
  - Inactive: true
[Driver Activity Monitor] Driver2 Metro Taxi:
  - Location Update: Never
  - Status Update: 2025-10-18T09:55:35.663Z
  - Preferences Location: Never
  - User Updated: Sat Oct 18 2025 12:55:35 GMT+0300 (Arabian Standard Time)
  - Last Activity: 2025-10-18T09:55:35.665Z
  - Inactive: true
[Driver Activity Monitor] Driver1 Quick Ride:
  - Location Update: Never
  - Status Update: 2025-10-18T09:55:35.663Z
  - Preferences Location: Never
  - User Updated: Sat Oct 18 2025 12:55:35 GMT+0300 (Arabian Standard Time)
  - Last Activity: 2025-10-18T09:55:35.665Z
  - Inactive: true
[Driver Activity Monitor] Driver1 Metro Taxi:
  - Location Update: Never
  - Status Update: 2025-10-18T09:55:35.663Z
  - Preferences Location: Never
  - User Updated: Sat Oct 18 2025 12:55:35 GMT+0300 (Arabian Standard Time)
  - Last Activity: 2025-10-18T09:55:35.665Z
  - Inactive: true
[Driver Activity Monitor] Driver3 Metro Taxi:
  - Location Update: Never
  - Status Update: 2025-10-18T09:55:35.663Z
  - Preferences Location: Never
  - User Updated: Sat Oct 18 2025 12:55:35 GMT+0300 (Arabian Standard Time)
  - Last Activity: 2025-10-18T09:55:35.665Z
  - Inactive: true
[Driver Activity Monitor] Driver3 City Cabs:
  - Location Update: Never
  - Status Update: 2025-10-22T11:00:39.313Z
  - Preferences Location: Never
  - User Updated: Fri Oct 24 2025 19:30:17 GMT+0300 (Arabian Standard Time)
  - Last Activity: 2025-10-24T16:30:17.836Z
  - Inactive: true
[Driver Activity Monitor] Driver1 City Cabs:
  - Location Update: 2025-10-28T09:09:09.032Z
  - Status Update: 2025-10-28T09:09:54.168Z
  - Preferences Location: Never
  - User Updated: Tue Oct 28 2025 12:09:54 GMT+0300 (Arabian Standard Time)
  - Last Activity: 2025-10-28T09:09:54.169Z
  - Inactive: false
[Driver Activity Monitor] Driver2 City Cabs:
  - Location Update: Never
  - Status Update: 2025-10-18T09:55:35.663Z
  - Preferences Location: Never
  - User Updated: Sat Oct 18 2025 12:55:35 GMT+0300 (Arabian Standard Time)
  - Last Activity: 2025-10-18T09:55:35.665Z
  - Inactive: true
[Driver Activity Monitor] Found 8 inactive drivers
[Driver Activity Monitor] Processing driver cmgt7lmye001imxarbrwufab7 (Driver3 Quick Ride)
  - Last location update: Never
  - Active jobs: 0
  - Active shifts: 0
  - Current shift status: OFFLINE
  ✓ Emitted driver:status:changed for driver cmgt7lmye001imxarbrwufab7
[Driver Activity Monitor] Processing driver cmgt7lmww001emxarm6fiocom (Driver2 Quick Ride)
  - Last location update: Never
  - Active jobs: 0
  - Active shifts: 0
  - Current shift status: OFFLINE
  ✓ Emitted driver:status:changed for driver cmgt7lmww001emxarm6fiocom
[Driver Activity Monitor] Processing driver cmgt7lmns000qmxarybo79dix (Driver2 Metro Taxi)
  - Last location update: Never
  - Active jobs: 0
  - Active shifts: 0
  - Current shift status: OFFLINE
  ✓ Emitted driver:status:changed for driver cmgt7lmns000qmxarybo79dix
[Driver Activity Monitor] Processing driver cmgt7lmva001amxargvvis3qo (Driver1 Quick Ride)
  - Last location update: Never
  - Active jobs: 0
  - Active shifts: 0
  - Current shift status: OFFLINE
  ✓ Emitted driver:status:changed for driver cmgt7lmva001amxargvvis3qo
[Driver Activity Monitor] Processing driver cmgt7lmm7000mmxarb23yrhm4 (Driver1 Metro Taxi)
  - Last location update: Never
  - Active jobs: 0
  - Active shifts: 0
  - Current shift status: OFFLINE
  ✓ Emitted driver:status:changed for driver cmgt7lmm7000mmxarb23yrhm4
[Driver Activity Monitor] Processing driver cmgt7lmpa000umxaro9mk6xmc (Driver3 Metro Taxi)
  - Last location update: Never
  - Active jobs: 0
  - Active shifts: 0
  - Current shift status: OFFLINE
  ✓ Emitted driver:status:changed for driver cmgt7lmpa000umxaro9mk6xmc
[Driver Activity Monitor] Processing driver cmgt7lmts0016mxar09d3mqpx (Driver3 City Cabs)
  - Last location update: Never
  - Active jobs: 0
  - Active shifts: 0
  - Current shift status: OFFLINE
  ✓ Emitted driver:status:changed for driver cmgt7lmts0016mxar09d3mqpx
[Driver Activity Monitor] Processing driver cmgt7lms90012mxare5ugbirp (Driver2 City Cabs)
  - Last location update: Never
  - Active jobs: 0
  - Active shifts: 0
  - Current shift status: OFFLINE
  ✓ Emitted driver:status:changed for driver cmgt7lms90012mxare5ugbirp
[Driver Activity Monitor] Processed 8 inactive drivers
[Cron - Driver Activity] Processed inactive drivers: {
  count: 8,
  drivers: [
    {
      id: 'cmgt7lmye001imxarbrwufab7',
      name: 'Driver3 Quick Ride',
      unassignedJobs: 0
    },
    {
      id: 'cmgt7lmww001emxarm6fiocom',
      name: 'Driver2 Quick Ride',
      unassignedJobs: 0
    },
    {
      id: 'cmgt7lmns000qmxarybo79dix',
      name: 'Driver2 Metro Taxi',
      unassignedJobs: 0
    },
    {
      id: 'cmgt7lmva001amxargvvis3qo',
      name: 'Driver1 Quick Ride',
      unassignedJobs: 0
    },
    {
      id: 'cmgt7lmm7000mmxarb23yrhm4',
      name: 'Driver1 Metro Taxi',
      unassignedJobs: 0
    },
    {
      id: 'cmgt7lmpa000umxaro9mk6xmc',
      name: 'Driver3 Metro Taxi',
      unassignedJobs: 0
    },
    {
      id: 'cmgt7lmts0016mxar09d3mqpx',
      name: 'Driver3 City Cabs',
      unassignedJobs: 0
    },
    {
      id: 'cmgt7lms90012mxare5ugbirp',
      name: 'Driver2 City Cabs',
      unassignedJobs: 0
    }
  ]
}
[Driver Activity Monitor] Checking driver activity at 2025-10-28T09:11:00.005Z
[Driver Activity Monitor] Threshold: 2025-10-28T09:01:00.005Z
[Driver Activity Monitor] Found 9 total active drivers
[Driver Activity Monitor] Driver3 Quick Ride:
  - Location Update: Never
  - Status Update: 2025-10-18T09:55:35.663Z
  - Preferences Location: Never
  - User Updated: Sat Oct 18 2025 12:55:35 GMT+0300 (Arabian Standard Time)
  - Last Activity: 2025-10-18T09:55:35.665Z
  - Inactive: true
[Driver Activity Monitor] Driver2 Quick Ride:
  - Location Update: Never
  - Status Update: 2025-10-18T09:55:35.663Z
  - Preferences Location: Never
  - User Updated: Sat Oct 18 2025 12:55:35 GMT+0300 (Arabian Standard Time)
  - Last Activity: 2025-10-18T09:55:35.665Z
  - Inactive: true
[Driver Activity Monitor] Driver2 Metro Taxi:
  - Location Update: Never
  - Status Update: 2025-10-18T09:55:35.663Z
  - Preferences Location: Never
  - User Updated: Sat Oct 18 2025 12:55:35 GMT+0300 (Arabian Standard Time)
  - Last Activity: 2025-10-18T09:55:35.665Z
  - Inactive: true
[Driver Activity Monitor] Driver1 Quick Ride:
  - Location Update: Never
  - Status Update: 2025-10-18T09:55:35.663Z
  - Preferences Location: Never
  - User Updated: Sat Oct 18 2025 12:55:35 GMT+0300 (Arabian Standard Time)
  - Last Activity: 2025-10-18T09:55:35.665Z
  - Inactive: true
[Driver Activity Monitor] Driver1 Metro Taxi:
  - Location Update: Never
  - Status Update: 2025-10-18T09:55:35.663Z
  - Preferences Location: Never
  - User Updated: Sat Oct 18 2025 12:55:35 GMT+0300 (Arabian Standard Time)
  - Last Activity: 2025-10-18T09:55:35.665Z
  - Inactive: true
[Driver Activity Monitor] Driver3 Metro Taxi:
  - Location Update: Never
  - Status Update: 2025-10-18T09:55:35.663Z
  - Preferences Location: Never
  - User Updated: Sat Oct 18 2025 12:55:35 GMT+0300 (Arabian Standard Time)
  - Last Activity: 2025-10-18T09:55:35.665Z
  - Inactive: true
[Driver Activity Monitor] Driver3 City Cabs:
  - Location Update: Never
  - Status Update: 2025-10-22T11:00:39.313Z
  - Preferences Location: Never
  - User Updated: Fri Oct 24 2025 19:30:17 GMT+0300 (Arabian Standard Time)
  - Last Activity: 2025-10-24T16:30:17.836Z
  - Inactive: true
[Driver Activity Monitor] Driver1 City Cabs:
  - Location Update: 2025-10-28T09:09:09.032Z
  - Status Update: 2025-10-28T09:09:54.168Z
  - Preferences Location: Never
  - User Updated: Tue Oct 28 2025 12:09:54 GMT+0300 (Arabian Standard Time)
  - Last Activity: 2025-10-28T09:09:54.169Z
  - Inactive: false
[Driver Activity Monitor] Driver2 City Cabs:
  - Location Update: Never
  - Status Update: 2025-10-18T09:55:35.663Z
  - Preferences Location: Never
  - User Updated: Sat Oct 18 2025 12:55:35 GMT+0300 (Arabian Standard Time)
  - Last Activity: 2025-10-18T09:55:35.665Z
  - Inactive: true
[Driver Activity Monitor] Found 8 inactive drivers
[Driver Activity Monitor] Processing driver cmgt7lmye001imxarbrwufab7 (Driver3 Quick Ride)
  - Last location update: Never
  - Active jobs: 0
  - Active shifts: 0
  - Current shift status: OFFLINE
  ✓ Emitted driver:status:changed for driver cmgt7lmye001imxarbrwufab7
[Driver Activity Monitor] Processing driver cmgt7lmww001emxarm6fiocom (Driver2 Quick Ride)
  - Last location update: Never
  - Active jobs: 0
  - Active shifts: 0
  - Current shift status: OFFLINE
  ✓ Emitted driver:status:changed for driver cmgt7lmww001emxarm6fiocom
[Driver Activity Monitor] Processing driver cmgt7lmns000qmxarybo79dix (Driver2 Metro Taxi)
  - Last location update: Never
  - Active jobs: 0
  - Active shifts: 0
  - Current shift status: OFFLINE
  ✓ Emitted driver:status:changed for driver cmgt7lmns000qmxarybo79dix
[Driver Activity Monitor] Processing driver cmgt7lmva001amxargvvis3qo (Driver1 Quick Ride)
  - Last location update: Never
  - Active jobs: 0
  - Active shifts: 0
  - Current shift status: OFFLINE
  ✓ Emitted driver:status:changed for driver cmgt7lmva001amxargvvis3qo
[Driver Activity Monitor] Processing driver cmgt7lmm7000mmxarb23yrhm4 (Driver1 Metro Taxi)
  - Last location update: Never
  - Active jobs: 0
  - Active shifts: 0
  - Current shift status: OFFLINE
  ✓ Emitted driver:status:changed for driver cmgt7lmm7000mmxarb23yrhm4
[Driver Activity Monitor] Processing driver cmgt7lmpa000umxaro9mk6xmc (Driver3 Metro Taxi)
  - Last location update: Never
  - Active jobs: 0
  - Active shifts: 0
  - Current shift status: OFFLINE
  ✓ Emitted driver:status:changed for driver cmgt7lmpa000umxaro9mk6xmc
[Driver Activity Monitor] Processing driver cmgt7lmts0016mxar09d3mqpx (Driver3 City Cabs)
  - Last location update: Never
  - Active jobs: 0
  - Active shifts: 0
  - Current shift status: OFFLINE
  ✓ Emitted driver:status:changed for driver cmgt7lmts0016mxar09d3mqpx
[Driver Activity Monitor] Processing driver cmgt7lms90012mxare5ugbirp (Driver2 City Cabs)
  - Last location update: Never
  - Active jobs: 0
  - Active shifts: 0
  - Current shift status: OFFLINE
  ✓ Emitted driver:status:changed for driver cmgt7lms90012mxare5ugbirp
[Driver Activity Monitor] Processed 8 inactive drivers
[Cron - Driver Activity] Processed inactive drivers: {
  count: 8,
  drivers: [
    {
      id: 'cmgt7lmye001imxarbrwufab7',
      name: 'Driver3 Quick Ride',
      unassignedJobs: 0
    },
    {
      id: 'cmgt7lmww001emxarm6fiocom',
      name: 'Driver2 Quick Ride',
      unassignedJobs: 0
    },
    {
      id: 'cmgt7lmns000qmxarybo79dix',
      name: 'Driver2 Metro Taxi',
      unassignedJobs: 0
    },
    {
      id: 'cmgt7lmva001amxargvvis3qo',
      name: 'Driver1 Quick Ride',
      unassignedJobs: 0
    },
    {
      id: 'cmgt7lmm7000mmxarb23yrhm4',
      name: 'Driver1 Metro Taxi',
      unassignedJobs: 0
    },
    {
      id: 'cmgt7lmpa000umxaro9mk6xmc',
      name: 'Driver3 Metro Taxi',
      unassignedJobs: 0
    },
    {
      id: 'cmgt7lmts0016mxar09d3mqpx',
      name: 'Driver3 City Cabs',
      unassignedJobs: 0
    },
    {
      id: 'cmgt7lms90012mxare5ugbirp',
      name: 'Driver2 City Cabs',
      unassignedJobs: 0
    }
  ]
}
[Driver Activity Monitor] Checking driver activity at 2025-10-28T09:12:00.007Z
[Driver Activity Monitor] Threshold: 2025-10-28T09:02:00.007Z
[Driver Activity Monitor] Found 9 total active drivers
[Driver Activity Monitor] Driver3 Quick Ride:
  - Location Update: Never
  - Status Update: 2025-10-18T09:55:35.663Z
  - Preferences Location: Never
  - User Updated: Sat Oct 18 2025 12:55:35 GMT+0300 (Arabian Standard Time)
  - Last Activity: 2025-10-18T09:55:35.665Z
  - Inactive: true
[Driver Activity Monitor] Driver2 Quick Ride:
  - Location Update: Never
  - Status Update: 2025-10-18T09:55:35.663Z
  - Preferences Location: Never
  - User Updated: Sat Oct 18 2025 12:55:35 GMT+0300 (Arabian Standard Time)
  - Last Activity: 2025-10-18T09:55:35.665Z
  - Inactive: true
[Driver Activity Monitor] Driver2 Metro Taxi:
  - Location Update: Never
  - Status Update: 2025-10-18T09:55:35.663Z
  - Preferences Location: Never
  - User Updated: Sat Oct 18 2025 12:55:35 GMT+0300 (Arabian Standard Time)
  - Last Activity: 2025-10-18T09:55:35.665Z
  - Inactive: true
[Driver Activity Monitor] Driver1 Quick Ride:
  - Location Update: Never
  - Status Update: 2025-10-18T09:55:35.663Z
  - Preferences Location: Never
  - User Updated: Sat Oct 18 2025 12:55:35 GMT+0300 (Arabian Standard Time)
  - Last Activity: 2025-10-18T09:55:35.665Z
  - Inactive: true
[Driver Activity Monitor] Driver1 Metro Taxi:
  - Location Update: Never
  - Status Update: 2025-10-18T09:55:35.663Z
  - Preferences Location: Never
  - User Updated: Sat Oct 18 2025 12:55:35 GMT+0300 (Arabian Standard Time)
  - Last Activity: 2025-10-18T09:55:35.665Z
  - Inactive: true
[Driver Activity Monitor] Driver3 Metro Taxi:
  - Location Update: Never
  - Status Update: 2025-10-18T09:55:35.663Z
  - Preferences Location: Never
  - User Updated: Sat Oct 18 2025 12:55:35 GMT+0300 (Arabian Standard Time)
  - Last Activity: 2025-10-18T09:55:35.665Z
  - Inactive: true
[Driver Activity Monitor] Driver3 City Cabs:
  - Location Update: Never
  - Status Update: 2025-10-22T11:00:39.313Z
  - Preferences Location: Never
  - User Updated: Fri Oct 24 2025 19:30:17 GMT+0300 (Arabian Standard Time)
  - Last Activity: 2025-10-24T16:30:17.836Z
  - Inactive: true
[Driver Activity Monitor] Driver1 City Cabs:
  - Location Update: 2025-10-28T09:09:09.032Z
  - Status Update: 2025-10-28T09:09:54.168Z
  - Preferences Location: Never
  - User Updated: Tue Oct 28 2025 12:09:54 GMT+0300 (Arabian Standard Time)
  - Last Activity: 2025-10-28T09:09:54.169Z
  - Inactive: false
[Driver Activity Monitor] Driver2 City Cabs:
  - Location Update: Never
  - Status Update: 2025-10-18T09:55:35.663Z
  - Preferences Location: Never
  - User Updated: Sat Oct 18 2025 12:55:35 GMT+0300 (Arabian Standard Time)
  - Last Activity: 2025-10-18T09:55:35.665Z
  - Inactive: true
[Driver Activity Monitor] Found 8 inactive drivers
[Driver Activity Monitor] Processing driver cmgt7lmye001imxarbrwufab7 (Driver3 Quick Ride)
  - Last location update: Never
  - Active jobs: 0
  - Active shifts: 0
  - Current shift status: OFFLINE
  ✓ Emitted driver:status:changed for driver cmgt7lmye001imxarbrwufab7
[Driver Activity Monitor] Processing driver cmgt7lmww001emxarm6fiocom (Driver2 Quick Ride)
  - Last location update: Never
  - Active jobs: 0
  - Active shifts: 0
  - Current shift status: OFFLINE
  ✓ Emitted driver:status:changed for driver cmgt7lmww001emxarm6fiocom
[Driver Activity Monitor] Processing driver cmgt7lmns000qmxarybo79dix (Driver2 Metro Taxi)
  - Last location update: Never
  - Active jobs: 0
  - Active shifts: 0
  - Current shift status: OFFLINE
  ✓ Emitted driver:status:changed for driver cmgt7lmns000qmxarybo79dix
[Driver Activity Monitor] Processing driver cmgt7lmva001amxargvvis3qo (Driver1 Quick Ride)
  - Last location update: Never
  - Active jobs: 0
  - Active shifts: 0
  - Current shift status: OFFLINE
  ✓ Emitted driver:status:changed for driver cmgt7lmva001amxargvvis3qo
[Driver Activity Monitor] Processing driver cmgt7lmm7000mmxarb23yrhm4 (Driver1 Metro Taxi)
  - Last location update: Never
  - Active jobs: 0
  - Active shifts: 0
  - Current shift status: OFFLINE
  ✓ Emitted driver:status:changed for driver cmgt7lmm7000mmxarb23yrhm4
[Driver Activity Monitor] Processing driver cmgt7lmpa000umxaro9mk6xmc (Driver3 Metro Taxi)
  - Last location update: Never
  - Active jobs: 0
  - Active shifts: 0
  - Current shift status: OFFLINE
  ✓ Emitted driver:status:changed for driver cmgt7lmpa000umxaro9mk6xmc
[Driver Activity Monitor] Processing driver cmgt7lmts0016mxar09d3mqpx (Driver3 City Cabs)
  - Last location update: Never
  - Active jobs: 0
  - Active shifts: 0
  - Current shift status: OFFLINE
  ✓ Emitted driver:status:changed for driver cmgt7lmts0016mxar09d3mqpx
[Driver Activity Monitor] Processing driver cmgt7lms90012mxare5ugbirp (Driver2 City Cabs)
  - Last location update: Never
  - Active jobs: 0
  - Active shifts: 0
  - Current shift status: OFFLINE
  ✓ Emitted driver:status:changed for driver cmgt7lms90012mxare5ugbirp
[Driver Activity Monitor] Processed 8 inactive drivers
[Cron - Driver Activity] Processed inactive drivers: {
  count: 8,
  drivers: [
    {
      id: 'cmgt7lmye001imxarbrwufab7',
      name: 'Driver3 Quick Ride',
      unassignedJobs: 0
    },
    {
      id: 'cmgt7lmww001emxarm6fiocom',
      name: 'Driver2 Quick Ride',
      unassignedJobs: 0
    },
    {
      id: 'cmgt7lmns000qmxarybo79dix',
      name: 'Driver2 Metro Taxi',
      unassignedJobs: 0
    },
    {
      id: 'cmgt7lmva001amxargvvis3qo',
      name: 'Driver1 Quick Ride',
      unassignedJobs: 0
    },
    {
      id: 'cmgt7lmm7000mmxarb23yrhm4',
      name: 'Driver1 Metro Taxi',
      unassignedJobs: 0
    },
    {
      id: 'cmgt7lmpa000umxaro9mk6xmc',
      name: 'Driver3 Metro Taxi',
      unassignedJobs: 0
    },
    {
      id: 'cmgt7lmts0016mxar09d3mqpx',
      name: 'Driver3 City Cabs',
      unassignedJobs: 0
    },
    {
      id: 'cmgt7lms90012mxare5ugbirp',
      name: 'Driver2 City Cabs',
      unassignedJobs: 0
    }
  ]
}
[Driver Activity Monitor] Checking driver activity at 2025-10-28T09:13:00.024Z
[Driver Activity Monitor] Threshold: 2025-10-28T09:03:00.024Z
[Driver Activity Monitor] Found 9 total active drivers
[Driver Activity Monitor] Driver3 Quick Ride:
  - Location Update: Never
  - Status Update: 2025-10-18T09:55:35.663Z
  - Preferences Location: Never
  - User Updated: Sat Oct 18 2025 12:55:35 GMT+0300 (Arabian Standard Time)
  - Last Activity: 2025-10-18T09:55:35.665Z
  - Inactive: true
[Driver Activity Monitor] Driver2 Quick Ride:
  - Location Update: Never
  - Status Update: 2025-10-18T09:55:35.663Z
  - Preferences Location: Never
  - User Updated: Sat Oct 18 2025 12:55:35 GMT+0300 (Arabian Standard Time)
  - Last Activity: 2025-10-18T09:55:35.665Z
  - Inactive: true
[Driver Activity Monitor] Driver2 Metro Taxi:
  - Location Update: Never
  - Status Update: 2025-10-18T09:55:35.663Z
  - Preferences Location: Never
  - User Updated: Sat Oct 18 2025 12:55:35 GMT+0300 (Arabian Standard Time)
  - Last Activity: 2025-10-18T09:55:35.665Z
  - Inactive: true
[Driver Activity Monitor] Driver1 Quick Ride:
  - Location Update: Never
  - Status Update: 2025-10-18T09:55:35.663Z
  - Preferences Location: Never
  - User Updated: Sat Oct 18 2025 12:55:35 GMT+0300 (Arabian Standard Time)
  - Last Activity: 2025-10-18T09:55:35.665Z
  - Inactive: true
[Driver Activity Monitor] Driver1 Metro Taxi:
  - Location Update: Never
  - Status Update: 2025-10-18T09:55:35.663Z
  - Preferences Location: Never
  - User Updated: Sat Oct 18 2025 12:55:35 GMT+0300 (Arabian Standard Time)
  - Last Activity: 2025-10-18T09:55:35.665Z
  - Inactive: true
[Driver Activity Monitor] Driver3 Metro Taxi:
  - Location Update: Never
  - Status Update: 2025-10-18T09:55:35.663Z
  - Preferences Location: Never
  - User Updated: Sat Oct 18 2025 12:55:35 GMT+0300 (Arabian Standard Time)
  - Last Activity: 2025-10-18T09:55:35.665Z
  - Inactive: true
[Driver Activity Monitor] Driver3 City Cabs:
  - Location Update: Never
  - Status Update: 2025-10-22T11:00:39.313Z
  - Preferences Location: Never
  - User Updated: Fri Oct 24 2025 19:30:17 GMT+0300 (Arabian Standard Time)
  - Last Activity: 2025-10-24T16:30:17.836Z
  - Inactive: true
[Driver Activity Monitor] Driver1 City Cabs:
  - Location Update: 2025-10-28T09:09:09.032Z
  - Status Update: 2025-10-28T09:09:54.168Z
  - Preferences Location: Never
  - User Updated: Tue Oct 28 2025 12:09:54 GMT+0300 (Arabian Standard Time)
  - Last Activity: 2025-10-28T09:09:54.169Z
  - Inactive: false
[Driver Activity Monitor] Driver2 City Cabs:
  - Location Update: Never
  - Status Update: 2025-10-18T09:55:35.663Z
  - Preferences Location: Never
  - User Updated: Sat Oct 18 2025 12:55:35 GMT+0300 (Arabian Standard Time)
  - Last Activity: 2025-10-18T09:55:35.665Z
  - Inactive: true
[Driver Activity Monitor] Found 8 inactive drivers
[Driver Activity Monitor] Processing driver cmgt7lmye001imxarbrwufab7 (Driver3 Quick Ride)
  - Last location update: Never
  - Active jobs: 0
  - Active shifts: 0
  - Current shift status: OFFLINE
  ✓ Emitted driver:status:changed for driver cmgt7lmye001imxarbrwufab7
[Driver Activity Monitor] Processing driver cmgt7lmww001emxarm6fiocom (Driver2 Quick Ride)
  - Last location update: Never
  - Active jobs: 0
  - Active shifts: 0
  - Current shift status: OFFLINE
  ✓ Emitted driver:status:changed for driver cmgt7lmww001emxarm6fiocom
[Driver Activity Monitor] Processing driver cmgt7lmns000qmxarybo79dix (Driver2 Metro Taxi)
  - Last location update: Never
  - Active jobs: 0
  - Active shifts: 0
  - Current shift status: OFFLINE
  ✓ Emitted driver:status:changed for driver cmgt7lmns000qmxarybo79dix
[Driver Activity Monitor] Processing driver cmgt7lmva001amxargvvis3qo (Driver1 Quick Ride)
  - Last location update: Never
  - Active jobs: 0
  - Active shifts: 0
  - Current shift status: OFFLINE
  ✓ Emitted driver:status:changed for driver cmgt7lmva001amxargvvis3qo
[Driver Activity Monitor] Processing driver cmgt7lmm7000mmxarb23yrhm4 (Driver1 Metro Taxi)
  - Last location update: Never
  - Active jobs: 0
  - Active shifts: 0
  - Current shift status: OFFLINE
  ✓ Emitted driver:status:changed for driver cmgt7lmm7000mmxarb23yrhm4
[Driver Activity Monitor] Processing driver cmgt7lmpa000umxaro9mk6xmc (Driver3 Metro Taxi)
  - Last location update: Never
  - Active jobs: 0
  - Active shifts: 0
  - Current shift status: OFFLINE
  ✓ Emitted driver:status:changed for driver cmgt7lmpa000umxaro9mk6xmc
[Driver Activity Monitor] Processing driver cmgt7lmts0016mxar09d3mqpx (Driver3 City Cabs)
  - Last location update: Never
  - Active jobs: 0
  - Active shifts: 0
  - Current shift status: OFFLINE
  ✓ Emitted driver:status:changed for driver cmgt7lmts0016mxar09d3mqpx
[Driver Activity Monitor] Processing driver cmgt7lms90012mxare5ugbirp (Driver2 City Cabs)
  - Last location update: Never
  - Active jobs: 0
  - Active shifts: 0
  - Current shift status: OFFLINE
  ✓ Emitted driver:status:changed for driver cmgt7lms90012mxare5ugbirp
[Driver Activity Monitor] Processed 8 inactive drivers
[Cron - Driver Activity] Processed inactive drivers: {
  count: 8,
  drivers: [
    {
      id: 'cmgt7lmye001imxarbrwufab7',
      name: 'Driver3 Quick Ride',
      unassignedJobs: 0
    },
    {
      id: 'cmgt7lmww001emxarm6fiocom',
      name: 'Driver2 Quick Ride',
      unassignedJobs: 0
    },
    {
      id: 'cmgt7lmns000qmxarybo79dix',
      name: 'Driver2 Metro Taxi',
      unassignedJobs: 0
    },
    {
      id: 'cmgt7lmva001amxargvvis3qo',
      name: 'Driver1 Quick Ride',
      unassignedJobs: 0
    },
    {
      id: 'cmgt7lmm7000mmxarb23yrhm4',
      name: 'Driver1 Metro Taxi',
      unassignedJobs: 0
    },
    {
      id: 'cmgt7lmpa000umxaro9mk6xmc',
      name: 'Driver3 Metro Taxi',
      unassignedJobs: 0
    },
    {
      id: 'cmgt7lmts0016mxar09d3mqpx',
      name: 'Driver3 City Cabs',
      unassignedJobs: 0
    },
    {
      id: 'cmgt7lms90012mxare5ugbirp',
      name: 'Driver2 City Cabs',
      unassignedJobs: 0
    }
  ]
}
Get operational settings error: PrismaClientValidationError: 
Invalid `prisma.company.findUnique()` invocation in
/Applications/A_B_TAXI/backend/routes/owner-settings.js:291:46

  288 // GET /api/owner/settings/operational - Get operational settings
  289 router.get('/operational', async (req, res) => {
  290     try {
→ 291         const company = await prisma.company.findUnique({
                where: {
                  id: "cmgt7lmip0005mxarxkkjup1p"
                },
                select: {
                  id: true,
                  operatingHours: true,
                  ~~~~~~~~~~~~~~
                  autoDispatchEnabled: true,
                  maxConcurrentRides: true,
                  priceCalculationMethod: true,
                  driverCommissionRate: true,
                  defaultCancellationTime: true,
                  allowAdvanceBooking: true,
                  maxAdvanceBookingDays: true,
                  requirePhoneVerification: true,
                  requireDocumentUpload: true,
                  autoAssignNearestDriver: true,
                  enableSurgepricing: true,
                  maxSurgeMultiplier: true,
                  enableRideSharing: true,
                  enableScheduling: true,
                  maintenanceMode: true,
              ?   createdAt?: true,
              ?   updatedAt?: true,
              ?   deletedAt?: true,
              ?   tenantId?: true,
              ?   legalName?: true,
              ?   brandName?: true,
              ?   companyCode?: true,
              ?   companyType?: true,
              ?   businessModel?: true,
              ?   registrationNumber?: true,
              ?   taxId?: true,
              ?   primaryLanguage?: true,
              ?   timezone?: true,
              ?   status?: true,
              ?   activationDate?: true,
              ?   primaryContactName?: true,
              ?   primaryContactRole?: true,
              ?   primaryContactEmail?: true,
              ?   primaryContactPhone?: true,
              ?   supportEmail?: true,
              ?   supportPhone?: true,
              ?   billingEmail?: true,
              ?   hqAddressLine1?: true,
              ?   hqAddressLine2?: true,
              ?   hqCity?: true,
              ?   hqState?: true,
              ?   hqPostcode?: true,
              ?   hqCountry?: true,
              ?   hqLatitude?: true,
              ?   hqLongitude?: true,
              ?   kycStatus?: true,
              ?   kycLastReviewedAt?: true,
              ?   kycExpiryAt?: true,
              ?   docCertificateOfIncorporationUrl?: true,
              ?   docTaxCertificateUrl?: true,
              ?   docInsurancePolicyUrl?: true,
              ?   docOperatingLicenseUrl?: true,
              ?   insurancePolicyNumber?: true,
              ?   insuranceExpiryDate?: true,
              ?   permitNumber?: true,
              ?   permitExpiryDate?: true,
              ?   serviceModes?: true,
              ?   operatingHoursJson?: true,
              ?   holidayCalendarJson?: true,
              ?   dispatchMode?: true,
              ?   autoAssignRadiusKm?: true,
              ?   maxParallelOffers?: true,
              ?   escalationSlaSeconds?: true,
              ?   driverBreakPolicyJson?: true,
              ?   vehicleAgeLimitYears?: true,
              ?   requiresVehicleInspection?: true,
              ?   billingCycle?: true,
              ?   billingStartDate?: true,
              ?   billingCurrency?: true,
              ?   commissionModel?: true,
              ?   commissionRate?: true,
              ?   driverPayoutFrequency?: true,
              ?   settlementThresholdAmount?: true,
              ?   paymentGatewayAccountId?: true,
              ?   stripeConnectedAccountId?: true,
              ?   invoiceDeliveryMethod?: true,
              ?   latePaymentPolicyJson?: true,
              ?   walletEnabled?: true,
              ?   walletTopupMinimum?: true,
              ?   subscriptionPlanId?: true,
              ?   subscriptionStartDate?: true,
              ?   subscriptionEndDate?: true,
              ?   trialEndDate?: true,
              ?   lastPaymentDate?: true,
              ?   nextBillingDate?: true,
              ?   suspendedAt?: true,
              ?   suspendedBy?: true,
              ?   reactivatedAt?: true,
              ?   reactivatedBy?: true,
              ?   subscriptionUpdatedAt?: true,
              ?   subscriptionUpdatedBy?: true,
              ?   fleetSizeTotal?: true,
              ?   fleetCompanyOwnedCount?: true,
              ?   fleetDriverOwnedCount?: true,
              ?   fleetActiveVehicleCount?: true,
              ?   fleetInserviceVehicleCount?: true,
              ?   fleetOutofserviceVehicleCount?: true,
              ?   fleetAvgVehicleAgeYears?: true,
              ?   fleetHasEvCount?: true,
              ?   voipProvider?: true,
              ?   voipAccountId?: true,
              ?   voipMaskingEnabled?: true,
              ?   cctvProvider?: true,
              ?   cctvAccountId?: true,
              ?   telematicsProvider?: true,
              ?   telematicsApiKey?: true,
              ?   smsSenderId?: true,
              ?   emailSenderDomain?: true,
              ?   webhookEndpointUrl?: true,
              ?   webhookSecret?: true,
              ?   apiClientId?: true,
              ?   apiClientSecretHash?: true,
              ?   kpiTargetsJson?: true,
              ?   alertRecipientEmails?: true,
              ?   alertRecipientSms?: true,
              ?   panicEscalationContactsJson?: true,
              ?   reportingTimezone?: true,
              ?   dataRetentionDays?: true,
              ?   gdprContactEmail?: true,
              ?   name?: true,
              ?   email?: true,
              ?   phone?: true,
              ?   address?: true,
              ?   logo?: true,
              ?   website?: true,
              ?   description?: true,
              ?   ownerId?: true,
              ?   isActive?: true,
              ?   isVerified?: true,
              ?   autoAssignTimeoutSeconds?: true,
              ?   dispatchStrategy?: true,
              ?   maxDispatchRadiusKm?: true,
              ?   Alarm?: true,
              ?   billingRecords?: true,
              ?   owner?: true,
              ?   subscriptionPlan?: true,
              ?   configurations?: true,
              ?   companyDocuments?: true,
              ?   companyDrivers?: true,
              ?   payments?: true,
              ?   settings?: true,
              ?   companyTariffs?: true,
              ?   companyVehicles?: true,
              ?   companyZones?: true,
              ?   DeliveryOrder?: true,
              ?   invoices?: true,
              ?   Job?: true,
              ?   Merchant?: true,
              ?   Payment?: true,
              ?   payouts?: true,
              ?   pricingTemplates?: true,
              ?   rides?: true,
              ?   settlements?: true,
              ?   Shift?: true,
              ?   SupportTicket?: true,
              ?   Tariff?: true,
              ?   users?: true,
              ?   vehicles?: true,
              ?   Zone?: true,
              ?   _count?: true
                }
              })

Unknown field `operatingHours` for select statement on model `Company`. Available options are marked with ?.
    at Nn (/Applications/A_B_TAXI/backend/node_modules/@prisma/client/runtime/library.js:29:1363)
    at ei.handleRequestError (/Applications/A_B_TAXI/backend/node_modules/@prisma/client/runtime/library.js:121:6911)
    at ei.handleAndLogRequestError (/Applications/A_B_TAXI/backend/node_modules/@prisma/client/runtime/library.js:121:6593)
    at ei.request (/Applications/A_B_TAXI/backend/node_modules/@prisma/client/runtime/library.js:121:6300)
    at async a (/Applications/A_B_TAXI/backend/node_modules/@prisma/client/runtime/library.js:130:9551)
    at async /Applications/A_B_TAXI/backend/routes/owner-settings.js:291:25 {
  clientVersion: '6.16.3'
}
Get operational settings error: PrismaClientValidationError: 
Invalid `prisma.company.findUnique()` invocation in
/Applications/A_B_TAXI/backend/routes/owner-settings.js:291:46

  288 // GET /api/owner/settings/operational - Get operational settings
  289 router.get('/operational', async (req, res) => {
  290     try {
→ 291         const company = await prisma.company.findUnique({
                where: {
                  id: "cmgt7lmip0005mxarxkkjup1p"
                },
                select: {
                  id: true,
                  operatingHours: true,
                  ~~~~~~~~~~~~~~
                  autoDispatchEnabled: true,
                  maxConcurrentRides: true,
                  priceCalculationMethod: true,
                  driverCommissionRate: true,
                  defaultCancellationTime: true,
                  allowAdvanceBooking: true,
                  maxAdvanceBookingDays: true,
                  requirePhoneVerification: true,
                  requireDocumentUpload: true,
                  autoAssignNearestDriver: true,
                  enableSurgepricing: true,
                  maxSurgeMultiplier: true,
                  enableRideSharing: true,
                  enableScheduling: true,
                  maintenanceMode: true,
              ?   createdAt?: true,
              ?   updatedAt?: true,
              ?   deletedAt?: true,
              ?   tenantId?: true,
              ?   legalName?: true,
              ?   brandName?: true,
              ?   companyCode?: true,
              ?   companyType?: true,
              ?   businessModel?: true,
              ?   registrationNumber?: true,
              ?   taxId?: true,
              ?   primaryLanguage?: true,
              ?   timezone?: true,
              ?   status?: true,
              ?   activationDate?: true,
              ?   primaryContactName?: true,
              ?   primaryContactRole?: true,
              ?   primaryContactEmail?: true,
              ?   primaryContactPhone?: true,
              ?   supportEmail?: true,
              ?   supportPhone?: true,
              ?   billingEmail?: true,
              ?   hqAddressLine1?: true,
              ?   hqAddressLine2?: true,
              ?   hqCity?: true,
              ?   hqState?: true,
              ?   hqPostcode?: true,
              ?   hqCountry?: true,
              ?   hqLatitude?: true,
              ?   hqLongitude?: true,
              ?   kycStatus?: true,
              ?   kycLastReviewedAt?: true,
              ?   kycExpiryAt?: true,
              ?   docCertificateOfIncorporationUrl?: true,
              ?   docTaxCertificateUrl?: true,
              ?   docInsurancePolicyUrl?: true,
              ?   docOperatingLicenseUrl?: true,
              ?   insurancePolicyNumber?: true,
              ?   insuranceExpiryDate?: true,
              ?   permitNumber?: true,
              ?   permitExpiryDate?: true,
              ?   serviceModes?: true,
              ?   operatingHoursJson?: true,
              ?   holidayCalendarJson?: true,
              ?   dispatchMode?: true,
              ?   autoAssignRadiusKm?: true,
              ?   maxParallelOffers?: true,
              ?   escalationSlaSeconds?: true,
              ?   driverBreakPolicyJson?: true,
              ?   vehicleAgeLimitYears?: true,
              ?   requiresVehicleInspection?: true,
              ?   billingCycle?: true,
              ?   billingStartDate?: true,
              ?   billingCurrency?: true,
              ?   commissionModel?: true,
              ?   commissionRate?: true,
              ?   driverPayoutFrequency?: true,
              ?   settlementThresholdAmount?: true,
              ?   paymentGatewayAccountId?: true,
              ?   stripeConnectedAccountId?: true,
              ?   invoiceDeliveryMethod?: true,
              ?   latePaymentPolicyJson?: true,
              ?   walletEnabled?: true,
              ?   walletTopupMinimum?: true,
              ?   subscriptionPlanId?: true,
              ?   subscriptionStartDate?: true,
              ?   subscriptionEndDate?: true,
              ?   trialEndDate?: true,
              ?   lastPaymentDate?: true,
              ?   nextBillingDate?: true,
              ?   suspendedAt?: true,
              ?   suspendedBy?: true,
              ?   reactivatedAt?: true,
              ?   reactivatedBy?: true,
              ?   subscriptionUpdatedAt?: true,
              ?   subscriptionUpdatedBy?: true,
              ?   fleetSizeTotal?: true,
              ?   fleetCompanyOwnedCount?: true,
              ?   fleetDriverOwnedCount?: true,
              ?   fleetActiveVehicleCount?: true,
              ?   fleetInserviceVehicleCount?: true,
              ?   fleetOutofserviceVehicleCount?: true,
              ?   fleetAvgVehicleAgeYears?: true,
              ?   fleetHasEvCount?: true,
              ?   voipProvider?: true,
              ?   voipAccountId?: true,
              ?   voipMaskingEnabled?: true,
              ?   cctvProvider?: true,
              ?   cctvAccountId?: true,
              ?   telematicsProvider?: true,
              ?   telematicsApiKey?: true,
              ?   smsSenderId?: true,
              ?   emailSenderDomain?: true,
              ?   webhookEndpointUrl?: true,
              ?   webhookSecret?: true,
              ?   apiClientId?: true,
              ?   apiClientSecretHash?: true,
              ?   kpiTargetsJson?: true,
              ?   alertRecipientEmails?: true,
              ?   alertRecipientSms?: true,
              ?   panicEscalationContactsJson?: true,
              ?   reportingTimezone?: true,
              ?   dataRetentionDays?: true,
              ?   gdprContactEmail?: true,
              ?   name?: true,
              ?   email?: true,
              ?   phone?: true,
              ?   address?: true,
              ?   logo?: true,
              ?   website?: true,
              ?   description?: true,
              ?   ownerId?: true,
              ?   isActive?: true,
              ?   isVerified?: true,
              ?   autoAssignTimeoutSeconds?: true,
              ?   dispatchStrategy?: true,
              ?   maxDispatchRadiusKm?: true,
              ?   Alarm?: true,
              ?   billingRecords?: true,
              ?   owner?: true,
              ?   subscriptionPlan?: true,
              ?   configurations?: true,
              ?   companyDocuments?: true,
              ?   companyDrivers?: true,
              ?   payments?: true,
              ?   settings?: true,
              ?   companyTariffs?: true,
              ?   companyVehicles?: true,
              ?   companyZones?: true,
              ?   DeliveryOrder?: true,
              ?   invoices?: true,
              ?   Job?: true,
              ?   Merchant?: true,
              ?   Payment?: true,
              ?   payouts?: true,
              ?   pricingTemplates?: true,
              ?   rides?: true,
              ?   settlements?: true,
              ?   Shift?: true,
              ?   SupportTicket?: true,
              ?   Tariff?: true,
              ?   users?: true,
              ?   vehicles?: true,
              ?   Zone?: true,
              ?   _count?: true
                }
              })

Unknown field `operatingHours` for select statement on model `Company`. Available options are marked with ?.
    at Nn (/Applications/A_B_TAXI/backend/node_modules/@prisma/client/runtime/library.js:29:1363)
    at ei.handleRequestError (/Applications/A_B_TAXI/backend/node_modules/@prisma/client/runtime/library.js:121:6911)
    at ei.handleAndLogRequestError (/Applications/A_B_TAXI/backend/node_modules/@prisma/client/runtime/library.js:121:6593)
    at ei.request (/Applications/A_B_TAXI/backend/node_modules/@prisma/client/runtime/library.js:121:6300)
    at async a (/Applications/A_B_TAXI/backend/node_modules/@prisma/client/runtime/library.js:130:9551)
    at async /Applications/A_B_TAXI/backend/routes/owner-settings.js:291:25 {
  clientVersion: '6.16.3'
}
[Driver Activity Monitor] Checking driver activity at 2025-10-28T09:14:00.007Z
[Driver Activity Monitor] Threshold: 2025-10-28T09:04:00.007Z
[Driver Activity Monitor] Found 9 total active drivers
[Driver Activity Monitor] Driver3 Quick Ride:
  - Location Update: Never
  - Status Update: 2025-10-18T09:55:35.663Z
  - Preferences Location: Never
  - User Updated: Sat Oct 18 2025 12:55:35 GMT+0300 (Arabian Standard Time)
  - Last Activity: 2025-10-18T09:55:35.665Z
  - Inactive: true
[Driver Activity Monitor] Driver2 Quick Ride:
  - Location Update: Never
  - Status Update: 2025-10-18T09:55:35.663Z
  - Preferences Location: Never
  - User Updated: Sat Oct 18 2025 12:55:35 GMT+0300 (Arabian Standard Time)
  - Last Activity: 2025-10-18T09:55:35.665Z
  - Inactive: true
[Driver Activity Monitor] Driver2 Metro Taxi:
  - Location Update: Never
  - Status Update: 2025-10-18T09:55:35.663Z
  - Preferences Location: Never
  - User Updated: Sat Oct 18 2025 12:55:35 GMT+0300 (Arabian Standard Time)
  - Last Activity: 2025-10-18T09:55:35.665Z
  - Inactive: true
[Driver Activity Monitor] Driver1 Quick Ride:
  - Location Update: Never
  - Status Update: 2025-10-18T09:55:35.663Z
  - Preferences Location: Never
  - User Updated: Sat Oct 18 2025 12:55:35 GMT+0300 (Arabian Standard Time)
  - Last Activity: 2025-10-18T09:55:35.665Z
  - Inactive: true
[Driver Activity Monitor] Driver1 Metro Taxi:
  - Location Update: Never
  - Status Update: 2025-10-18T09:55:35.663Z
  - Preferences Location: Never
  - User Updated: Sat Oct 18 2025 12:55:35 GMT+0300 (Arabian Standard Time)
  - Last Activity: 2025-10-18T09:55:35.665Z
  - Inactive: true
[Driver Activity Monitor] Driver3 Metro Taxi:
  - Location Update: Never
  - Status Update: 2025-10-18T09:55:35.663Z
  - Preferences Location: Never
  - User Updated: Sat Oct 18 2025 12:55:35 GMT+0300 (Arabian Standard Time)
  - Last Activity: 2025-10-18T09:55:35.665Z
  - Inactive: true
[Driver Activity Monitor] Driver3 City Cabs:
  - Location Update: Never
  - Status Update: 2025-10-22T11:00:39.313Z
  - Preferences Location: Never
  - User Updated: Fri Oct 24 2025 19:30:17 GMT+0300 (Arabian Standard Time)
  - Last Activity: 2025-10-24T16:30:17.836Z
  - Inactive: true
[Driver Activity Monitor] Driver1 City Cabs:
  - Location Update: 2025-10-28T09:09:09.032Z
  - Status Update: 2025-10-28T09:09:54.168Z
  - Preferences Location: Never
  - User Updated: Tue Oct 28 2025 12:09:54 GMT+0300 (Arabian Standard Time)
  - Last Activity: 2025-10-28T09:09:54.169Z
  - Inactive: false
[Driver Activity Monitor] Driver2 City Cabs:
  - Location Update: Never
  - Status Update: 2025-10-18T09:55:35.663Z
  - Preferences Location: Never
  - User Updated: Sat Oct 18 2025 12:55:35 GMT+0300 (Arabian Standard Time)
  - Last Activity: 2025-10-18T09:55:35.665Z
  - Inactive: true
[Driver Activity Monitor] Found 8 inactive drivers
[Driver Activity Monitor] Processing driver cmgt7lmye001imxarbrwufab7 (Driver3 Quick Ride)
  - Last location update: Never
  - Active jobs: 0
  - Active shifts: 0
  - Current shift status: OFFLINE
  ✓ Emitted driver:status:changed for driver cmgt7lmye001imxarbrwufab7
[Driver Activity Monitor] Processing driver cmgt7lmww001emxarm6fiocom (Driver2 Quick Ride)
  - Last location update: Never
  - Active jobs: 0
  - Active shifts: 0
  - Current shift status: OFFLINE
  ✓ Emitted driver:status:changed for driver cmgt7lmww001emxarm6fiocom
[Driver Activity Monitor] Processing driver cmgt7lmns000qmxarybo79dix (Driver2 Metro Taxi)
  - Last location update: Never
  - Active jobs: 0
  - Active shifts: 0
  - Current shift status: OFFLINE
  ✓ Emitted driver:status:changed for driver cmgt7lmns000qmxarybo79dix
[Driver Activity Monitor] Processing driver cmgt7lmva001amxargvvis3qo (Driver1 Quick Ride)
  - Last location update: Never
  - Active jobs: 0
  - Active shifts: 0
  - Current shift status: OFFLINE
  ✓ Emitted driver:status:changed for driver cmgt7lmva001amxargvvis3qo
[Driver Activity Monitor] Processing driver cmgt7lmm7000mmxarb23yrhm4 (Driver1 Metro Taxi)
  - Last location update: Never
  - Active jobs: 0
  - Active shifts: 0
  - Current shift status: OFFLINE
  ✓ Emitted driver:status:changed for driver cmgt7lmm7000mmxarb23yrhm4
[Driver Activity Monitor] Processing driver cmgt7lmpa000umxaro9mk6xmc (Driver3 Metro Taxi)
  - Last location update: Never
  - Active jobs: 0
  - Active shifts: 0
  - Current shift status: OFFLINE
  ✓ Emitted driver:status:changed for driver cmgt7lmpa000umxaro9mk6xmc
[Driver Activity Monitor] Processing driver cmgt7lmts0016mxar09d3mqpx (Driver3 City Cabs)
  - Last location update: Never
  - Active jobs: 0
  - Active shifts: 0
  - Current shift status: OFFLINE
  ✓ Emitted driver:status:changed for driver cmgt7lmts0016mxar09d3mqpx
[Driver Activity Monitor] Processing driver cmgt7lms90012mxare5ugbirp (Driver2 City Cabs)
  - Last location update: Never
  - Active jobs: 0
  - Active shifts: 0
  - Current shift status: OFFLINE
  ✓ Emitted driver:status:changed for driver cmgt7lms90012mxare5ugbirp
[Driver Activity Monitor] Processed 8 inactive drivers
[Cron - Driver Activity] Processed inactive drivers: {
  count: 8,
  drivers: [
    {
      id: 'cmgt7lmye001imxarbrwufab7',
      name: 'Driver3 Quick Ride',
      unassignedJobs: 0
    },
    {
      id: 'cmgt7lmww001emxarm6fiocom',
      name: 'Driver2 Quick Ride',
      unassignedJobs: 0
    },
    {
      id: 'cmgt7lmns000qmxarybo79dix',
      name: 'Driver2 Metro Taxi',
      unassignedJobs: 0
    },
    {
      id: 'cmgt7lmva001amxargvvis3qo',
      name: 'Driver1 Quick Ride',
      unassignedJobs: 0
    },
    {
      id: 'cmgt7lmm7000mmxarb23yrhm4',
      name: 'Driver1 Metro Taxi',
      unassignedJobs: 0
    },
    {
      id: 'cmgt7lmpa000umxaro9mk6xmc',
      name: 'Driver3 Metro Taxi',
      unassignedJobs: 0
    },
    {
      id: 'cmgt7lmts0016mxar09d3mqpx',
      name: 'Driver3 City Cabs',
      unassignedJobs: 0
    },
    {
      id: 'cmgt7lms90012mxare5ugbirp',
      name: 'Driver2 City Cabs',
      unassignedJobs: 0
    }
  ]
}
[Driver Activity Monitor] Checking driver activity at 2025-10-28T09:15:00.016Z
[Driver Activity Monitor] Threshold: 2025-10-28T09:05:00.016Z
[Driver Activity Monitor] Found 9 total active drivers
[Driver Activity Monitor] Driver3 Quick Ride:
  - Location Update: Never
  - Status Update: 2025-10-18T09:55:35.663Z
  - Preferences Location: Never
  - User Updated: Sat Oct 18 2025 12:55:35 GMT+0300 (Arabian Standard Time)
  - Last Activity: 2025-10-18T09:55:35.665Z
  - Inactive: true
[Driver Activity Monitor] Driver2 Quick Ride:
  - Location Update: Never
  - Status Update: 2025-10-18T09:55:35.663Z
  - Preferences Location: Never
  - User Updated: Sat Oct 18 2025 12:55:35 GMT+0300 (Arabian Standard Time)
  - Last Activity: 2025-10-18T09:55:35.665Z
  - Inactive: true
[Driver Activity Monitor] Driver2 Metro Taxi:
  - Location Update: Never
  - Status Update: 2025-10-18T09:55:35.663Z
  - Preferences Location: Never
  - User Updated: Sat Oct 18 2025 12:55:35 GMT+0300 (Arabian Standard Time)
  - Last Activity: 2025-10-18T09:55:35.665Z
  - Inactive: true
[Driver Activity Monitor] Driver1 Quick Ride:
  - Location Update: Never
  - Status Update: 2025-10-18T09:55:35.663Z
  - Preferences Location: Never
  - User Updated: Sat Oct 18 2025 12:55:35 GMT+0300 (Arabian Standard Time)
  - Last Activity: 2025-10-18T09:55:35.665Z
  - Inactive: true
[Driver Activity Monitor] Driver1 Metro Taxi:
  - Location Update: Never
  - Status Update: 2025-10-18T09:55:35.663Z
  - Preferences Location: Never
  - User Updated: Sat Oct 18 2025 12:55:35 GMT+0300 (Arabian Standard Time)
  - Last Activity: 2025-10-18T09:55:35.665Z
  - Inactive: true
[Driver Activity Monitor] Driver3 Metro Taxi:
  - Location Update: Never
  - Status Update: 2025-10-18T09:55:35.663Z
  - Preferences Location: Never
  - User Updated: Sat Oct 18 2025 12:55:35 GMT+0300 (Arabian Standard Time)
  - Last Activity: 2025-10-18T09:55:35.665Z
  - Inactive: true
[Driver Activity Monitor] Driver3 City Cabs:
  - Location Update: Never
  - Status Update: 2025-10-22T11:00:39.313Z
  - Preferences Location: Never
  - User Updated: Fri Oct 24 2025 19:30:17 GMT+0300 (Arabian Standard Time)
  - Last Activity: 2025-10-24T16:30:17.836Z
  - Inactive: true
[Driver Activity Monitor] Driver1 City Cabs:
  - Location Update: 2025-10-28T09:09:09.032Z
  - Status Update: 2025-10-28T09:09:54.168Z
  - Preferences Location: Never
  - User Updated: Tue Oct 28 2025 12:09:54 GMT+0300 (Arabian Standard Time)
  - Last Activity: 2025-10-28T09:09:54.169Z
  - Inactive: false
[Driver Activity Monitor] Driver2 City Cabs:
  - Location Update: Never
  - Status Update: 2025-10-18T09:55:35.663Z
  - Preferences Location: Never
  - User Updated: Sat Oct 18 2025 12:55:35 GMT+0300 (Arabian Standard Time)
  - Last Activity: 2025-10-18T09:55:35.665Z
  - Inactive: true
[Driver Activity Monitor] Found 8 inactive drivers
[Driver Activity Monitor] Processing driver cmgt7lmye001imxarbrwufab7 (Driver3 Quick Ride)
  - Last location update: Never
  - Active jobs: 0
  - Active shifts: 0
  - Current shift status: OFFLINE
  ✓ Emitted driver:status:changed for driver cmgt7lmye001imxarbrwufab7
[Driver Activity Monitor] Processing driver cmgt7lmww001emxarm6fiocom (Driver2 Quick Ride)
  - Last location update: Never
  - Active jobs: 0
  - Active shifts: 0
  - Current shift status: OFFLINE
  ✓ Emitted driver:status:changed for driver cmgt7lmww001emxarm6fiocom
[Driver Activity Monitor] Processing driver cmgt7lmns000qmxarybo79dix (Driver2 Metro Taxi)
  - Last location update: Never
  - Active jobs: 0
  - Active shifts: 0
  - Current shift status: OFFLINE
  ✓ Emitted driver:status:changed for driver cmgt7lmns000qmxarybo79dix
[Driver Activity Monitor] Processing driver cmgt7lmva001amxargvvis3qo (Driver1 Quick Ride)
  - Last location update: Never
  - Active jobs: 0
  - Active shifts: 0
  - Current shift status: OFFLINE
  ✓ Emitted driver:status:changed for driver cmgt7lmva001amxargvvis3qo
[Driver Activity Monitor] Processing driver cmgt7lmm7000mmxarb23yrhm4 (Driver1 Metro Taxi)
  - Last location update: Never
  - Active jobs: 0
  - Active shifts: 0
  - Current shift status: OFFLINE
  ✓ Emitted driver:status:changed for driver cmgt7lmm7000mmxarb23yrhm4
[Driver Activity Monitor] Processing driver cmgt7lmpa000umxaro9mk6xmc (Driver3 Metro Taxi)
  - Last location update: Never
  - Active jobs: 0
  - Active shifts: 0
  - Current shift status: OFFLINE
  ✓ Emitted driver:status:changed for driver cmgt7lmpa000umxaro9mk6xmc
[Driver Activity Monitor] Processing driver cmgt7lmts0016mxar09d3mqpx (Driver3 City Cabs)
  - Last location update: Never
  - Active jobs: 0
  - Active shifts: 0
  - Current shift status: OFFLINE
  ✓ Emitted driver:status:changed for driver cmgt7lmts0016mxar09d3mqpx
[Driver Activity Monitor] Processing driver cmgt7lms90012mxare5ugbirp (Driver2 City Cabs)
  - Last location update: Never
  - Active jobs: 0
  - Active shifts: 0
  - Current shift status: OFFLINE
  ✓ Emitted driver:status:changed for driver cmgt7lms90012mxare5ugbirp
[Driver Activity Monitor] Processed 8 inactive drivers
[Cron - Driver Activity] Processed inactive drivers: {
  count: 8,
  drivers: [
    {
      id: 'cmgt7lmye001imxarbrwufab7',
      name: 'Driver3 Quick Ride',
      unassignedJobs: 0
    },
    {
      id: 'cmgt7lmww001emxarm6fiocom',
      name: 'Driver2 Quick Ride',
      unassignedJobs: 0
    },
    {
      id: 'cmgt7lmns000qmxarybo79dix',
      name: 'Driver2 Metro Taxi',
      unassignedJobs: 0
    },
    {
      id: 'cmgt7lmva001amxargvvis3qo',
      name: 'Driver1 Quick Ride',
      unassignedJobs: 0
    },
    {
      id: 'cmgt7lmm7000mmxarb23yrhm4',
      name: 'Driver1 Metro Taxi',
      unassignedJobs: 0
    },
    {
      id: 'cmgt7lmpa000umxaro9mk6xmc',
      name: 'Driver3 Metro Taxi',
      unassignedJobs: 0
    },
    {
      id: 'cmgt7lmts0016mxar09d3mqpx',
      name: 'Driver3 City Cabs',
      unassignedJobs: 0
    },
    {
      id: 'cmgt7lms90012mxare5ugbirp',
      name: 'Driver2 City Cabs',
      unassignedJobs: 0
    }
  ]
}
Driver disconnected: yJsY6uiNzVXHXmHeAAAH
🔄 Processing disconnect cleanup for driver cmgt7lmqs000ymxarz2f1edxx
📍 Emitted zone change to mobile driver cmgt7lmqs000ymxarz2f1edxx: { zoneId: 'cmh87ng5j00079kxcd9v0jk7k', zoneName: undefined }
✅ Driver cmgt7lmqs000ymxarz2f1edxx disconnect cleanup completed
Driver connected: Vt612w_3REMmxnKPAAAJ
🔐 Driver authenticating: {
  userId: 'cmgt7lmqs000ymxarz2f1edxx',
  companyId: 'cmgt7lmip0005mxarxkkjup1p',
  socketId: 'Vt612w_3REMmxnKPAAAJ'
}
✅ Driver cmgt7lmqs000ymxarz2f1edxx joined rooms: {
  driverRoom: 'driver_cmgt7lmqs000ymxarz2f1edxx',
  companyRoom: 'company:cmgt7lmip0005mxarxkkjup1p',
  roomCount: 3,
  rooms: [
    'Vt612w_3REMmxnKPAAAJ',
    'driver_cmgt7lmqs000ymxarz2f1edxx',
    'company:cmgt7lmip0005mxarxkkjup1p'
  ]
}
✅ Enhanced status handlers initialized for driver cmgt7lmqs000ymxarz2f1edxx
🔍 Mobile API Request: GET /api/mobile/driver/vehicles
🔍 Mobile API Request: GET /api/mobile/driver/shift/current
🔍 Mobile API Request: GET /api/mobile/driver/shift/current
🔍 Mobile API Request: GET /api/mobile/driver/jobs/history?limit=3&status=COMPLETED&includeEarnings=true
🔍 Mobile API Request: GET /api/mobile/driver/jobs/history?limit=3&status=COMPLETED&includeEarnings=true
🔍 Mobile API Request: GET /api/mobile/driver/shift/current
🔍 Mobile API Request: GET /api/mobile/driver/jobs/history?limit=3&status=COMPLETED&includeEarnings=true
🔄 Zone cache MISS for company cmgt7lmip0005mxarxkkjup1p - fetching from DB
✅ Cached 4 zones for company cmgt7lmip0005mxarxkkjup1p
🔍 Zone detection: 3/4 candidates after bounds check
✅ Zone detected: "Iusto et distinctio" (cmh87ng5j00079kxcd9v0jk7k) in 1ms
⏳ Zone stability pending for driver cmgt7lmqs000ymxarz2f1edxx (need 3 consecutive detections)
[BROADCAST LOCATION] Driver: cmgt7lmqs000ymxarz2f1edxx, Lat: 25.2841722, Lng: 51.5289844
[Socket Broadcast] Event: driver:location:update, Rooms: dispatch_cmgt7lmip0005mxarxkkjup1p, company_cmgt7lmip0005mxarxkkjup1p, super_admin, all_dispatchers
[Socket Broadcast] Event: driverLocationUpdate, Rooms: dispatch_cmgt7lmip0005mxarxkkjup1p, company_cmgt7lmip0005mxarxkkjup1p, super_admin, all_dispatchers
[Socket Broadcast] Event: driver:location:realtime, Rooms: dispatch_cmgt7lmip0005mxarxkkjup1p, company_cmgt7lmip0005mxarxkkjup1p, super_admin, all_dispatchers
[Socket Broadcast] Event: driver:zone:changed, Rooms: dispatch_cmgt7lmip0005mxarxkkjup1p, company_cmgt7lmip0005mxarxkkjup1p, super_admin, all_dispatchers
[Driver Activity Monitor] Checking driver activity at 2025-10-28T09:16:00.008Z
[Driver Activity Monitor] Threshold: 2025-10-28T09:06:00.008Z
[Driver Activity Monitor] Found 9 total active drivers
[Driver Activity Monitor] Driver3 Quick Ride:
  - Location Update: Never
  - Status Update: 2025-10-18T09:55:35.663Z
  - Preferences Location: Never
  - User Updated: Sat Oct 18 2025 12:55:35 GMT+0300 (Arabian Standard Time)
  - Last Activity: 2025-10-18T09:55:35.665Z
  - Inactive: true
[Driver Activity Monitor] Driver2 Quick Ride:
  - Location Update: Never
  - Status Update: 2025-10-18T09:55:35.663Z
  - Preferences Location: Never
  - User Updated: Sat Oct 18 2025 12:55:35 GMT+0300 (Arabian Standard Time)
  - Last Activity: 2025-10-18T09:55:35.665Z
  - Inactive: true
[Driver Activity Monitor] Driver2 Metro Taxi:
  - Location Update: Never
  - Status Update: 2025-10-18T09:55:35.663Z
  - Preferences Location: Never
  - User Updated: Sat Oct 18 2025 12:55:35 GMT+0300 (Arabian Standard Time)
  - Last Activity: 2025-10-18T09:55:35.665Z
  - Inactive: true
[Driver Activity Monitor] Driver1 Quick Ride:
  - Location Update: Never
  - Status Update: 2025-10-18T09:55:35.663Z
  - Preferences Location: Never
  - User Updated: Sat Oct 18 2025 12:55:35 GMT+0300 (Arabian Standard Time)
  - Last Activity: 2025-10-18T09:55:35.665Z
  - Inactive: true
[Driver Activity Monitor] Driver1 Metro Taxi:
  - Location Update: Never
  - Status Update: 2025-10-18T09:55:35.663Z
  - Preferences Location: Never
  - User Updated: Sat Oct 18 2025 12:55:35 GMT+0300 (Arabian Standard Time)
  - Last Activity: 2025-10-18T09:55:35.665Z
  - Inactive: true
[Driver Activity Monitor] Driver3 Metro Taxi:
  - Location Update: Never
  - Status Update: 2025-10-18T09:55:35.663Z
  - Preferences Location: Never
  - User Updated: Sat Oct 18 2025 12:55:35 GMT+0300 (Arabian Standard Time)
  - Last Activity: 2025-10-18T09:55:35.665Z
  - Inactive: true
[Driver Activity Monitor] Driver3 City Cabs:
  - Location Update: Never
  - Status Update: 2025-10-22T11:00:39.313Z
  - Preferences Location: Never
  - User Updated: Fri Oct 24 2025 19:30:17 GMT+0300 (Arabian Standard Time)
  - Last Activity: 2025-10-24T16:30:17.836Z
  - Inactive: true
[Driver Activity Monitor] Driver1 City Cabs:
  - Location Update: 2025-10-28T09:15:27.605Z
  - Status Update: 2025-10-28T09:15:29.691Z
  - Preferences Location: Never
  - User Updated: Tue Oct 28 2025 12:15:30 GMT+0300 (Arabian Standard Time)
  - Last Activity: 2025-10-28T09:15:30.262Z
  - Inactive: false
[Driver Activity Monitor] Driver2 City Cabs:
  - Location Update: Never
  - Status Update: 2025-10-18T09:55:35.663Z
  - Preferences Location: Never
  - User Updated: Sat Oct 18 2025 12:55:35 GMT+0300 (Arabian Standard Time)
  - Last Activity: 2025-10-18T09:55:35.665Z
  - Inactive: true
[Driver Activity Monitor] Found 8 inactive drivers
[Driver Activity Monitor] Processing driver cmgt7lmye001imxarbrwufab7 (Driver3 Quick Ride)
  - Last location update: Never
  - Active jobs: 0
  - Active shifts: 0
  - Current shift status: OFFLINE
  ✓ Emitted driver:status:changed for driver cmgt7lmye001imxarbrwufab7
[Driver Activity Monitor] Processing driver cmgt7lmww001emxarm6fiocom (Driver2 Quick Ride)
  - Last location update: Never
  - Active jobs: 0
  - Active shifts: 0
  - Current shift status: OFFLINE
  ✓ Emitted driver:status:changed for driver cmgt7lmww001emxarm6fiocom
[Driver Activity Monitor] Processing driver cmgt7lmns000qmxarybo79dix (Driver2 Metro Taxi)
  - Last location update: Never
  - Active jobs: 0
  - Active shifts: 0
  - Current shift status: OFFLINE
  ✓ Emitted driver:status:changed for driver cmgt7lmns000qmxarybo79dix
[Driver Activity Monitor] Processing driver cmgt7lmva001amxargvvis3qo (Driver1 Quick Ride)
  - Last location update: Never
  - Active jobs: 0
  - Active shifts: 0
  - Current shift status: OFFLINE
  ✓ Emitted driver:status:changed for driver cmgt7lmva001amxargvvis3qo
[Driver Activity Monitor] Processing driver cmgt7lmm7000mmxarb23yrhm4 (Driver1 Metro Taxi)
  - Last location update: Never
  - Active jobs: 0
  - Active shifts: 0
  - Current shift status: OFFLINE
  ✓ Emitted driver:status:changed for driver cmgt7lmm7000mmxarb23yrhm4
[Driver Activity Monitor] Processing driver cmgt7lmpa000umxaro9mk6xmc (Driver3 Metro Taxi)
  - Last location update: Never
  - Active jobs: 0
  - Active shifts: 0
  - Current shift status: OFFLINE
  ✓ Emitted driver:status:changed for driver cmgt7lmpa000umxaro9mk6xmc
[Driver Activity Monitor] Processing driver cmgt7lmts0016mxar09d3mqpx (Driver3 City Cabs)
  - Last location update: Never
  - Active jobs: 0
  - Active shifts: 0
  - Current shift status: OFFLINE
  ✓ Emitted driver:status:changed for driver cmgt7lmts0016mxar09d3mqpx
[Driver Activity Monitor] Processing driver cmgt7lms90012mxare5ugbirp (Driver2 City Cabs)
  - Last location update: Never
  - Active jobs: 0
  - Active shifts: 0
  - Current shift status: OFFLINE
  ✓ Emitted driver:status:changed for driver cmgt7lms90012mxare5ugbirp
[Driver Activity Monitor] Processed 8 inactive drivers
[Cron - Driver Activity] Processed inactive drivers: {
  count: 8,
  drivers: [
    {
      id: 'cmgt7lmye001imxarbrwufab7',
      name: 'Driver3 Quick Ride',
      unassignedJobs: 0
    },
    {
      id: 'cmgt7lmww001emxarm6fiocom',
      name: 'Driver2 Quick Ride',
      unassignedJobs: 0
    },
    {
      id: 'cmgt7lmns000qmxarybo79dix',
      name: 'Driver2 Metro Taxi',
      unassignedJobs: 0
    },
    {
      id: 'cmgt7lmva001amxargvvis3qo',
      name: 'Driver1 Quick Ride',
      unassignedJobs: 0
    },
    {
      id: 'cmgt7lmm7000mmxarb23yrhm4',
      name: 'Driver1 Metro Taxi',
      unassignedJobs: 0
    },
    {
      id: 'cmgt7lmpa000umxaro9mk6xmc',
      name: 'Driver3 Metro Taxi',
      unassignedJobs: 0
    },
    {
      id: 'cmgt7lmts0016mxar09d3mqpx',
      name: 'Driver3 City Cabs',
      unassignedJobs: 0
    },
    {
      id: 'cmgt7lms90012mxare5ugbirp',
      name: 'Driver2 City Cabs',
      unassignedJobs: 0
    }
  ]
}
[Driver Activity Monitor] Checking driver activity at 2025-10-28T09:17:00.008Z
[Driver Activity Monitor] Threshold: 2025-10-28T09:07:00.008Z
[Driver Activity Monitor] Found 9 total active drivers
[Driver Activity Monitor] Driver3 Quick Ride:
  - Location Update: Never
  - Status Update: 2025-10-18T09:55:35.663Z
  - Preferences Location: Never
  - User Updated: Sat Oct 18 2025 12:55:35 GMT+0300 (Arabian Standard Time)
  - Last Activity: 2025-10-18T09:55:35.665Z
  - Inactive: true
[Driver Activity Monitor] Driver2 Quick Ride:
  - Location Update: Never
  - Status Update: 2025-10-18T09:55:35.663Z
  - Preferences Location: Never
  - User Updated: Sat Oct 18 2025 12:55:35 GMT+0300 (Arabian Standard Time)
  - Last Activity: 2025-10-18T09:55:35.665Z
  - Inactive: true
[Driver Activity Monitor] Driver2 Metro Taxi:
  - Location Update: Never
  - Status Update: 2025-10-18T09:55:35.663Z
  - Preferences Location: Never
  - User Updated: Sat Oct 18 2025 12:55:35 GMT+0300 (Arabian Standard Time)
  - Last Activity: 2025-10-18T09:55:35.665Z
  - Inactive: true
[Driver Activity Monitor] Driver1 Quick Ride:
  - Location Update: Never
  - Status Update: 2025-10-18T09:55:35.663Z
  - Preferences Location: Never
  - User Updated: Sat Oct 18 2025 12:55:35 GMT+0300 (Arabian Standard Time)
  - Last Activity: 2025-10-18T09:55:35.665Z
  - Inactive: true
[Driver Activity Monitor] Driver1 Metro Taxi:
  - Location Update: Never
  - Status Update: 2025-10-18T09:55:35.663Z
  - Preferences Location: Never
  - User Updated: Sat Oct 18 2025 12:55:35 GMT+0300 (Arabian Standard Time)
  - Last Activity: 2025-10-18T09:55:35.665Z
  - Inactive: true
[Driver Activity Monitor] Driver3 Metro Taxi:
  - Location Update: Never
  - Status Update: 2025-10-18T09:55:35.663Z
  - Preferences Location: Never
  - User Updated: Sat Oct 18 2025 12:55:35 GMT+0300 (Arabian Standard Time)
  - Last Activity: 2025-10-18T09:55:35.665Z
  - Inactive: true
[Driver Activity Monitor] Driver3 City Cabs:
  - Location Update: Never
  - Status Update: 2025-10-22T11:00:39.313Z
  - Preferences Location: Never
  - User Updated: Fri Oct 24 2025 19:30:17 GMT+0300 (Arabian Standard Time)
  - Last Activity: 2025-10-24T16:30:17.836Z
  - Inactive: true
[Driver Activity Monitor] Driver1 City Cabs:
  - Location Update: 2025-10-28T09:15:27.605Z
  - Status Update: 2025-10-28T09:15:29.691Z
  - Preferences Location: Never
  - User Updated: Tue Oct 28 2025 12:15:30 GMT+0300 (Arabian Standard Time)
  - Last Activity: 2025-10-28T09:15:30.262Z
  - Inactive: false
[Driver Activity Monitor] Driver2 City Cabs:
  - Location Update: Never
  - Status Update: 2025-10-18T09:55:35.663Z
  - Preferences Location: Never
  - User Updated: Sat Oct 18 2025 12:55:35 GMT+0300 (Arabian Standard Time)
  - Last Activity: 2025-10-18T09:55:35.665Z
  - Inactive: true
[Driver Activity Monitor] Found 8 inactive drivers
[Driver Activity Monitor] Processing driver cmgt7lmye001imxarbrwufab7 (Driver3 Quick Ride)
  - Last location update: Never
  - Active jobs: 0
  - Active shifts: 0
  - Current shift status: OFFLINE
  ✓ Emitted driver:status:changed for driver cmgt7lmye001imxarbrwufab7
[Driver Activity Monitor] Processing driver cmgt7lmww001emxarm6fiocom (Driver2 Quick Ride)
  - Last location update: Never
  - Active jobs: 0
  - Active shifts: 0
  - Current shift status: OFFLINE
  ✓ Emitted driver:status:changed for driver cmgt7lmww001emxarm6fiocom
[Driver Activity Monitor] Processing driver cmgt7lmns000qmxarybo79dix (Driver2 Metro Taxi)
  - Last location update: Never
  - Active jobs: 0
  - Active shifts: 0
  - Current shift status: OFFLINE
  ✓ Emitted driver:status:changed for driver cmgt7lmns000qmxarybo79dix
[Driver Activity Monitor] Processing driver cmgt7lmva001amxargvvis3qo (Driver1 Quick Ride)
  - Last location update: Never
  - Active jobs: 0
  - Active shifts: 0
  - Current shift status: OFFLINE
  ✓ Emitted driver:status:changed for driver cmgt7lmva001amxargvvis3qo
[Driver Activity Monitor] Processing driver cmgt7lmm7000mmxarb23yrhm4 (Driver1 Metro Taxi)
  - Last location update: Never
  - Active jobs: 0
  - Active shifts: 0
  - Current shift status: OFFLINE
  ✓ Emitted driver:status:changed for driver cmgt7lmm7000mmxarb23yrhm4
[Driver Activity Monitor] Processing driver cmgt7lmpa000umxaro9mk6xmc (Driver3 Metro Taxi)
  - Last location update: Never
  - Active jobs: 0
  - Active shifts: 0
  - Current shift status: OFFLINE
  ✓ Emitted driver:status:changed for driver cmgt7lmpa000umxaro9mk6xmc
[Driver Activity Monitor] Processing driver cmgt7lmts0016mxar09d3mqpx (Driver3 City Cabs)
  - Last location update: Never
  - Active jobs: 0
  - Active shifts: 0
  - Current shift status: OFFLINE
  ✓ Emitted driver:status:changed for driver cmgt7lmts0016mxar09d3mqpx
[Driver Activity Monitor] Processing driver cmgt7lms90012mxare5ugbirp (Driver2 City Cabs)
  - Last location update: Never
  - Active jobs: 0
  - Active shifts: 0
  - Current shift status: OFFLINE
  ✓ Emitted driver:status:changed for driver cmgt7lms90012mxare5ugbirp
[Driver Activity Monitor] Processed 8 inactive drivers
[Cron - Driver Activity] Processed inactive drivers: {
  count: 8,
  drivers: [
    {
      id: 'cmgt7lmye001imxarbrwufab7',
      name: 'Driver3 Quick Ride',
      unassignedJobs: 0
    },
    {
      id: 'cmgt7lmww001emxarm6fiocom',
      name: 'Driver2 Quick Ride',
      unassignedJobs: 0
    },
    {
      id: 'cmgt7lmns000qmxarybo79dix',
      name: 'Driver2 Metro Taxi',
      unassignedJobs: 0
    },
    {
      id: 'cmgt7lmva001amxargvvis3qo',
      name: 'Driver1 Quick Ride',
      unassignedJobs: 0
    },
    {
      id: 'cmgt7lmm7000mmxarb23yrhm4',
      name: 'Driver1 Metro Taxi',
      unassignedJobs: 0
    },
    {
      id: 'cmgt7lmpa000umxaro9mk6xmc',
      name: 'Driver3 Metro Taxi',
      unassignedJobs: 0
    },
    {
      id: 'cmgt7lmts0016mxar09d3mqpx',
      name: 'Driver3 City Cabs',
      unassignedJobs: 0
    },
    {
      id: 'cmgt7lms90012mxare5ugbirp',
      name: 'Driver2 City Cabs',
      unassignedJobs: 0
    }
  ]
}
[Driver Activity Monitor] Checking driver activity at 2025-10-28T09:18:00.010Z
[Driver Activity Monitor] Threshold: 2025-10-28T09:08:00.010Z
[Driver Activity Monitor] Found 9 total active drivers
[Driver Activity Monitor] Driver3 Quick Ride:
  - Location Update: Never
  - Status Update: 2025-10-18T09:55:35.663Z
  - Preferences Location: Never
  - User Updated: Sat Oct 18 2025 12:55:35 GMT+0300 (Arabian Standard Time)
  - Last Activity: 2025-10-18T09:55:35.665Z
  - Inactive: true
[Driver Activity Monitor] Driver2 Quick Ride:
  - Location Update: Never
  - Status Update: 2025-10-18T09:55:35.663Z
  - Preferences Location: Never
  - User Updated: Sat Oct 18 2025 12:55:35 GMT+0300 (Arabian Standard Time)
  - Last Activity: 2025-10-18T09:55:35.665Z
  - Inactive: true
[Driver Activity Monitor] Driver2 Metro Taxi:
  - Location Update: Never
  - Status Update: 2025-10-18T09:55:35.663Z
  - Preferences Location: Never
  - User Updated: Sat Oct 18 2025 12:55:35 GMT+0300 (Arabian Standard Time)
  - Last Activity: 2025-10-18T09:55:35.665Z
  - Inactive: true
[Driver Activity Monitor] Driver1 Quick Ride:
  - Location Update: Never
  - Status Update: 2025-10-18T09:55:35.663Z
  - Preferences Location: Never
  - User Updated: Sat Oct 18 2025 12:55:35 GMT+0300 (Arabian Standard Time)
  - Last Activity: 2025-10-18T09:55:35.665Z
  - Inactive: true
[Driver Activity Monitor] Driver1 Metro Taxi:
  - Location Update: Never
  - Status Update: 2025-10-18T09:55:35.663Z
  - Preferences Location: Never
  - User Updated: Sat Oct 18 2025 12:55:35 GMT+0300 (Arabian Standard Time)
  - Last Activity: 2025-10-18T09:55:35.665Z
  - Inactive: true
[Driver Activity Monitor] Driver3 Metro Taxi:
  - Location Update: Never
  - Status Update: 2025-10-18T09:55:35.663Z
  - Preferences Location: Never
  - User Updated: Sat Oct 18 2025 12:55:35 GMT+0300 (Arabian Standard Time)
  - Last Activity: 2025-10-18T09:55:35.665Z
  - Inactive: true
[Driver Activity Monitor] Driver3 City Cabs:
  - Location Update: Never
  - Status Update: 2025-10-22T11:00:39.313Z
  - Preferences Location: Never
  - User Updated: Fri Oct 24 2025 19:30:17 GMT+0300 (Arabian Standard Time)
  - Last Activity: 2025-10-24T16:30:17.836Z
  - Inactive: true
[Driver Activity Monitor] Driver1 City Cabs:
  - Location Update: 2025-10-28T09:15:27.605Z
  - Status Update: 2025-10-28T09:15:29.691Z
  - Preferences Location: Never
  - User Updated: Tue Oct 28 2025 12:15:30 GMT+0300 (Arabian Standard Time)
  - Last Activity: 2025-10-28T09:15:30.262Z
  - Inactive: false
[Driver Activity Monitor] Driver2 City Cabs:
  - Location Update: Never
  - Status Update: 2025-10-18T09:55:35.663Z
  - Preferences Location: Never
  - User Updated: Sat Oct 18 2025 12:55:35 GMT+0300 (Arabian Standard Time)
  - Last Activity: 2025-10-18T09:55:35.665Z
  - Inactive: true
[Driver Activity Monitor] Found 8 inactive drivers
[Driver Activity Monitor] Processing driver cmgt7lmye001imxarbrwufab7 (Driver3 Quick Ride)
  - Last location update: Never
  - Active jobs: 0
  - Active shifts: 0
  - Current shift status: OFFLINE
  ✓ Emitted driver:status:changed for driver cmgt7lmye001imxarbrwufab7
[Driver Activity Monitor] Processing driver cmgt7lmww001emxarm6fiocom (Driver2 Quick Ride)
  - Last location update: Never
  - Active jobs: 0
  - Active shifts: 0
  - Current shift status: OFFLINE
  ✓ Emitted driver:status:changed for driver cmgt7lmww001emxarm6fiocom
[Driver Activity Monitor] Processing driver cmgt7lmns000qmxarybo79dix (Driver2 Metro Taxi)
  - Last location update: Never
  - Active jobs: 0
  - Active shifts: 0
  - Current shift status: OFFLINE
  ✓ Emitted driver:status:changed for driver cmgt7lmns000qmxarybo79dix
[Driver Activity Monitor] Processing driver cmgt7lmva001amxargvvis3qo (Driver1 Quick Ride)
  - Last location update: Never
  - Active jobs: 0
  - Active shifts: 0
  - Current shift status: OFFLINE
  ✓ Emitted driver:status:changed for driver cmgt7lmva001amxargvvis3qo
[Driver Activity Monitor] Processing driver cmgt7lmm7000mmxarb23yrhm4 (Driver1 Metro Taxi)
  - Last location update: Never
  - Active jobs: 0
  - Active shifts: 0
  - Current shift status: OFFLINE
  ✓ Emitted driver:status:changed for driver cmgt7lmm7000mmxarb23yrhm4
[Driver Activity Monitor] Processing driver cmgt7lmpa000umxaro9mk6xmc (Driver3 Metro Taxi)
  - Last location update: Never
  - Active jobs: 0
  - Active shifts: 0
  - Current shift status: OFFLINE
  ✓ Emitted driver:status:changed for driver cmgt7lmpa000umxaro9mk6xmc
[Driver Activity Monitor] Processing driver cmgt7lmts0016mxar09d3mqpx (Driver3 City Cabs)
  - Last location update: Never
  - Active jobs: 0
  - Active shifts: 0
  - Current shift status: OFFLINE
  ✓ Emitted driver:status:changed for driver cmgt7lmts0016mxar09d3mqpx
[Driver Activity Monitor] Processing driver cmgt7lms90012mxare5ugbirp (Driver2 City Cabs)
  - Last location update: Never
  - Active jobs: 0
  - Active shifts: 0
  - Current shift status: OFFLINE
  ✓ Emitted driver:status:changed for driver cmgt7lms90012mxare5ugbirp
[Driver Activity Monitor] Processed 8 inactive drivers
[Cron - Driver Activity] Processed inactive drivers: {
  count: 8,
  drivers: [
    {
      id: 'cmgt7lmye001imxarbrwufab7',
      name: 'Driver3 Quick Ride',
      unassignedJobs: 0
    },
    {
      id: 'cmgt7lmww001emxarm6fiocom',
      name: 'Driver2 Quick Ride',
      unassignedJobs: 0
    },
    {
      id: 'cmgt7lmns000qmxarybo79dix',
      name: 'Driver2 Metro Taxi',
      unassignedJobs: 0
    },
    {
      id: 'cmgt7lmva001amxargvvis3qo',
      name: 'Driver1 Quick Ride',
      unassignedJobs: 0
    },
    {
      id: 'cmgt7lmm7000mmxarb23yrhm4',
      name: 'Driver1 Metro Taxi',
      unassignedJobs: 0
    },
    {
      id: 'cmgt7lmpa000umxaro9mk6xmc',
      name: 'Driver3 Metro Taxi',
      unassignedJobs: 0
    },
    {
      id: 'cmgt7lmts0016mxar09d3mqpx',
      name: 'Driver3 City Cabs',
      unassignedJobs: 0
    },
    {
      id: 'cmgt7lms90012mxare5ugbirp',
      name: 'Driver2 City Cabs',
      unassignedJobs: 0
    }
  ]
}
[Driver Activity Monitor] Checking driver activity at 2025-10-28T09:19:00.026Z
[Driver Activity Monitor] Threshold: 2025-10-28T09:09:00.026Z
[Driver Activity Monitor] Found 9 total active drivers
[Driver Activity Monitor] Driver3 Quick Ride:
  - Location Update: Never
  - Status Update: 2025-10-18T09:55:35.663Z
  - Preferences Location: Never
  - User Updated: Sat Oct 18 2025 12:55:35 GMT+0300 (Arabian Standard Time)
  - Last Activity: 2025-10-18T09:55:35.665Z
  - Inactive: true
[Driver Activity Monitor] Driver2 Quick Ride:
  - Location Update: Never
  - Status Update: 2025-10-18T09:55:35.663Z
  - Preferences Location: Never
  - User Updated: Sat Oct 18 2025 12:55:35 GMT+0300 (Arabian Standard Time)
  - Last Activity: 2025-10-18T09:55:35.665Z
  - Inactive: true
[Driver Activity Monitor] Driver2 Metro Taxi:
  - Location Update: Never
  - Status Update: 2025-10-18T09:55:35.663Z
  - Preferences Location: Never
  - User Updated: Sat Oct 18 2025 12:55:35 GMT+0300 (Arabian Standard Time)
  - Last Activity: 2025-10-18T09:55:35.665Z
  - Inactive: true
[Driver Activity Monitor] Driver1 Quick Ride:
  - Location Update: Never
  - Status Update: 2025-10-18T09:55:35.663Z
  - Preferences Location: Never
  - User Updated: Sat Oct 18 2025 12:55:35 GMT+0300 (Arabian Standard Time)
  - Last Activity: 2025-10-18T09:55:35.665Z
  - Inactive: true
[Driver Activity Monitor] Driver1 Metro Taxi:
  - Location Update: Never
  - Status Update: 2025-10-18T09:55:35.663Z
  - Preferences Location: Never
  - User Updated: Sat Oct 18 2025 12:55:35 GMT+0300 (Arabian Standard Time)
  - Last Activity: 2025-10-18T09:55:35.665Z
  - Inactive: true
[Driver Activity Monitor] Driver3 Metro Taxi:
  - Location Update: Never
  - Status Update: 2025-10-18T09:55:35.663Z
  - Preferences Location: Never
  - User Updated: Sat Oct 18 2025 12:55:35 GMT+0300 (Arabian Standard Time)
  - Last Activity: 2025-10-18T09:55:35.665Z
  - Inactive: true
[Driver Activity Monitor] Driver3 City Cabs:
  - Location Update: Never
  - Status Update: 2025-10-22T11:00:39.313Z
  - Preferences Location: Never
  - User Updated: Fri Oct 24 2025 19:30:17 GMT+0300 (Arabian Standard Time)
  - Last Activity: 2025-10-24T16:30:17.836Z
  - Inactive: true
[Driver Activity Monitor] Driver1 City Cabs:
  - Location Update: 2025-10-28T09:15:27.605Z
  - Status Update: 2025-10-28T09:15:29.691Z
  - Preferences Location: Never
  - User Updated: Tue Oct 28 2025 12:15:30 GMT+0300 (Arabian Standard Time)
  - Last Activity: 2025-10-28T09:15:30.262Z
  - Inactive: false
[Driver Activity Monitor] Driver2 City Cabs:
  - Location Update: Never
  - Status Update: 2025-10-18T09:55:35.663Z
  - Preferences Location: Never
  - User Updated: Sat Oct 18 2025 12:55:35 GMT+0300 (Arabian Standard Time)
  - Last Activity: 2025-10-18T09:55:35.665Z
  - Inactive: true
[Driver Activity Monitor] Found 8 inactive drivers
[Driver Activity Monitor] Processing driver cmgt7lmye001imxarbrwufab7 (Driver3 Quick Ride)
  - Last location update: Never
  - Active jobs: 0
  - Active shifts: 0
  - Current shift status: OFFLINE
  ✓ Emitted driver:status:changed for driver cmgt7lmye001imxarbrwufab7
[Driver Activity Monitor] Processing driver cmgt7lmww001emxarm6fiocom (Driver2 Quick Ride)
  - Last location update: Never
  - Active jobs: 0
  - Active shifts: 0
  - Current shift status: OFFLINE
  ✓ Emitted driver:status:changed for driver cmgt7lmww001emxarm6fiocom
[Driver Activity Monitor] Processing driver cmgt7lmns000qmxarybo79dix (Driver2 Metro Taxi)
  - Last location update: Never
  - Active jobs: 0
  - Active shifts: 0
  - Current shift status: OFFLINE
  ✓ Emitted driver:status:changed for driver cmgt7lmns000qmxarybo79dix
[Driver Activity Monitor] Processing driver cmgt7lmva001amxargvvis3qo (Driver1 Quick Ride)
  - Last location update: Never
  - Active jobs: 0
  - Active shifts: 0
  - Current shift status: OFFLINE
  ✓ Emitted driver:status:changed for driver cmgt7lmva001amxargvvis3qo
[Driver Activity Monitor] Processing driver cmgt7lmm7000mmxarb23yrhm4 (Driver1 Metro Taxi)
  - Last location update: Never
  - Active jobs: 0
  - Active shifts: 0
  - Current shift status: OFFLINE
  ✓ Emitted driver:status:changed for driver cmgt7lmm7000mmxarb23yrhm4
[Driver Activity Monitor] Processing driver cmgt7lmpa000umxaro9mk6xmc (Driver3 Metro Taxi)
  - Last location update: Never
  - Active jobs: 0
  - Active shifts: 0
  - Current shift status: OFFLINE
  ✓ Emitted driver:status:changed for driver cmgt7lmpa000umxaro9mk6xmc
[Driver Activity Monitor] Processing driver cmgt7lmts0016mxar09d3mqpx (Driver3 City Cabs)
  - Last location update: Never
  - Active jobs: 0
  - Active shifts: 0
  - Current shift status: OFFLINE
  ✓ Emitted driver:status:changed for driver cmgt7lmts0016mxar09d3mqpx
[Driver Activity Monitor] Processing driver cmgt7lms90012mxare5ugbirp (Driver2 City Cabs)
  - Last location update: Never
  - Active jobs: 0
  - Active shifts: 0
  - Current shift status: OFFLINE
  ✓ Emitted driver:status:changed for driver cmgt7lms90012mxare5ugbirp
[Driver Activity Monitor] Processed 8 inactive drivers
[Cron - Driver Activity] Processed inactive drivers: {
  count: 8,
  drivers: [
    {
      id: 'cmgt7lmye001imxarbrwufab7',
      name: 'Driver3 Quick Ride',
      unassignedJobs: 0
    },
    {
      id: 'cmgt7lmww001emxarm6fiocom',
      name: 'Driver2 Quick Ride',
      unassignedJobs: 0
    },
    {
      id: 'cmgt7lmns000qmxarybo79dix',
      name: 'Driver2 Metro Taxi',
      unassignedJobs: 0
    },
    {
      id: 'cmgt7lmva001amxargvvis3qo',
      name: 'Driver1 Quick Ride',
      unassignedJobs: 0
    },
    {
      id: 'cmgt7lmm7000mmxarb23yrhm4',
      name: 'Driver1 Metro Taxi',
      unassignedJobs: 0
    },
    {
      id: 'cmgt7lmpa000umxaro9mk6xmc',
      name: 'Driver3 Metro Taxi',
      unassignedJobs: 0
    },
    {
      id: 'cmgt7lmts0016mxar09d3mqpx',
      name: 'Driver3 City Cabs',
      unassignedJobs: 0
    },
    {
      id: 'cmgt7lms90012mxare5ugbirp',
      name: 'Driver2 City Cabs',
      unassignedJobs: 0
    }
  ]
}
[Driver Activity Monitor] Checking driver activity at 2025-10-28T09:20:00.009Z
[Driver Activity Monitor] Threshold: 2025-10-28T09:10:00.009Z
[Driver Activity Monitor] Found 9 total active drivers
[Driver Activity Monitor] Driver3 Quick Ride:
  - Location Update: Never
  - Status Update: 2025-10-18T09:55:35.663Z
  - Preferences Location: Never
  - User Updated: Sat Oct 18 2025 12:55:35 GMT+0300 (Arabian Standard Time)
  - Last Activity: 2025-10-18T09:55:35.665Z
  - Inactive: true
[Driver Activity Monitor] Driver2 Quick Ride:
  - Location Update: Never
  - Status Update: 2025-10-18T09:55:35.663Z
  - Preferences Location: Never
  - User Updated: Sat Oct 18 2025 12:55:35 GMT+0300 (Arabian Standard Time)
  - Last Activity: 2025-10-18T09:55:35.665Z
  - Inactive: true
[Driver Activity Monitor] Driver2 Metro Taxi:
  - Location Update: Never
  - Status Update: 2025-10-18T09:55:35.663Z
  - Preferences Location: Never
  - User Updated: Sat Oct 18 2025 12:55:35 GMT+0300 (Arabian Standard Time)
  - Last Activity: 2025-10-18T09:55:35.665Z
  - Inactive: true
[Driver Activity Monitor] Driver1 Quick Ride:
  - Location Update: Never
  - Status Update: 2025-10-18T09:55:35.663Z
  - Preferences Location: Never
  - User Updated: Sat Oct 18 2025 12:55:35 GMT+0300 (Arabian Standard Time)
  - Last Activity: 2025-10-18T09:55:35.665Z
  - Inactive: true
[Driver Activity Monitor] Driver1 Metro Taxi:
  - Location Update: Never
  - Status Update: 2025-10-18T09:55:35.663Z
  - Preferences Location: Never
  - User Updated: Sat Oct 18 2025 12:55:35 GMT+0300 (Arabian Standard Time)
  - Last Activity: 2025-10-18T09:55:35.665Z
  - Inactive: true
[Driver Activity Monitor] Driver3 Metro Taxi:
  - Location Update: Never
  - Status Update: 2025-10-18T09:55:35.663Z
  - Preferences Location: Never
  - User Updated: Sat Oct 18 2025 12:55:35 GMT+0300 (Arabian Standard Time)
  - Last Activity: 2025-10-18T09:55:35.665Z
  - Inactive: true
[Driver Activity Monitor] Driver3 City Cabs:
  - Location Update: Never
  - Status Update: 2025-10-22T11:00:39.313Z
  - Preferences Location: Never
  - User Updated: Fri Oct 24 2025 19:30:17 GMT+0300 (Arabian Standard Time)
  - Last Activity: 2025-10-24T16:30:17.836Z
  - Inactive: true
[Driver Activity Monitor] Driver1 City Cabs:
  - Location Update: 2025-10-28T09:15:27.605Z
  - Status Update: 2025-10-28T09:15:29.691Z
  - Preferences Location: Never
  - User Updated: Tue Oct 28 2025 12:15:30 GMT+0300 (Arabian Standard Time)
  - Last Activity: 2025-10-28T09:15:30.262Z
  - Inactive: false
[Driver Activity Monitor] Driver2 City Cabs:
  - Location Update: Never
  - Status Update: 2025-10-18T09:55:35.663Z
  - Preferences Location: Never
  - User Updated: Sat Oct 18 2025 12:55:35 GMT+0300 (Arabian Standard Time)
  - Last Activity: 2025-10-18T09:55:35.665Z
  - Inactive: true
[Driver Activity Monitor] Found 8 inactive drivers
[Driver Activity Monitor] Processing driver cmgt7lmye001imxarbrwufab7 (Driver3 Quick Ride)
  - Last location update: Never
  - Active jobs: 0
  - Active shifts: 0
  - Current shift status: OFFLINE
  ✓ Emitted driver:status:changed for driver cmgt7lmye001imxarbrwufab7
[Driver Activity Monitor] Processing driver cmgt7lmww001emxarm6fiocom (Driver2 Quick Ride)
  - Last location update: Never
  - Active jobs: 0
  - Active shifts: 0
  - Current shift status: OFFLINE
  ✓ Emitted driver:status:changed for driver cmgt7lmww001emxarm6fiocom
[Driver Activity Monitor] Processing driver cmgt7lmns000qmxarybo79dix (Driver2 Metro Taxi)
  - Last location update: Never
  - Active jobs: 0
  - Active shifts: 0
  - Current shift status: OFFLINE
  ✓ Emitted driver:status:changed for driver cmgt7lmns000qmxarybo79dix
[Driver Activity Monitor] Processing driver cmgt7lmva001amxargvvis3qo (Driver1 Quick Ride)
  - Last location update: Never
  - Active jobs: 0
  - Active shifts: 0
  - Current shift status: OFFLINE
  ✓ Emitted driver:status:changed for driver cmgt7lmva001amxargvvis3qo
[Driver Activity Monitor] Processing driver cmgt7lmm7000mmxarb23yrhm4 (Driver1 Metro Taxi)
  - Last location update: Never
  - Active jobs: 0
  - Active shifts: 0
  - Current shift status: OFFLINE
  ✓ Emitted driver:status:changed for driver cmgt7lmm7000mmxarb23yrhm4
[Driver Activity Monitor] Processing driver cmgt7lmpa000umxaro9mk6xmc (Driver3 Metro Taxi)
  - Last location update: Never
  - Active jobs: 0
  - Active shifts: 0
  - Current shift status: OFFLINE
  ✓ Emitted driver:status:changed for driver cmgt7lmpa000umxaro9mk6xmc
[Driver Activity Monitor] Processing driver cmgt7lmts0016mxar09d3mqpx (Driver3 City Cabs)
  - Last location update: Never
  - Active jobs: 0
  - Active shifts: 0
  - Current shift status: OFFLINE
  ✓ Emitted driver:status:changed for driver cmgt7lmts0016mxar09d3mqpx
[Driver Activity Monitor] Processing driver cmgt7lms90012mxare5ugbirp (Driver2 City Cabs)
  - Last location update: Never
  - Active jobs: 0
  - Active shifts: 0
  - Current shift status: OFFLINE
  ✓ Emitted driver:status:changed for driver cmgt7lms90012mxare5ugbirp
[Driver Activity Monitor] Processed 8 inactive drivers
[Cron - Driver Activity] Processed inactive drivers: {
  count: 8,
  drivers: [
    {
      id: 'cmgt7lmye001imxarbrwufab7',
      name: 'Driver3 Quick Ride',
      unassignedJobs: 0
    },
    {
      id: 'cmgt7lmww001emxarm6fiocom',
      name: 'Driver2 Quick Ride',
      unassignedJobs: 0
    },
    {
      id: 'cmgt7lmns000qmxarybo79dix',
      name: 'Driver2 Metro Taxi',
      unassignedJobs: 0
    },
    {
      id: 'cmgt7lmva001amxargvvis3qo',
      name: 'Driver1 Quick Ride',
      unassignedJobs: 0
    },
    {
      id: 'cmgt7lmm7000mmxarb23yrhm4',
      name: 'Driver1 Metro Taxi',
      unassignedJobs: 0
    },
    {
      id: 'cmgt7lmpa000umxaro9mk6xmc',
      name: 'Driver3 Metro Taxi',
      unassignedJobs: 0
    },
    {
      id: 'cmgt7lmts0016mxar09d3mqpx',
      name: 'Driver3 City Cabs',
      unassignedJobs: 0
    },
    {
      id: 'cmgt7lms90012mxare5ugbirp',
      name: 'Driver2 City Cabs',
      unassignedJobs: 0
    }
  ]
}
[Driver Activity Monitor] Checking driver activity at 2025-10-28T09:21:00.015Z
[Driver Activity Monitor] Threshold: 2025-10-28T09:11:00.015Z
[Driver Activity Monitor] Found 9 total active drivers
[Driver Activity Monitor] Driver3 Quick Ride:
  - Location Update: Never
  - Status Update: 2025-10-18T09:55:35.663Z
  - Preferences Location: Never
  - User Updated: Sat Oct 18 2025 12:55:35 GMT+0300 (Arabian Standard Time)
  - Last Activity: 2025-10-18T09:55:35.665Z
  - Inactive: true
[Driver Activity Monitor] Driver2 Quick Ride:
  - Location Update: Never
  - Status Update: 2025-10-18T09:55:35.663Z
  - Preferences Location: Never
  - User Updated: Sat Oct 18 2025 12:55:35 GMT+0300 (Arabian Standard Time)
  - Last Activity: 2025-10-18T09:55:35.665Z
  - Inactive: true
[Driver Activity Monitor] Driver2 Metro Taxi:
  - Location Update: Never
  - Status Update: 2025-10-18T09:55:35.663Z
  - Preferences Location: Never
  - User Updated: Sat Oct 18 2025 12:55:35 GMT+0300 (Arabian Standard Time)
  - Last Activity: 2025-10-18T09:55:35.665Z
  - Inactive: true
[Driver Activity Monitor] Driver1 Quick Ride:
  - Location Update: Never
  - Status Update: 2025-10-18T09:55:35.663Z
  - Preferences Location: Never
  - User Updated: Sat Oct 18 2025 12:55:35 GMT+0300 (Arabian Standard Time)
  - Last Activity: 2025-10-18T09:55:35.665Z
  - Inactive: true
[Driver Activity Monitor] Driver1 Metro Taxi:
  - Location Update: Never
  - Status Update: 2025-10-18T09:55:35.663Z
  - Preferences Location: Never
  - User Updated: Sat Oct 18 2025 12:55:35 GMT+0300 (Arabian Standard Time)
  - Last Activity: 2025-10-18T09:55:35.665Z
  - Inactive: true
[Driver Activity Monitor] Driver3 Metro Taxi:
  - Location Update: Never
  - Status Update: 2025-10-18T09:55:35.663Z
  - Preferences Location: Never
  - User Updated: Sat Oct 18 2025 12:55:35 GMT+0300 (Arabian Standard Time)
  - Last Activity: 2025-10-18T09:55:35.665Z
  - Inactive: true
[Driver Activity Monitor] Driver3 City Cabs:
  - Location Update: Never
  - Status Update: 2025-10-22T11:00:39.313Z
  - Preferences Location: Never
  - User Updated: Fri Oct 24 2025 19:30:17 GMT+0300 (Arabian Standard Time)
  - Last Activity: 2025-10-24T16:30:17.836Z
  - Inactive: true
[Driver Activity Monitor] Driver1 City Cabs:
  - Location Update: 2025-10-28T09:15:27.605Z
  - Status Update: 2025-10-28T09:15:29.691Z
  - Preferences Location: Never
  - User Updated: Tue Oct 28 2025 12:15:30 GMT+0300 (Arabian Standard Time)
  - Last Activity: 2025-10-28T09:15:30.262Z
  - Inactive: false
[Driver Activity Monitor] Driver2 City Cabs:
  - Location Update: Never
  - Status Update: 2025-10-18T09:55:35.663Z
  - Preferences Location: Never
  - User Updated: Sat Oct 18 2025 12:55:35 GMT+0300 (Arabian Standard Time)
  - Last Activity: 2025-10-18T09:55:35.665Z
  - Inactive: true
[Driver Activity Monitor] Found 8 inactive drivers
[Driver Activity Monitor] Processing driver cmgt7lmye001imxarbrwufab7 (Driver3 Quick Ride)
  - Last location update: Never
  - Active jobs: 0
  - Active shifts: 0
  - Current shift status: OFFLINE
  ✓ Emitted driver:status:changed for driver cmgt7lmye001imxarbrwufab7
[Driver Activity Monitor] Processing driver cmgt7lmww001emxarm6fiocom (Driver2 Quick Ride)
  - Last location update: Never
  - Active jobs: 0
  - Active shifts: 0
  - Current shift status: OFFLINE
  ✓ Emitted driver:status:changed for driver cmgt7lmww001emxarm6fiocom
[Driver Activity Monitor] Processing driver cmgt7lmns000qmxarybo79dix (Driver2 Metro Taxi)
  - Last location update: Never
  - Active jobs: 0
  - Active shifts: 0
  - Current shift status: OFFLINE
  ✓ Emitted driver:status:changed for driver cmgt7lmns000qmxarybo79dix
[Driver Activity Monitor] Processing driver cmgt7lmva001amxargvvis3qo (Driver1 Quick Ride)
  - Last location update: Never
  - Active jobs: 0
  - Active shifts: 0
  - Current shift status: OFFLINE
  ✓ Emitted driver:status:changed for driver cmgt7lmva001amxargvvis3qo
[Driver Activity Monitor] Processing driver cmgt7lmm7000mmxarb23yrhm4 (Driver1 Metro Taxi)
  - Last location update: Never
  - Active jobs: 0
  - Active shifts: 0
  - Current shift status: OFFLINE
  ✓ Emitted driver:status:changed for driver cmgt7lmm7000mmxarb23yrhm4
[Driver Activity Monitor] Processing driver cmgt7lmpa000umxaro9mk6xmc (Driver3 Metro Taxi)
  - Last location update: Never
  - Active jobs: 0
  - Active shifts: 0
  - Current shift status: OFFLINE
  ✓ Emitted driver:status:changed for driver cmgt7lmpa000umxaro9mk6xmc
[Driver Activity Monitor] Processing driver cmgt7lmts0016mxar09d3mqpx (Driver3 City Cabs)
  - Last location update: Never
  - Active jobs: 0
  - Active shifts: 0
  - Current shift status: OFFLINE
  ✓ Emitted driver:status:changed for driver cmgt7lmts0016mxar09d3mqpx
[Driver Activity Monitor] Processing driver cmgt7lms90012mxare5ugbirp (Driver2 City Cabs)
  - Last location update: Never
  - Active jobs: 0
  - Active shifts: 0
  - Current shift status: OFFLINE
  ✓ Emitted driver:status:changed for driver cmgt7lms90012mxare5ugbirp
[Driver Activity Monitor] Processed 8 inactive drivers
[Cron - Driver Activity] Processed inactive drivers: {
  count: 8,
  drivers: [
    {
      id: 'cmgt7lmye001imxarbrwufab7',
      name: 'Driver3 Quick Ride',
      unassignedJobs: 0
    },
    {
      id: 'cmgt7lmww001emxarm6fiocom',
      name: 'Driver2 Quick Ride',
      unassignedJobs: 0
    },
    {
      id: 'cmgt7lmns000qmxarybo79dix',
      name: 'Driver2 Metro Taxi',
      unassignedJobs: 0
    },
    {
      id: 'cmgt7lmva001amxargvvis3qo',
      name: 'Driver1 Quick Ride',
      unassignedJobs: 0
    },
    {
      id: 'cmgt7lmm7000mmxarb23yrhm4',
      name: 'Driver1 Metro Taxi',
      unassignedJobs: 0
    },
    {
      id: 'cmgt7lmpa000umxaro9mk6xmc',
      name: 'Driver3 Metro Taxi',
      unassignedJobs: 0
    },
    {
      id: 'cmgt7lmts0016mxar09d3mqpx',
      name: 'Driver3 City Cabs',
      unassignedJobs: 0
    },
    {
      id: 'cmgt7lms90012mxare5ugbirp',
      name: 'Driver2 City Cabs',
      unassignedJobs: 0
    }
  ]
}
[Driver Activity Monitor] Checking driver activity at 2025-10-28T09:22:00.006Z
[Driver Activity Monitor] Threshold: 2025-10-28T09:12:00.006Z
[Driver Activity Monitor] Found 9 total active drivers
[Driver Activity Monitor] Driver3 Quick Ride:
  - Location Update: Never
  - Status Update: 2025-10-18T09:55:35.663Z
  - Preferences Location: Never
  - User Updated: Sat Oct 18 2025 12:55:35 GMT+0300 (Arabian Standard Time)
  - Last Activity: 2025-10-18T09:55:35.665Z
  - Inactive: true
[Driver Activity Monitor] Driver2 Quick Ride:
  - Location Update: Never
  - Status Update: 2025-10-18T09:55:35.663Z
  - Preferences Location: Never
  - User Updated: Sat Oct 18 2025 12:55:35 GMT+0300 (Arabian Standard Time)
  - Last Activity: 2025-10-18T09:55:35.665Z
  - Inactive: true
[Driver Activity Monitor] Driver2 Metro Taxi:
  - Location Update: Never
  - Status Update: 2025-10-18T09:55:35.663Z
  - Preferences Location: Never
  - User Updated: Sat Oct 18 2025 12:55:35 GMT+0300 (Arabian Standard Time)
  - Last Activity: 2025-10-18T09:55:35.665Z
  - Inactive: true
[Driver Activity Monitor] Driver1 Quick Ride:
  - Location Update: Never
  - Status Update: 2025-10-18T09:55:35.663Z
  - Preferences Location: Never
  - User Updated: Sat Oct 18 2025 12:55:35 GMT+0300 (Arabian Standard Time)
  - Last Activity: 2025-10-18T09:55:35.665Z
  - Inactive: true
[Driver Activity Monitor] Driver1 Metro Taxi:
  - Location Update: Never
  - Status Update: 2025-10-18T09:55:35.663Z
  - Preferences Location: Never
  - User Updated: Sat Oct 18 2025 12:55:35 GMT+0300 (Arabian Standard Time)
  - Last Activity: 2025-10-18T09:55:35.665Z
  - Inactive: true
[Driver Activity Monitor] Driver3 Metro Taxi:
  - Location Update: Never
  - Status Update: 2025-10-18T09:55:35.663Z
  - Preferences Location: Never
  - User Updated: Sat Oct 18 2025 12:55:35 GMT+0300 (Arabian Standard Time)
  - Last Activity: 2025-10-18T09:55:35.665Z
  - Inactive: true
[Driver Activity Monitor] Driver3 City Cabs:
  - Location Update: Never
  - Status Update: 2025-10-22T11:00:39.313Z
  - Preferences Location: Never
  - User Updated: Fri Oct 24 2025 19:30:17 GMT+0300 (Arabian Standard Time)
  - Last Activity: 2025-10-24T16:30:17.836Z
  - Inactive: true
[Driver Activity Monitor] Driver1 City Cabs:
  - Location Update: 2025-10-28T09:15:27.605Z
  - Status Update: 2025-10-28T09:15:29.691Z
  - Preferences Location: Never
  - User Updated: Tue Oct 28 2025 12:15:30 GMT+0300 (Arabian Standard Time)
  - Last Activity: 2025-10-28T09:15:30.262Z
  - Inactive: false
[Driver Activity Monitor] Driver2 City Cabs:
  - Location Update: Never
  - Status Update: 2025-10-18T09:55:35.663Z
  - Preferences Location: Never
  - User Updated: Sat Oct 18 2025 12:55:35 GMT+0300 (Arabian Standard Time)
  - Last Activity: 2025-10-18T09:55:35.665Z
  - Inactive: true
[Driver Activity Monitor] Found 8 inactive drivers
[Driver Activity Monitor] Processing driver cmgt7lmye001imxarbrwufab7 (Driver3 Quick Ride)
  - Last location update: Never
  - Active jobs: 0
  - Active shifts: 0
  - Current shift status: OFFLINE
  ✓ Emitted driver:status:changed for driver cmgt7lmye001imxarbrwufab7
[Driver Activity Monitor] Processing driver cmgt7lmww001emxarm6fiocom (Driver2 Quick Ride)
  - Last location update: Never
  - Active jobs: 0
  - Active shifts: 0
  - Current shift status: OFFLINE
  ✓ Emitted driver:status:changed for driver cmgt7lmww001emxarm6fiocom
[Driver Activity Monitor] Processing driver cmgt7lmns000qmxarybo79dix (Driver2 Metro Taxi)
  - Last location update: Never
  - Active jobs: 0
  - Active shifts: 0
  - Current shift status: OFFLINE
  ✓ Emitted driver:status:changed for driver cmgt7lmns000qmxarybo79dix
[Driver Activity Monitor] Processing driver cmgt7lmva001amxargvvis3qo (Driver1 Quick Ride)
  - Last location update: Never
  - Active jobs: 0
  - Active shifts: 0
  - Current shift status: OFFLINE
  ✓ Emitted driver:status:changed for driver cmgt7lmva001amxargvvis3qo
[Driver Activity Monitor] Processing driver cmgt7lmm7000mmxarb23yrhm4 (Driver1 Metro Taxi)
  - Last location update: Never
  - Active jobs: 0
  - Active shifts: 0
  - Current shift status: OFFLINE
  ✓ Emitted driver:status:changed for driver cmgt7lmm7000mmxarb23yrhm4
[Driver Activity Monitor] Processing driver cmgt7lmpa000umxaro9mk6xmc (Driver3 Metro Taxi)
  - Last location update: Never
  - Active jobs: 0
  - Active shifts: 0
  - Current shift status: OFFLINE
  ✓ Emitted driver:status:changed for driver cmgt7lmpa000umxaro9mk6xmc
[Driver Activity Monitor] Processing driver cmgt7lmts0016mxar09d3mqpx (Driver3 City Cabs)
  - Last location update: Never
  - Active jobs: 0
  - Active shifts: 0
  - Current shift status: OFFLINE
  ✓ Emitted driver:status:changed for driver cmgt7lmts0016mxar09d3mqpx
[Driver Activity Monitor] Processing driver cmgt7lms90012mxare5ugbirp (Driver2 City Cabs)
  - Last location update: Never
  - Active jobs: 0
  - Active shifts: 0
  - Current shift status: OFFLINE
  ✓ Emitted driver:status:changed for driver cmgt7lms90012mxare5ugbirp
[Driver Activity Monitor] Processed 8 inactive drivers
[Cron - Driver Activity] Processed inactive drivers: {
  count: 8,
  drivers: [
    {
      id: 'cmgt7lmye001imxarbrwufab7',
      name: 'Driver3 Quick Ride',
      unassignedJobs: 0
    },
    {
      id: 'cmgt7lmww001emxarm6fiocom',
      name: 'Driver2 Quick Ride',
      unassignedJobs: 0
    },
    {
      id: 'cmgt7lmns000qmxarybo79dix',
      name: 'Driver2 Metro Taxi',
      unassignedJobs: 0
    },
    {
      id: 'cmgt7lmva001amxargvvis3qo',
      name: 'Driver1 Quick Ride',
      unassignedJobs: 0
    },
    {
      id: 'cmgt7lmm7000mmxarb23yrhm4',
      name: 'Driver1 Metro Taxi',
      unassignedJobs: 0
    },
    {
      id: 'cmgt7lmpa000umxaro9mk6xmc',
      name: 'Driver3 Metro Taxi',
      unassignedJobs: 0
    },
    {
      id: 'cmgt7lmts0016mxar09d3mqpx',
      name: 'Driver3 City Cabs',
      unassignedJobs: 0
    },
    {
      id: 'cmgt7lms90012mxare5ugbirp',
      name: 'Driver2 City Cabs',
      unassignedJobs: 0
    }
  ]
}
[Driver Activity Monitor] Checking driver activity at 2025-10-28T09:23:00.009Z
[Driver Activity Monitor] Threshold: 2025-10-28T09:13:00.009Z
[Driver Activity Monitor] Found 9 total active drivers
[Driver Activity Monitor] Driver3 Quick Ride:
  - Location Update: Never
  - Status Update: 2025-10-18T09:55:35.663Z
  - Preferences Location: Never
  - User Updated: Sat Oct 18 2025 12:55:35 GMT+0300 (Arabian Standard Time)
  - Last Activity: 2025-10-18T09:55:35.665Z
  - Inactive: true
[Driver Activity Monitor] Driver2 Quick Ride:
  - Location Update: Never
  - Status Update: 2025-10-18T09:55:35.663Z
  - Preferences Location: Never
  - User Updated: Sat Oct 18 2025 12:55:35 GMT+0300 (Arabian Standard Time)
  - Last Activity: 2025-10-18T09:55:35.665Z
  - Inactive: true
[Driver Activity Monitor] Driver2 Metro Taxi:
  - Location Update: Never
  - Status Update: 2025-10-18T09:55:35.663Z
  - Preferences Location: Never
  - User Updated: Sat Oct 18 2025 12:55:35 GMT+0300 (Arabian Standard Time)
  - Last Activity: 2025-10-18T09:55:35.665Z
  - Inactive: true
[Driver Activity Monitor] Driver1 Quick Ride:
  - Location Update: Never
  - Status Update: 2025-10-18T09:55:35.663Z
  - Preferences Location: Never
  - User Updated: Sat Oct 18 2025 12:55:35 GMT+0300 (Arabian Standard Time)
  - Last Activity: 2025-10-18T09:55:35.665Z
  - Inactive: true
[Driver Activity Monitor] Driver1 Metro Taxi:
  - Location Update: Never
  - Status Update: 2025-10-18T09:55:35.663Z
  - Preferences Location: Never
  - User Updated: Sat Oct 18 2025 12:55:35 GMT+0300 (Arabian Standard Time)
  - Last Activity: 2025-10-18T09:55:35.665Z
  - Inactive: true
[Driver Activity Monitor] Driver3 Metro Taxi:
  - Location Update: Never
  - Status Update: 2025-10-18T09:55:35.663Z
  - Preferences Location: Never
  - User Updated: Sat Oct 18 2025 12:55:35 GMT+0300 (Arabian Standard Time)
  - Last Activity: 2025-10-18T09:55:35.665Z
  - Inactive: true
[Driver Activity Monitor] Driver3 City Cabs:
  - Location Update: Never
  - Status Update: 2025-10-22T11:00:39.313Z
  - Preferences Location: Never
  - User Updated: Fri Oct 24 2025 19:30:17 GMT+0300 (Arabian Standard Time)
  - Last Activity: 2025-10-24T16:30:17.836Z
  - Inactive: true
[Driver Activity Monitor] Driver1 City Cabs:
  - Location Update: 2025-10-28T09:15:27.605Z
  - Status Update: 2025-10-28T09:15:29.691Z
  - Preferences Location: Never
  - User Updated: Tue Oct 28 2025 12:15:30 GMT+0300 (Arabian Standard Time)
  - Last Activity: 2025-10-28T09:15:30.262Z
  - Inactive: false
[Driver Activity Monitor] Driver2 City Cabs:
  - Location Update: Never
  - Status Update: 2025-10-18T09:55:35.663Z
  - Preferences Location: Never
  - User Updated: Sat Oct 18 2025 12:55:35 GMT+0300 (Arabian Standard Time)
  - Last Activity: 2025-10-18T09:55:35.665Z
  - Inactive: true
[Driver Activity Monitor] Found 8 inactive drivers
[Driver Activity Monitor] Processing driver cmgt7lmye001imxarbrwufab7 (Driver3 Quick Ride)
  - Last location update: Never
  - Active jobs: 0
  - Active shifts: 0
  - Current shift status: OFFLINE
  ✓ Emitted driver:status:changed for driver cmgt7lmye001imxarbrwufab7
[Driver Activity Monitor] Processing driver cmgt7lmww001emxarm6fiocom (Driver2 Quick Ride)
  - Last location update: Never
  - Active jobs: 0
  - Active shifts: 0
  - Current shift status: OFFLINE
  ✓ Emitted driver:status:changed for driver cmgt7lmww001emxarm6fiocom
[Driver Activity Monitor] Processing driver cmgt7lmns000qmxarybo79dix (Driver2 Metro Taxi)
  - Last location update: Never
  - Active jobs: 0
  - Active shifts: 0
  - Current shift status: OFFLINE
  ✓ Emitted driver:status:changed for driver cmgt7lmns000qmxarybo79dix
[Driver Activity Monitor] Processing driver cmgt7lmva001amxargvvis3qo (Driver1 Quick Ride)
  - Last location update: Never
  - Active jobs: 0
  - Active shifts: 0
  - Current shift status: OFFLINE
  ✓ Emitted driver:status:changed for driver cmgt7lmva001amxargvvis3qo
[Driver Activity Monitor] Processing driver cmgt7lmm7000mmxarb23yrhm4 (Driver1 Metro Taxi)
  - Last location update: Never
  - Active jobs: 0
  - Active shifts: 0
  - Current shift status: OFFLINE
  ✓ Emitted driver:status:changed for driver cmgt7lmm7000mmxarb23yrhm4
[Driver Activity Monitor] Processing driver cmgt7lmpa000umxaro9mk6xmc (Driver3 Metro Taxi)
  - Last location update: Never
  - Active jobs: 0
  - Active shifts: 0
  - Current shift status: OFFLINE
  ✓ Emitted driver:status:changed for driver cmgt7lmpa000umxaro9mk6xmc
[Driver Activity Monitor] Processing driver cmgt7lmts0016mxar09d3mqpx (Driver3 City Cabs)
  - Last location update: Never
  - Active jobs: 0
  - Active shifts: 0
  - Current shift status: OFFLINE
  ✓ Emitted driver:status:changed for driver cmgt7lmts0016mxar09d3mqpx
[Driver Activity Monitor] Processing driver cmgt7lms90012mxare5ugbirp (Driver2 City Cabs)
  - Last location update: Never
  - Active jobs: 0
  - Active shifts: 0
  - Current shift status: OFFLINE
  ✓ Emitted driver:status:changed for driver cmgt7lms90012mxare5ugbirp
[Driver Activity Monitor] Processed 8 inactive drivers
[Cron - Driver Activity] Processed inactive drivers: {
  count: 8,
  drivers: [
    {
      id: 'cmgt7lmye001imxarbrwufab7',
      name: 'Driver3 Quick Ride',
      unassignedJobs: 0
    },
    {
      id: 'cmgt7lmww001emxarm6fiocom',
      name: 'Driver2 Quick Ride',
      unassignedJobs: 0
    },
    {
      id: 'cmgt7lmns000qmxarybo79dix',
      name: 'Driver2 Metro Taxi',
      unassignedJobs: 0
    },
    {
      id: 'cmgt7lmva001amxargvvis3qo',
      name: 'Driver1 Quick Ride',
      unassignedJobs: 0
    },
    {
      id: 'cmgt7lmm7000mmxarb23yrhm4',
      name: 'Driver1 Metro Taxi',
      unassignedJobs: 0
    },
    {
      id: 'cmgt7lmpa000umxaro9mk6xmc',
      name: 'Driver3 Metro Taxi',
      unassignedJobs: 0
    },
    {
      id: 'cmgt7lmts0016mxar09d3mqpx',
      name: 'Driver3 City Cabs',
      unassignedJobs: 0
    },
    {
      id: 'cmgt7lms90012mxare5ugbirp',
      name: 'Driver2 City Cabs',
      unassignedJobs: 0
    }
  ]
}
[Driver Activity Monitor] Checking driver activity at 2025-10-28T09:24:00.015Z
[Driver Activity Monitor] Threshold: 2025-10-28T09:14:00.015Z
[Driver Activity Monitor] Found 9 total active drivers
[Driver Activity Monitor] Driver3 Quick Ride:
  - Location Update: Never
  - Status Update: 2025-10-18T09:55:35.663Z
  - Preferences Location: Never
  - User Updated: Sat Oct 18 2025 12:55:35 GMT+0300 (Arabian Standard Time)
  - Last Activity: 2025-10-18T09:55:35.665Z
  - Inactive: true
[Driver Activity Monitor] Driver2 Quick Ride:
  - Location Update: Never
  - Status Update: 2025-10-18T09:55:35.663Z
  - Preferences Location: Never
  - User Updated: Sat Oct 18 2025 12:55:35 GMT+0300 (Arabian Standard Time)
  - Last Activity: 2025-10-18T09:55:35.665Z
  - Inactive: true
[Driver Activity Monitor] Driver2 Metro Taxi:
  - Location Update: Never
  - Status Update: 2025-10-18T09:55:35.663Z
  - Preferences Location: Never
  - User Updated: Sat Oct 18 2025 12:55:35 GMT+0300 (Arabian Standard Time)
  - Last Activity: 2025-10-18T09:55:35.665Z
  - Inactive: true
[Driver Activity Monitor] Driver1 Quick Ride:
  - Location Update: Never
  - Status Update: 2025-10-18T09:55:35.663Z
  - Preferences Location: Never
  - User Updated: Sat Oct 18 2025 12:55:35 GMT+0300 (Arabian Standard Time)
  - Last Activity: 2025-10-18T09:55:35.665Z
  - Inactive: true
[Driver Activity Monitor] Driver1 Metro Taxi:
  - Location Update: Never
  - Status Update: 2025-10-18T09:55:35.663Z
  - Preferences Location: Never
  - User Updated: Sat Oct 18 2025 12:55:35 GMT+0300 (Arabian Standard Time)
  - Last Activity: 2025-10-18T09:55:35.665Z
  - Inactive: true
[Driver Activity Monitor] Driver3 Metro Taxi:
  - Location Update: Never
  - Status Update: 2025-10-18T09:55:35.663Z
  - Preferences Location: Never
  - User Updated: Sat Oct 18 2025 12:55:35 GMT+0300 (Arabian Standard Time)
  - Last Activity: 2025-10-18T09:55:35.665Z
  - Inactive: true
[Driver Activity Monitor] Driver3 City Cabs:
  - Location Update: Never
  - Status Update: 2025-10-22T11:00:39.313Z
  - Preferences Location: Never
  - User Updated: Fri Oct 24 2025 19:30:17 GMT+0300 (Arabian Standard Time)
  - Last Activity: 2025-10-24T16:30:17.836Z
  - Inactive: true
[Driver Activity Monitor] Driver1 City Cabs:
  - Location Update: 2025-10-28T09:15:27.605Z
  - Status Update: 2025-10-28T09:15:29.691Z
  - Preferences Location: Never
  - User Updated: Tue Oct 28 2025 12:15:30 GMT+0300 (Arabian Standard Time)
  - Last Activity: 2025-10-28T09:15:30.262Z
  - Inactive: false
[Driver Activity Monitor] Driver2 City Cabs:
  - Location Update: Never
  - Status Update: 2025-10-18T09:55:35.663Z
  - Preferences Location: Never
  - User Updated: Sat Oct 18 2025 12:55:35 GMT+0300 (Arabian Standard Time)
  - Last Activity: 2025-10-18T09:55:35.665Z
  - Inactive: true
[Driver Activity Monitor] Found 8 inactive drivers
[Driver Activity Monitor] Processing driver cmgt7lmye001imxarbrwufab7 (Driver3 Quick Ride)
  - Last location update: Never
  - Active jobs: 0
  - Active shifts: 0
  - Current shift status: OFFLINE
  ✓ Emitted driver:status:changed for driver cmgt7lmye001imxarbrwufab7
[Driver Activity Monitor] Processing driver cmgt7lmww001emxarm6fiocom (Driver2 Quick Ride)
  - Last location update: Never
  - Active jobs: 0
  - Active shifts: 0
  - Current shift status: OFFLINE
  ✓ Emitted driver:status:changed for driver cmgt7lmww001emxarm6fiocom
[Driver Activity Monitor] Processing driver cmgt7lmns000qmxarybo79dix (Driver2 Metro Taxi)
  - Last location update: Never
  - Active jobs: 0
  - Active shifts: 0
  - Current shift status: OFFLINE
  ✓ Emitted driver:status:changed for driver cmgt7lmns000qmxarybo79dix
[Driver Activity Monitor] Processing driver cmgt7lmva001amxargvvis3qo (Driver1 Quick Ride)
  - Last location update: Never
  - Active jobs: 0
  - Active shifts: 0
  - Current shift status: OFFLINE
  ✓ Emitted driver:status:changed for driver cmgt7lmva001amxargvvis3qo
[Driver Activity Monitor] Processing driver cmgt7lmm7000mmxarb23yrhm4 (Driver1 Metro Taxi)
  - Last location update: Never
  - Active jobs: 0
  - Active shifts: 0
  - Current shift status: OFFLINE
  ✓ Emitted driver:status:changed for driver cmgt7lmm7000mmxarb23yrhm4
[Driver Activity Monitor] Processing driver cmgt7lmpa000umxaro9mk6xmc (Driver3 Metro Taxi)
  - Last location update: Never
  - Active jobs: 0
  - Active shifts: 0
  - Current shift status: OFFLINE
  ✓ Emitted driver:status:changed for driver cmgt7lmpa000umxaro9mk6xmc
[Driver Activity Monitor] Processing driver cmgt7lmts0016mxar09d3mqpx (Driver3 City Cabs)
  - Last location update: Never
  - Active jobs: 0
  - Active shifts: 0
  - Current shift status: OFFLINE
  ✓ Emitted driver:status:changed for driver cmgt7lmts0016mxar09d3mqpx
[Driver Activity Monitor] Processing driver cmgt7lms90012mxare5ugbirp (Driver2 City Cabs)
  - Last location update: Never
  - Active jobs: 0
  - Active shifts: 0
  - Current shift status: OFFLINE
  ✓ Emitted driver:status:changed for driver cmgt7lms90012mxare5ugbirp
[Driver Activity Monitor] Processed 8 inactive drivers
[Cron - Driver Activity] Processed inactive drivers: {
  count: 8,
  drivers: [
    {
      id: 'cmgt7lmye001imxarbrwufab7',
      name: 'Driver3 Quick Ride',
      unassignedJobs: 0
    },
    {
      id: 'cmgt7lmww001emxarm6fiocom',
      name: 'Driver2 Quick Ride',
      unassignedJobs: 0
    },
    {
      id: 'cmgt7lmns000qmxarybo79dix',
      name: 'Driver2 Metro Taxi',
      unassignedJobs: 0
    },
    {
      id: 'cmgt7lmva001amxargvvis3qo',
      name: 'Driver1 Quick Ride',
      unassignedJobs: 0
    },
    {
      id: 'cmgt7lmm7000mmxarb23yrhm4',
      name: 'Driver1 Metro Taxi',
      unassignedJobs: 0
    },
    {
      id: 'cmgt7lmpa000umxaro9mk6xmc',
      name: 'Driver3 Metro Taxi',
      unassignedJobs: 0
    },
    {
      id: 'cmgt7lmts0016mxar09d3mqpx',
      name: 'Driver3 City Cabs',
      unassignedJobs: 0
    },
    {
      id: 'cmgt7lms90012mxare5ugbirp',
      name: 'Driver2 City Cabs',
      unassignedJobs: 0
    }
  ]
}
[Driver Activity Monitor] Checking driver activity at 2025-10-28T09:25:00.010Z
[Driver Activity Monitor] Threshold: 2025-10-28T09:15:00.010Z
[Driver Activity Monitor] Found 9 total active drivers
[Driver Activity Monitor] Driver3 Quick Ride:
  - Location Update: Never
  - Status Update: 2025-10-18T09:55:35.663Z
  - Preferences Location: Never
  - User Updated: Sat Oct 18 2025 12:55:35 GMT+0300 (Arabian Standard Time)
  - Last Activity: 2025-10-18T09:55:35.665Z
  - Inactive: true
[Driver Activity Monitor] Driver2 Quick Ride:
  - Location Update: Never
  - Status Update: 2025-10-18T09:55:35.663Z
  - Preferences Location: Never
  - User Updated: Sat Oct 18 2025 12:55:35 GMT+0300 (Arabian Standard Time)
  - Last Activity: 2025-10-18T09:55:35.665Z
  - Inactive: true
[Driver Activity Monitor] Driver2 Metro Taxi:
  - Location Update: Never
  - Status Update: 2025-10-18T09:55:35.663Z
  - Preferences Location: Never
  - User Updated: Sat Oct 18 2025 12:55:35 GMT+0300 (Arabian Standard Time)
  - Last Activity: 2025-10-18T09:55:35.665Z
  - Inactive: true
[Driver Activity Monitor] Driver1 Quick Ride:
  - Location Update: Never
  - Status Update: 2025-10-18T09:55:35.663Z
  - Preferences Location: Never
  - User Updated: Sat Oct 18 2025 12:55:35 GMT+0300 (Arabian Standard Time)
  - Last Activity: 2025-10-18T09:55:35.665Z
  - Inactive: true
[Driver Activity Monitor] Driver1 Metro Taxi:
  - Location Update: Never
  - Status Update: 2025-10-18T09:55:35.663Z
  - Preferences Location: Never
  - User Updated: Sat Oct 18 2025 12:55:35 GMT+0300 (Arabian Standard Time)
  - Last Activity: 2025-10-18T09:55:35.665Z
  - Inactive: true
[Driver Activity Monitor] Driver3 Metro Taxi:
  - Location Update: Never
  - Status Update: 2025-10-18T09:55:35.663Z
  - Preferences Location: Never
  - User Updated: Sat Oct 18 2025 12:55:35 GMT+0300 (Arabian Standard Time)
  - Last Activity: 2025-10-18T09:55:35.665Z
  - Inactive: true
[Driver Activity Monitor] Driver3 City Cabs:
  - Location Update: Never
  - Status Update: 2025-10-22T11:00:39.313Z
  - Preferences Location: Never
  - User Updated: Fri Oct 24 2025 19:30:17 GMT+0300 (Arabian Standard Time)
  - Last Activity: 2025-10-24T16:30:17.836Z
  - Inactive: true
[Driver Activity Monitor] Driver1 City Cabs:
  - Location Update: 2025-10-28T09:15:27.605Z
  - Status Update: 2025-10-28T09:15:29.691Z
  - Preferences Location: Never
  - User Updated: Tue Oct 28 2025 12:15:30 GMT+0300 (Arabian Standard Time)
  - Last Activity: 2025-10-28T09:15:30.262Z
  - Inactive: false
[Driver Activity Monitor] Driver2 City Cabs:
  - Location Update: Never
  - Status Update: 2025-10-18T09:55:35.663Z
  - Preferences Location: Never
  - User Updated: Sat Oct 18 2025 12:55:35 GMT+0300 (Arabian Standard Time)
  - Last Activity: 2025-10-18T09:55:35.665Z
  - Inactive: true
[Driver Activity Monitor] Found 8 inactive drivers
[Driver Activity Monitor] Processing driver cmgt7lmye001imxarbrwufab7 (Driver3 Quick Ride)
  - Last location update: Never
  - Active jobs: 0
  - Active shifts: 0
  - Current shift status: OFFLINE
  ✓ Emitted driver:status:changed for driver cmgt7lmye001imxarbrwufab7
[Driver Activity Monitor] Processing driver cmgt7lmww001emxarm6fiocom (Driver2 Quick Ride)
  - Last location update: Never
  - Active jobs: 0
  - Active shifts: 0
  - Current shift status: OFFLINE
  ✓ Emitted driver:status:changed for driver cmgt7lmww001emxarm6fiocom
[Driver Activity Monitor] Processing driver cmgt7lmns000qmxarybo79dix (Driver2 Metro Taxi)
  - Last location update: Never
  - Active jobs: 0
  - Active shifts: 0
  - Current shift status: OFFLINE
  ✓ Emitted driver:status:changed for driver cmgt7lmns000qmxarybo79dix
[Driver Activity Monitor] Processing driver cmgt7lmva001amxargvvis3qo (Driver1 Quick Ride)
  - Last location update: Never
  - Active jobs: 0
  - Active shifts: 0
  - Current shift status: OFFLINE
  ✓ Emitted driver:status:changed for driver cmgt7lmva001amxargvvis3qo
[Driver Activity Monitor] Processing driver cmgt7lmm7000mmxarb23yrhm4 (Driver1 Metro Taxi)
  - Last location update: Never
  - Active jobs: 0
  - Active shifts: 0
  - Current shift status: OFFLINE
  ✓ Emitted driver:status:changed for driver cmgt7lmm7000mmxarb23yrhm4
[Driver Activity Monitor] Processing driver cmgt7lmpa000umxaro9mk6xmc (Driver3 Metro Taxi)
  - Last location update: Never
  - Active jobs: 0
  - Active shifts: 0
  - Current shift status: OFFLINE
  ✓ Emitted driver:status:changed for driver cmgt7lmpa000umxaro9mk6xmc
[Driver Activity Monitor] Processing driver cmgt7lmts0016mxar09d3mqpx (Driver3 City Cabs)
  - Last location update: Never
  - Active jobs: 0
  - Active shifts: 0
  - Current shift status: OFFLINE
  ✓ Emitted driver:status:changed for driver cmgt7lmts0016mxar09d3mqpx
[Driver Activity Monitor] Processing driver cmgt7lms90012mxare5ugbirp (Driver2 City Cabs)
  - Last location update: Never
  - Active jobs: 0
  - Active shifts: 0
  - Current shift status: OFFLINE
  ✓ Emitted driver:status:changed for driver cmgt7lms90012mxare5ugbirp
[Driver Activity Monitor] Processed 8 inactive drivers
[Cron - Driver Activity] Processed inactive drivers: {
  count: 8,
  drivers: [
    {
      id: 'cmgt7lmye001imxarbrwufab7',
      name: 'Driver3 Quick Ride',
      unassignedJobs: 0
    },
    {
      id: 'cmgt7lmww001emxarm6fiocom',
      name: 'Driver2 Quick Ride',
      unassignedJobs: 0
    },
    {
      id: 'cmgt7lmns000qmxarybo79dix',
      name: 'Driver2 Metro Taxi',
      unassignedJobs: 0
    },
    {
      id: 'cmgt7lmva001amxargvvis3qo',
      name: 'Driver1 Quick Ride',
      unassignedJobs: 0
    },
    {
      id: 'cmgt7lmm7000mmxarb23yrhm4',
      name: 'Driver1 Metro Taxi',
      unassignedJobs: 0
    },
    {
      id: 'cmgt7lmpa000umxaro9mk6xmc',
      name: 'Driver3 Metro Taxi',
      unassignedJobs: 0
    },
    {
      id: 'cmgt7lmts0016mxar09d3mqpx',
      name: 'Driver3 City Cabs',
      unassignedJobs: 0
    },
    {
      id: 'cmgt7lms90012mxare5ugbirp',
      name: 'Driver2 City Cabs',
      unassignedJobs: 0
    }
  ]
}
[Driver Activity Monitor] Checking driver activity at 2025-10-28T09:26:00.008Z
[Driver Activity Monitor] Threshold: 2025-10-28T09:16:00.008Z
[Driver Activity Monitor] Found 9 total active drivers
[Driver Activity Monitor] Driver3 Quick Ride:
  - Location Update: Never
  - Status Update: 2025-10-18T09:55:35.663Z
  - Preferences Location: Never
  - User Updated: Sat Oct 18 2025 12:55:35 GMT+0300 (Arabian Standard Time)
  - Last Activity: 2025-10-18T09:55:35.665Z
  - Inactive: true
[Driver Activity Monitor] Driver2 Quick Ride:
  - Location Update: Never
  - Status Update: 2025-10-18T09:55:35.663Z
  - Preferences Location: Never
  - User Updated: Sat Oct 18 2025 12:55:35 GMT+0300 (Arabian Standard Time)
  - Last Activity: 2025-10-18T09:55:35.665Z
  - Inactive: true
[Driver Activity Monitor] Driver2 Metro Taxi:
  - Location Update: Never
  - Status Update: 2025-10-18T09:55:35.663Z
  - Preferences Location: Never
  - User Updated: Sat Oct 18 2025 12:55:35 GMT+0300 (Arabian Standard Time)
  - Last Activity: 2025-10-18T09:55:35.665Z
  - Inactive: true
[Driver Activity Monitor] Driver1 Quick Ride:
  - Location Update: Never
  - Status Update: 2025-10-18T09:55:35.663Z
  - Preferences Location: Never
  - User Updated: Sat Oct 18 2025 12:55:35 GMT+0300 (Arabian Standard Time)
  - Last Activity: 2025-10-18T09:55:35.665Z
  - Inactive: true
[Driver Activity Monitor] Driver1 Metro Taxi:
  - Location Update: Never
  - Status Update: 2025-10-18T09:55:35.663Z
  - Preferences Location: Never
  - User Updated: Sat Oct 18 2025 12:55:35 GMT+0300 (Arabian Standard Time)
  - Last Activity: 2025-10-18T09:55:35.665Z
  - Inactive: true
[Driver Activity Monitor] Driver3 Metro Taxi:
  - Location Update: Never
  - Status Update: 2025-10-18T09:55:35.663Z
  - Preferences Location: Never
  - User Updated: Sat Oct 18 2025 12:55:35 GMT+0300 (Arabian Standard Time)
  - Last Activity: 2025-10-18T09:55:35.665Z
  - Inactive: true
[Driver Activity Monitor] Driver3 City Cabs:
  - Location Update: Never
  - Status Update: 2025-10-22T11:00:39.313Z
  - Preferences Location: Never
  - User Updated: Fri Oct 24 2025 19:30:17 GMT+0300 (Arabian Standard Time)
  - Last Activity: 2025-10-24T16:30:17.836Z
  - Inactive: true
[Driver Activity Monitor] Driver1 City Cabs:
  - Location Update: 2025-10-28T09:15:27.605Z
  - Status Update: 2025-10-28T09:15:29.691Z
  - Preferences Location: Never
  - User Updated: Tue Oct 28 2025 12:15:30 GMT+0300 (Arabian Standard Time)
  - Last Activity: 2025-10-28T09:15:30.262Z
  - Inactive: true
[Driver Activity Monitor] Driver2 City Cabs:
  - Location Update: Never
  - Status Update: 2025-10-18T09:55:35.663Z
  - Preferences Location: Never
  - User Updated: Sat Oct 18 2025 12:55:35 GMT+0300 (Arabian Standard Time)
  - Last Activity: 2025-10-18T09:55:35.665Z
  - Inactive: true
[Driver Activity Monitor] Found 9 inactive drivers
[Driver Activity Monitor] Processing driver cmgt7lmye001imxarbrwufab7 (Driver3 Quick Ride)
  - Last location update: Never
  - Active jobs: 0
  - Active shifts: 0
  - Current shift status: OFFLINE
  ✓ Emitted driver:status:changed for driver cmgt7lmye001imxarbrwufab7
[Driver Activity Monitor] Processing driver cmgt7lmww001emxarm6fiocom (Driver2 Quick Ride)
  - Last location update: Never
  - Active jobs: 0
  - Active shifts: 0
  - Current shift status: OFFLINE
  ✓ Emitted driver:status:changed for driver cmgt7lmww001emxarm6fiocom
[Driver Activity Monitor] Processing driver cmgt7lmns000qmxarybo79dix (Driver2 Metro Taxi)
  - Last location update: Never
  - Active jobs: 0
  - Active shifts: 0
  - Current shift status: OFFLINE
  ✓ Emitted driver:status:changed for driver cmgt7lmns000qmxarybo79dix
[Driver Activity Monitor] Processing driver cmgt7lmva001amxargvvis3qo (Driver1 Quick Ride)
  - Last location update: Never
  - Active jobs: 0
  - Active shifts: 0
  - Current shift status: OFFLINE
  ✓ Emitted driver:status:changed for driver cmgt7lmva001amxargvvis3qo
[Driver Activity Monitor] Processing driver cmgt7lmm7000mmxarb23yrhm4 (Driver1 Metro Taxi)
  - Last location update: Never
  - Active jobs: 0
  - Active shifts: 0
  - Current shift status: OFFLINE
  ✓ Emitted driver:status:changed for driver cmgt7lmm7000mmxarb23yrhm4
[Driver Activity Monitor] Processing driver cmgt7lmpa000umxaro9mk6xmc (Driver3 Metro Taxi)
  - Last location update: Never
  - Active jobs: 0
  - Active shifts: 0
  - Current shift status: OFFLINE
  ✓ Emitted driver:status:changed for driver cmgt7lmpa000umxaro9mk6xmc
[Driver Activity Monitor] Processing driver cmgt7lmts0016mxar09d3mqpx (Driver3 City Cabs)
  - Last location update: Never
  - Active jobs: 0
  - Active shifts: 0
  - Current shift status: OFFLINE
  ✓ Emitted driver:status:changed for driver cmgt7lmts0016mxar09d3mqpx
[Driver Activity Monitor] Processing driver cmgt7lmqs000ymxarz2f1edxx (Driver1 City Cabs)
  - Last location update: 2025-10-28T09:15:27.605Z
  - Active jobs: 0
  - Active shifts: 0
  - Current shift status: OFFLINE
  ✓ Emitted driver:status:changed for driver cmgt7lmqs000ymxarz2f1edxx
[Driver Activity Monitor] Processing driver cmgt7lms90012mxare5ugbirp (Driver2 City Cabs)
  - Last location update: Never
  - Active jobs: 0
  - Active shifts: 0
  - Current shift status: OFFLINE
  ✓ Emitted driver:status:changed for driver cmgt7lms90012mxare5ugbirp
[Driver Activity Monitor] Processed 9 inactive drivers
[Cron - Driver Activity] Processed inactive drivers: {
  count: 9,
  drivers: [
    {
      id: 'cmgt7lmye001imxarbrwufab7',
      name: 'Driver3 Quick Ride',
      unassignedJobs: 0
    },
    {
      id: 'cmgt7lmww001emxarm6fiocom',
      name: 'Driver2 Quick Ride',
      unassignedJobs: 0
    },
    {
      id: 'cmgt7lmns000qmxarybo79dix',
      name: 'Driver2 Metro Taxi',
      unassignedJobs: 0
    },
    {
      id: 'cmgt7lmva001amxargvvis3qo',
      name: 'Driver1 Quick Ride',
      unassignedJobs: 0
    },
    {
      id: 'cmgt7lmm7000mmxarb23yrhm4',
      name: 'Driver1 Metro Taxi',
      unassignedJobs: 0
    },
    {
      id: 'cmgt7lmpa000umxaro9mk6xmc',
      name: 'Driver3 Metro Taxi',
      unassignedJobs: 0
    },
    {
      id: 'cmgt7lmts0016mxar09d3mqpx',
      name: 'Driver3 City Cabs',
      unassignedJobs: 0
    },
    {
      id: 'cmgt7lmqs000ymxarz2f1edxx',
      name: 'Driver1 City Cabs',
      unassignedJobs: 0
    },
    {
      id: 'cmgt7lms90012mxare5ugbirp',
      name: 'Driver2 City Cabs',
      unassignedJobs: 0
    }
  ]
}
[Driver Activity Monitor] Checking driver activity at 2025-10-28T09:27:00.018Z
[Driver Activity Monitor] Threshold: 2025-10-28T09:17:00.018Z
[Driver Activity Monitor] Found 9 total active drivers
[Driver Activity Monitor] Driver3 Quick Ride:
  - Location Update: Never
  - Status Update: 2025-10-18T09:55:35.663Z
  - Preferences Location: Never
  - User Updated: Sat Oct 18 2025 12:55:35 GMT+0300 (Arabian Standard Time)
  - Last Activity: 2025-10-18T09:55:35.665Z
  - Inactive: true
[Driver Activity Monitor] Driver2 Quick Ride:
  - Location Update: Never
  - Status Update: 2025-10-18T09:55:35.663Z
  - Preferences Location: Never
  - User Updated: Sat Oct 18 2025 12:55:35 GMT+0300 (Arabian Standard Time)
  - Last Activity: 2025-10-18T09:55:35.665Z
  - Inactive: true
[Driver Activity Monitor] Driver2 Metro Taxi:
  - Location Update: Never
  - Status Update: 2025-10-18T09:55:35.663Z
  - Preferences Location: Never
  - User Updated: Sat Oct 18 2025 12:55:35 GMT+0300 (Arabian Standard Time)
  - Last Activity: 2025-10-18T09:55:35.665Z
  - Inactive: true
[Driver Activity Monitor] Driver1 Quick Ride:
  - Location Update: Never
  - Status Update: 2025-10-18T09:55:35.663Z
  - Preferences Location: Never
  - User Updated: Sat Oct 18 2025 12:55:35 GMT+0300 (Arabian Standard Time)
  - Last Activity: 2025-10-18T09:55:35.665Z
  - Inactive: true
[Driver Activity Monitor] Driver1 Metro Taxi:
  - Location Update: Never
  - Status Update: 2025-10-18T09:55:35.663Z
  - Preferences Location: Never
  - User Updated: Sat Oct 18 2025 12:55:35 GMT+0300 (Arabian Standard Time)
  - Last Activity: 2025-10-18T09:55:35.665Z
  - Inactive: true
[Driver Activity Monitor] Driver3 Metro Taxi:
  - Location Update: Never
  - Status Update: 2025-10-18T09:55:35.663Z
  - Preferences Location: Never
  - User Updated: Sat Oct 18 2025 12:55:35 GMT+0300 (Arabian Standard Time)
  - Last Activity: 2025-10-18T09:55:35.665Z
  - Inactive: true
[Driver Activity Monitor] Driver3 City Cabs:
  - Location Update: Never
  - Status Update: 2025-10-22T11:00:39.313Z
  - Preferences Location: Never
  - User Updated: Fri Oct 24 2025 19:30:17 GMT+0300 (Arabian Standard Time)
  - Last Activity: 2025-10-24T16:30:17.836Z
  - Inactive: true
[Driver Activity Monitor] Driver1 City Cabs:
  - Location Update: 2025-10-28T09:15:27.605Z
  - Status Update: 2025-10-28T09:15:29.691Z
  - Preferences Location: Never
  - User Updated: Tue Oct 28 2025 12:15:30 GMT+0300 (Arabian Standard Time)
  - Last Activity: 2025-10-28T09:15:30.262Z
  - Inactive: true
[Driver Activity Monitor] Driver2 City Cabs:
  - Location Update: Never
  - Status Update: 2025-10-18T09:55:35.663Z
  - Preferences Location: Never
  - User Updated: Sat Oct 18 2025 12:55:35 GMT+0300 (Arabian Standard Time)
  - Last Activity: 2025-10-18T09:55:35.665Z
  - Inactive: true
[Driver Activity Monitor] Found 9 inactive drivers
[Driver Activity Monitor] Processing driver cmgt7lmye001imxarbrwufab7 (Driver3 Quick Ride)
  - Last location update: Never
  - Active jobs: 0
  - Active shifts: 0
  - Current shift status: OFFLINE
  ✓ Emitted driver:status:changed for driver cmgt7lmye001imxarbrwufab7
[Driver Activity Monitor] Processing driver cmgt7lmww001emxarm6fiocom (Driver2 Quick Ride)
  - Last location update: Never
  - Active jobs: 0
  - Active shifts: 0
  - Current shift status: OFFLINE
  ✓ Emitted driver:status:changed for driver cmgt7lmww001emxarm6fiocom
[Driver Activity Monitor] Processing driver cmgt7lmns000qmxarybo79dix (Driver2 Metro Taxi)
  - Last location update: Never
  - Active jobs: 0
  - Active shifts: 0
  - Current shift status: OFFLINE
  ✓ Emitted driver:status:changed for driver cmgt7lmns000qmxarybo79dix
[Driver Activity Monitor] Processing driver cmgt7lmva001amxargvvis3qo (Driver1 Quick Ride)
  - Last location update: Never
  - Active jobs: 0
  - Active shifts: 0
  - Current shift status: OFFLINE
  ✓ Emitted driver:status:changed for driver cmgt7lmva001amxargvvis3qo
[Driver Activity Monitor] Processing driver cmgt7lmm7000mmxarb23yrhm4 (Driver1 Metro Taxi)
  - Last location update: Never
  - Active jobs: 0
  - Active shifts: 0
  - Current shift status: OFFLINE
  ✓ Emitted driver:status:changed for driver cmgt7lmm7000mmxarb23yrhm4
[Driver Activity Monitor] Processing driver cmgt7lmpa000umxaro9mk6xmc (Driver3 Metro Taxi)
  - Last location update: Never
  - Active jobs: 0
  - Active shifts: 0
  - Current shift status: OFFLINE
  ✓ Emitted driver:status:changed for driver cmgt7lmpa000umxaro9mk6xmc
[Driver Activity Monitor] Processing driver cmgt7lmts0016mxar09d3mqpx (Driver3 City Cabs)
  - Last location update: Never
  - Active jobs: 0
  - Active shifts: 0
  - Current shift status: OFFLINE
  ✓ Emitted driver:status:changed for driver cmgt7lmts0016mxar09d3mqpx
[Driver Activity Monitor] Processing driver cmgt7lmqs000ymxarz2f1edxx (Driver1 City Cabs)
  - Last location update: 2025-10-28T09:15:27.605Z
  - Active jobs: 0
  - Active shifts: 0
  - Current shift status: OFFLINE
  ✓ Emitted driver:status:changed for driver cmgt7lmqs000ymxarz2f1edxx
[Driver Activity Monitor] Processing driver cmgt7lms90012mxare5ugbirp (Driver2 City Cabs)
  - Last location update: Never
  - Active jobs: 0
  - Active shifts: 0
  - Current shift status: OFFLINE
  ✓ Emitted driver:status:changed for driver cmgt7lms90012mxare5ugbirp
[Driver Activity Monitor] Processed 9 inactive drivers
[Cron - Driver Activity] Processed inactive drivers: {
  count: 9,
  drivers: [
    {
      id: 'cmgt7lmye001imxarbrwufab7',
      name: 'Driver3 Quick Ride',
      unassignedJobs: 0
    },
    {
      id: 'cmgt7lmww001emxarm6fiocom',
      name: 'Driver2 Quick Ride',
      unassignedJobs: 0
    },
    {
      id: 'cmgt7lmns000qmxarybo79dix',
      name: 'Driver2 Metro Taxi',
      unassignedJobs: 0
    },
    {
      id: 'cmgt7lmva001amxargvvis3qo',
      name: 'Driver1 Quick Ride',
      unassignedJobs: 0
    },
    {
      id: 'cmgt7lmm7000mmxarb23yrhm4',
      name: 'Driver1 Metro Taxi',
      unassignedJobs: 0
    },
    {
      id: 'cmgt7lmpa000umxaro9mk6xmc',
      name: 'Driver3 Metro Taxi',
      unassignedJobs: 0
    },
    {
      id: 'cmgt7lmts0016mxar09d3mqpx',
      name: 'Driver3 City Cabs',
      unassignedJobs: 0
    },
    {
      id: 'cmgt7lmqs000ymxarz2f1edxx',
      name: 'Driver1 City Cabs',
      unassignedJobs: 0
    },
    {
      id: 'cmgt7lms90012mxare5ugbirp',
      name: 'Driver2 City Cabs',
      unassignedJobs: 0
    }
  ]
}
[Driver Activity Monitor] Checking driver activity at 2025-10-28T09:28:00.016Z
[Driver Activity Monitor] Threshold: 2025-10-28T09:18:00.016Z
[Driver Activity Monitor] Found 9 total active drivers
[Driver Activity Monitor] Driver3 Quick Ride:
  - Location Update: Never
  - Status Update: 2025-10-18T09:55:35.663Z
  - Preferences Location: Never
  - User Updated: Sat Oct 18 2025 12:55:35 GMT+0300 (Arabian Standard Time)
  - Last Activity: 2025-10-18T09:55:35.665Z
  - Inactive: true
[Driver Activity Monitor] Driver2 Quick Ride:
  - Location Update: Never
  - Status Update: 2025-10-18T09:55:35.663Z
  - Preferences Location: Never
  - User Updated: Sat Oct 18 2025 12:55:35 GMT+0300 (Arabian Standard Time)
  - Last Activity: 2025-10-18T09:55:35.665Z
  - Inactive: true
[Driver Activity Monitor] Driver2 Metro Taxi:
  - Location Update: Never
  - Status Update: 2025-10-18T09:55:35.663Z
  - Preferences Location: Never
  - User Updated: Sat Oct 18 2025 12:55:35 GMT+0300 (Arabian Standard Time)
  - Last Activity: 2025-10-18T09:55:35.665Z
  - Inactive: true
[Driver Activity Monitor] Driver1 Quick Ride:
  - Location Update: Never
  - Status Update: 2025-10-18T09:55:35.663Z
  - Preferences Location: Never
  - User Updated: Sat Oct 18 2025 12:55:35 GMT+0300 (Arabian Standard Time)
  - Last Activity: 2025-10-18T09:55:35.665Z
  - Inactive: true
[Driver Activity Monitor] Driver1 Metro Taxi:
  - Location Update: Never
  - Status Update: 2025-10-18T09:55:35.663Z
  - Preferences Location: Never
  - User Updated: Sat Oct 18 2025 12:55:35 GMT+0300 (Arabian Standard Time)
  - Last Activity: 2025-10-18T09:55:35.665Z
  - Inactive: true
[Driver Activity Monitor] Driver3 Metro Taxi:
  - Location Update: Never
  - Status Update: 2025-10-18T09:55:35.663Z
  - Preferences Location: Never
  - User Updated: Sat Oct 18 2025 12:55:35 GMT+0300 (Arabian Standard Time)
  - Last Activity: 2025-10-18T09:55:35.665Z
  - Inactive: true
[Driver Activity Monitor] Driver3 City Cabs:
  - Location Update: Never
  - Status Update: 2025-10-22T11:00:39.313Z
  - Preferences Location: Never
  - User Updated: Fri Oct 24 2025 19:30:17 GMT+0300 (Arabian Standard Time)
  - Last Activity: 2025-10-24T16:30:17.836Z
  - Inactive: true
[Driver Activity Monitor] Driver1 City Cabs:
  - Location Update: 2025-10-28T09:15:27.605Z
  - Status Update: 2025-10-28T09:15:29.691Z
  - Preferences Location: Never
  - User Updated: Tue Oct 28 2025 12:15:30 GMT+0300 (Arabian Standard Time)
  - Last Activity: 2025-10-28T09:15:30.262Z
  - Inactive: true
[Driver Activity Monitor] Driver2 City Cabs:
  - Location Update: Never
  - Status Update: 2025-10-18T09:55:35.663Z
  - Preferences Location: Never
  - User Updated: Sat Oct 18 2025 12:55:35 GMT+0300 (Arabian Standard Time)
  - Last Activity: 2025-10-18T09:55:35.665Z
  - Inactive: true
[Driver Activity Monitor] Found 9 inactive drivers
[Driver Activity Monitor] Processing driver cmgt7lmye001imxarbrwufab7 (Driver3 Quick Ride)
  - Last location update: Never
  - Active jobs: 0
  - Active shifts: 0
  - Current shift status: OFFLINE
  ✓ Emitted driver:status:changed for driver cmgt7lmye001imxarbrwufab7
[Driver Activity Monitor] Processing driver cmgt7lmww001emxarm6fiocom (Driver2 Quick Ride)
  - Last location update: Never
  - Active jobs: 0
  - Active shifts: 0
  - Current shift status: OFFLINE
  ✓ Emitted driver:status:changed for driver cmgt7lmww001emxarm6fiocom
[Driver Activity Monitor] Processing driver cmgt7lmns000qmxarybo79dix (Driver2 Metro Taxi)
  - Last location update: Never
  - Active jobs: 0
  - Active shifts: 0
  - Current shift status: OFFLINE
  ✓ Emitted driver:status:changed for driver cmgt7lmns000qmxarybo79dix
[Driver Activity Monitor] Processing driver cmgt7lmva001amxargvvis3qo (Driver1 Quick Ride)
  - Last location update: Never
  - Active jobs: 0
  - Active shifts: 0
  - Current shift status: OFFLINE
  ✓ Emitted driver:status:changed for driver cmgt7lmva001amxargvvis3qo
[Driver Activity Monitor] Processing driver cmgt7lmm7000mmxarb23yrhm4 (Driver1 Metro Taxi)
  - Last location update: Never
  - Active jobs: 0
  - Active shifts: 0
  - Current shift status: OFFLINE
  ✓ Emitted driver:status:changed for driver cmgt7lmm7000mmxarb23yrhm4
[Driver Activity Monitor] Processing driver cmgt7lmpa000umxaro9mk6xmc (Driver3 Metro Taxi)
  - Last location update: Never
  - Active jobs: 0
  - Active shifts: 0
  - Current shift status: OFFLINE
  ✓ Emitted driver:status:changed for driver cmgt7lmpa000umxaro9mk6xmc
[Driver Activity Monitor] Processing driver cmgt7lmts0016mxar09d3mqpx (Driver3 City Cabs)
  - Last location update: Never
  - Active jobs: 0
  - Active shifts: 0
  - Current shift status: OFFLINE
  ✓ Emitted driver:status:changed for driver cmgt7lmts0016mxar09d3mqpx
[Driver Activity Monitor] Processing driver cmgt7lmqs000ymxarz2f1edxx (Driver1 City Cabs)
  - Last location update: 2025-10-28T09:15:27.605Z
  - Active jobs: 0
  - Active shifts: 0
  - Current shift status: OFFLINE
  ✓ Emitted driver:status:changed for driver cmgt7lmqs000ymxarz2f1edxx
[Driver Activity Monitor] Processing driver cmgt7lms90012mxare5ugbirp (Driver2 City Cabs)
  - Last location update: Never
  - Active jobs: 0
  - Active shifts: 0
  - Current shift status: OFFLINE
  ✓ Emitted driver:status:changed for driver cmgt7lms90012mxare5ugbirp
[Driver Activity Monitor] Processed 9 inactive drivers
[Cron - Driver Activity] Processed inactive drivers: {
  count: 9,
  drivers: [
    {
      id: 'cmgt7lmye001imxarbrwufab7',
      name: 'Driver3 Quick Ride',
      unassignedJobs: 0
    },
    {
      id: 'cmgt7lmww001emxarm6fiocom',
      name: 'Driver2 Quick Ride',
      unassignedJobs: 0
    },
    {
      id: 'cmgt7lmns000qmxarybo79dix',
      name: 'Driver2 Metro Taxi',
      unassignedJobs: 0
    },
    {
      id: 'cmgt7lmva001amxargvvis3qo',
      name: 'Driver1 Quick Ride',
      unassignedJobs: 0
    },
    {
      id: 'cmgt7lmm7000mmxarb23yrhm4',
      name: 'Driver1 Metro Taxi',
      unassignedJobs: 0
    },
    {
      id: 'cmgt7lmpa000umxaro9mk6xmc',
      name: 'Driver3 Metro Taxi',
      unassignedJobs: 0
    },
    {
      id: 'cmgt7lmts0016mxar09d3mqpx',
      name: 'Driver3 City Cabs',
      unassignedJobs: 0
    },
    {
      id: 'cmgt7lmqs000ymxarz2f1edxx',
      name: 'Driver1 City Cabs',
      unassignedJobs: 0
    },
    {
      id: 'cmgt7lms90012mxare5ugbirp',
      name: 'Driver2 City Cabs',
      unassignedJobs: 0
    }
  ]
}
[Driver Activity Monitor] Checking driver activity at 2025-10-28T09:29:00.006Z
[Driver Activity Monitor] Threshold: 2025-10-28T09:19:00.006Z
[Driver Activity Monitor] Found 9 total active drivers
[Driver Activity Monitor] Driver3 Quick Ride:
  - Location Update: Never
  - Status Update: 2025-10-18T09:55:35.663Z
  - Preferences Location: Never
  - User Updated: Sat Oct 18 2025 12:55:35 GMT+0300 (Arabian Standard Time)
  - Last Activity: 2025-10-18T09:55:35.665Z
  - Inactive: true
[Driver Activity Monitor] Driver2 Quick Ride:
  - Location Update: Never
  - Status Update: 2025-10-18T09:55:35.663Z
  - Preferences Location: Never
  - User Updated: Sat Oct 18 2025 12:55:35 GMT+0300 (Arabian Standard Time)
  - Last Activity: 2025-10-18T09:55:35.665Z
  - Inactive: true
[Driver Activity Monitor] Driver2 Metro Taxi:
  - Location Update: Never
  - Status Update: 2025-10-18T09:55:35.663Z
  - Preferences Location: Never
  - User Updated: Sat Oct 18 2025 12:55:35 GMT+0300 (Arabian Standard Time)
  - Last Activity: 2025-10-18T09:55:35.665Z
  - Inactive: true
[Driver Activity Monitor] Driver1 Quick Ride:
  - Location Update: Never
  - Status Update: 2025-10-18T09:55:35.663Z
  - Preferences Location: Never
  - User Updated: Sat Oct 18 2025 12:55:35 GMT+0300 (Arabian Standard Time)
  - Last Activity: 2025-10-18T09:55:35.665Z
  - Inactive: true
[Driver Activity Monitor] Driver1 Metro Taxi:
  - Location Update: Never
  - Status Update: 2025-10-18T09:55:35.663Z
  - Preferences Location: Never
  - User Updated: Sat Oct 18 2025 12:55:35 GMT+0300 (Arabian Standard Time)
  - Last Activity: 2025-10-18T09:55:35.665Z
  - Inactive: true
[Driver Activity Monitor] Driver3 Metro Taxi:
  - Location Update: Never
  - Status Update: 2025-10-18T09:55:35.663Z
  - Preferences Location: Never
  - User Updated: Sat Oct 18 2025 12:55:35 GMT+0300 (Arabian Standard Time)
  - Last Activity: 2025-10-18T09:55:35.665Z
  - Inactive: true
[Driver Activity Monitor] Driver3 City Cabs:
  - Location Update: Never
  - Status Update: 2025-10-22T11:00:39.313Z
  - Preferences Location: Never
  - User Updated: Fri Oct 24 2025 19:30:17 GMT+0300 (Arabian Standard Time)
  - Last Activity: 2025-10-24T16:30:17.836Z
  - Inactive: true
[Driver Activity Monitor] Driver1 City Cabs:
  - Location Update: 2025-10-28T09:15:27.605Z
  - Status Update: 2025-10-28T09:15:29.691Z
  - Preferences Location: Never
  - User Updated: Tue Oct 28 2025 12:15:30 GMT+0300 (Arabian Standard Time)
  - Last Activity: 2025-10-28T09:15:30.262Z
  - Inactive: true
[Driver Activity Monitor] Driver2 City Cabs:
  - Location Update: Never
  - Status Update: 2025-10-18T09:55:35.663Z
  - Preferences Location: Never
  - User Updated: Sat Oct 18 2025 12:55:35 GMT+0300 (Arabian Standard Time)
  - Last Activity: 2025-10-18T09:55:35.665Z
  - Inactive: true
[Driver Activity Monitor] Found 9 inactive drivers
[Driver Activity Monitor] Processing driver cmgt7lmye001imxarbrwufab7 (Driver3 Quick Ride)
  - Last location update: Never
  - Active jobs: 0
  - Active shifts: 0
  - Current shift status: OFFLINE
  ✓ Emitted driver:status:changed for driver cmgt7lmye001imxarbrwufab7
[Driver Activity Monitor] Processing driver cmgt7lmww001emxarm6fiocom (Driver2 Quick Ride)
  - Last location update: Never
  - Active jobs: 0
  - Active shifts: 0
  - Current shift status: OFFLINE
  ✓ Emitted driver:status:changed for driver cmgt7lmww001emxarm6fiocom
[Driver Activity Monitor] Processing driver cmgt7lmns000qmxarybo79dix (Driver2 Metro Taxi)
  - Last location update: Never
  - Active jobs: 0
  - Active shifts: 0
  - Current shift status: OFFLINE
  ✓ Emitted driver:status:changed for driver cmgt7lmns000qmxarybo79dix
[Driver Activity Monitor] Processing driver cmgt7lmva001amxargvvis3qo (Driver1 Quick Ride)
  - Last location update: Never
  - Active jobs: 0
  - Active shifts: 0
  - Current shift status: OFFLINE
  ✓ Emitted driver:status:changed for driver cmgt7lmva001amxargvvis3qo
[Driver Activity Monitor] Processing driver cmgt7lmm7000mmxarb23yrhm4 (Driver1 Metro Taxi)
  - Last location update: Never
  - Active jobs: 0
  - Active shifts: 0
  - Current shift status: OFFLINE
  ✓ Emitted driver:status:changed for driver cmgt7lmm7000mmxarb23yrhm4
[Driver Activity Monitor] Processing driver cmgt7lmpa000umxaro9mk6xmc (Driver3 Metro Taxi)
  - Last location update: Never
  - Active jobs: 0
  - Active shifts: 0
  - Current shift status: OFFLINE
  ✓ Emitted driver:status:changed for driver cmgt7lmpa000umxaro9mk6xmc
[Driver Activity Monitor] Processing driver cmgt7lmts0016mxar09d3mqpx (Driver3 City Cabs)
  - Last location update: Never
  - Active jobs: 0
  - Active shifts: 0
  - Current shift status: OFFLINE
  ✓ Emitted driver:status:changed for driver cmgt7lmts0016mxar09d3mqpx
[Driver Activity Monitor] Processing driver cmgt7lmqs000ymxarz2f1edxx (Driver1 City Cabs)
  - Last location update: 2025-10-28T09:15:27.605Z
  - Active jobs: 0
  - Active shifts: 0
  - Current shift status: OFFLINE
  ✓ Emitted driver:status:changed for driver cmgt7lmqs000ymxarz2f1edxx
[Driver Activity Monitor] Processing driver cmgt7lms90012mxare5ugbirp (Driver2 City Cabs)
  - Last location update: Never
  - Active jobs: 0
  - Active shifts: 0
  - Current shift status: OFFLINE
  ✓ Emitted driver:status:changed for driver cmgt7lms90012mxare5ugbirp
[Driver Activity Monitor] Processed 9 inactive drivers
[Cron - Driver Activity] Processed inactive drivers: {
  count: 9,
  drivers: [
    {
      id: 'cmgt7lmye001imxarbrwufab7',
      name: 'Driver3 Quick Ride',
      unassignedJobs: 0
    },
    {
      id: 'cmgt7lmww001emxarm6fiocom',
      name: 'Driver2 Quick Ride',
      unassignedJobs: 0
    },
    {
      id: 'cmgt7lmns000qmxarybo79dix',
      name: 'Driver2 Metro Taxi',
      unassignedJobs: 0
    },
    {
      id: 'cmgt7lmva001amxargvvis3qo',
      name: 'Driver1 Quick Ride',
      unassignedJobs: 0
    },
    {
      id: 'cmgt7lmm7000mmxarb23yrhm4',
      name: 'Driver1 Metro Taxi',
      unassignedJobs: 0
    },
    {
      id: 'cmgt7lmpa000umxaro9mk6xmc',
      name: 'Driver3 Metro Taxi',
      unassignedJobs: 0
    },
    {
      id: 'cmgt7lmts0016mxar09d3mqpx',
      name: 'Driver3 City Cabs',
      unassignedJobs: 0
    },
    {
      id: 'cmgt7lmqs000ymxarz2f1edxx',
      name: 'Driver1 City Cabs',
      unassignedJobs: 0
    },
    {
      id: 'cmgt7lms90012mxare5ugbirp',
      name: 'Driver2 City Cabs',
      unassignedJobs: 0
    }
  ]
}
[Driver Activity Monitor] Checking driver activity at 2025-10-28T09:30:00.010Z
[Driver Activity Monitor] Threshold: 2025-10-28T09:20:00.010Z
[Driver Activity Monitor] Found 9 total active drivers
[Driver Activity Monitor] Driver3 Quick Ride:
  - Location Update: Never
  - Status Update: 2025-10-18T09:55:35.663Z
  - Preferences Location: Never
  - User Updated: Sat Oct 18 2025 12:55:35 GMT+0300 (Arabian Standard Time)
  - Last Activity: 2025-10-18T09:55:35.665Z
  - Inactive: true
[Driver Activity Monitor] Driver2 Quick Ride:
  - Location Update: Never
  - Status Update: 2025-10-18T09:55:35.663Z
  - Preferences Location: Never
  - User Updated: Sat Oct 18 2025 12:55:35 GMT+0300 (Arabian Standard Time)
  - Last Activity: 2025-10-18T09:55:35.665Z
  - Inactive: true
[Driver Activity Monitor] Driver2 Metro Taxi:
  - Location Update: Never
  - Status Update: 2025-10-18T09:55:35.663Z
  - Preferences Location: Never
  - User Updated: Sat Oct 18 2025 12:55:35 GMT+0300 (Arabian Standard Time)
  - Last Activity: 2025-10-18T09:55:35.665Z
  - Inactive: true
[Driver Activity Monitor] Driver1 Quick Ride:
  - Location Update: Never
  - Status Update: 2025-10-18T09:55:35.663Z
  - Preferences Location: Never
  - User Updated: Sat Oct 18 2025 12:55:35 GMT+0300 (Arabian Standard Time)
  - Last Activity: 2025-10-18T09:55:35.665Z
  - Inactive: true
[Driver Activity Monitor] Driver1 Metro Taxi:
  - Location Update: Never
  - Status Update: 2025-10-18T09:55:35.663Z
  - Preferences Location: Never
  - User Updated: Sat Oct 18 2025 12:55:35 GMT+0300 (Arabian Standard Time)
  - Last Activity: 2025-10-18T09:55:35.665Z
  - Inactive: true
[Driver Activity Monitor] Driver3 Metro Taxi:
  - Location Update: Never
  - Status Update: 2025-10-18T09:55:35.663Z
  - Preferences Location: Never
  - User Updated: Sat Oct 18 2025 12:55:35 GMT+0300 (Arabian Standard Time)
  - Last Activity: 2025-10-18T09:55:35.665Z
  - Inactive: true
[Driver Activity Monitor] Driver3 City Cabs:
  - Location Update: Never
  - Status Update: 2025-10-22T11:00:39.313Z
  - Preferences Location: Never
  - User Updated: Fri Oct 24 2025 19:30:17 GMT+0300 (Arabian Standard Time)
  - Last Activity: 2025-10-24T16:30:17.836Z
  - Inactive: true
[Driver Activity Monitor] Driver1 City Cabs:
  - Location Update: 2025-10-28T09:15:27.605Z
  - Status Update: 2025-10-28T09:15:29.691Z
  - Preferences Location: Never
  - User Updated: Tue Oct 28 2025 12:15:30 GMT+0300 (Arabian Standard Time)
  - Last Activity: 2025-10-28T09:15:30.262Z
  - Inactive: true
[Driver Activity Monitor] Driver2 City Cabs:
  - Location Update: Never
  - Status Update: 2025-10-18T09:55:35.663Z
  - Preferences Location: Never
  - User Updated: Sat Oct 18 2025 12:55:35 GMT+0300 (Arabian Standard Time)
  - Last Activity: 2025-10-18T09:55:35.665Z
  - Inactive: true
[Driver Activity Monitor] Found 9 inactive drivers
[Driver Activity Monitor] Processing driver cmgt7lmye001imxarbrwufab7 (Driver3 Quick Ride)
  - Last location update: Never
  - Active jobs: 0
  - Active shifts: 0
  - Current shift status: OFFLINE
  ✓ Emitted driver:status:changed for driver cmgt7lmye001imxarbrwufab7
[Driver Activity Monitor] Processing driver cmgt7lmww001emxarm6fiocom (Driver2 Quick Ride)
  - Last location update: Never
  - Active jobs: 0
  - Active shifts: 0
  - Current shift status: OFFLINE
  ✓ Emitted driver:status:changed for driver cmgt7lmww001emxarm6fiocom
[Driver Activity Monitor] Processing driver cmgt7lmns000qmxarybo79dix (Driver2 Metro Taxi)
  - Last location update: Never
  - Active jobs: 0
  - Active shifts: 0
  - Current shift status: OFFLINE
  ✓ Emitted driver:status:changed for driver cmgt7lmns000qmxarybo79dix
[Driver Activity Monitor] Processing driver cmgt7lmva001amxargvvis3qo (Driver1 Quick Ride)
  - Last location update: Never
  - Active jobs: 0
  - Active shifts: 0
  - Current shift status: OFFLINE
  ✓ Emitted driver:status:changed for driver cmgt7lmva001amxargvvis3qo
[Driver Activity Monitor] Processing driver cmgt7lmm7000mmxarb23yrhm4 (Driver1 Metro Taxi)
  - Last location update: Never
  - Active jobs: 0
  - Active shifts: 0
  - Current shift status: OFFLINE
  ✓ Emitted driver:status:changed for driver cmgt7lmm7000mmxarb23yrhm4
[Driver Activity Monitor] Processing driver cmgt7lmpa000umxaro9mk6xmc (Driver3 Metro Taxi)
  - Last location update: Never
  - Active jobs: 0
  - Active shifts: 0
  - Current shift status: OFFLINE
  ✓ Emitted driver:status:changed for driver cmgt7lmpa000umxaro9mk6xmc
[Driver Activity Monitor] Processing driver cmgt7lmts0016mxar09d3mqpx (Driver3 City Cabs)
  - Last location update: Never
  - Active jobs: 0
  - Active shifts: 0
  - Current shift status: OFFLINE
  ✓ Emitted driver:status:changed for driver cmgt7lmts0016mxar09d3mqpx
[Driver Activity Monitor] Processing driver cmgt7lmqs000ymxarz2f1edxx (Driver1 City Cabs)
  - Last location update: 2025-10-28T09:15:27.605Z
  - Active jobs: 0
  - Active shifts: 0
  - Current shift status: OFFLINE
  ✓ Emitted driver:status:changed for driver cmgt7lmqs000ymxarz2f1edxx
[Driver Activity Monitor] Processing driver cmgt7lms90012mxare5ugbirp (Driver2 City Cabs)
  - Last location update: Never
  - Active jobs: 0
  - Active shifts: 0
  - Current shift status: OFFLINE
  ✓ Emitted driver:status:changed for driver cmgt7lms90012mxare5ugbirp
[Driver Activity Monitor] Processed 9 inactive drivers
[Cron - Driver Activity] Processed inactive drivers: {
  count: 9,
  drivers: [
    {
      id: 'cmgt7lmye001imxarbrwufab7',
      name: 'Driver3 Quick Ride',
      unassignedJobs: 0
    },
    {
      id: 'cmgt7lmww001emxarm6fiocom',
      name: 'Driver2 Quick Ride',
      unassignedJobs: 0
    },
    {
      id: 'cmgt7lmns000qmxarybo79dix',
      name: 'Driver2 Metro Taxi',
      unassignedJobs: 0
    },
    {
      id: 'cmgt7lmva001amxargvvis3qo',
      name: 'Driver1 Quick Ride',
      unassignedJobs: 0
    },
    {
      id: 'cmgt7lmm7000mmxarb23yrhm4',
      name: 'Driver1 Metro Taxi',
      unassignedJobs: 0
    },
    {
      id: 'cmgt7lmpa000umxaro9mk6xmc',
      name: 'Driver3 Metro Taxi',
      unassignedJobs: 0
    },
    {
      id: 'cmgt7lmts0016mxar09d3mqpx',
      name: 'Driver3 City Cabs',
      unassignedJobs: 0
    },
    {
      id: 'cmgt7lmqs000ymxarz2f1edxx',
      name: 'Driver1 City Cabs',
      unassignedJobs: 0
    },
    {
      id: 'cmgt7lms90012mxare5ugbirp',
      name: 'Driver2 City Cabs',
      unassignedJobs: 0
    }
  ]
}
Dispatcher disconnected: Tui8uc0ZuAQ6f3VlAAAD
Dispatcher connected: KxYAIxccL2SCbxakAAAL
Dispatcher KxYAIxccL2SCbxakAAAL joined dispatch_cmgt7lmip0005mxarxkkjup1p
Dispatcher joined company room: company_cmgt7lmip0005mxarxkkjup1p
Dispatcher disconnected: KxYAIxccL2SCbxakAAAL
Dispatcher connected: NIYh0tuPtKZ-HkanAAAN
Dispatcher NIYh0tuPtKZ-HkanAAAN joined dispatch_cmgt7lmip0005mxarxkkjup1p
Dispatcher joined company room: company_cmgt7lmip0005mxarxkkjup1p
[Driver Activity Monitor] Checking driver activity at 2025-10-28T09:31:00.005Z
[Driver Activity Monitor] Threshold: 2025-10-28T09:21:00.005Z
[Driver Activity Monitor] Found 9 total active drivers
[Driver Activity Monitor] Driver3 Quick Ride:
  - Location Update: Never
  - Status Update: 2025-10-18T09:55:35.663Z
  - Preferences Location: Never
  - User Updated: Sat Oct 18 2025 12:55:35 GMT+0300 (Arabian Standard Time)
  - Last Activity: 2025-10-18T09:55:35.665Z
  - Inactive: true
[Driver Activity Monitor] Driver2 Quick Ride:
  - Location Update: Never
  - Status Update: 2025-10-18T09:55:35.663Z
  - Preferences Location: Never
  - User Updated: Sat Oct 18 2025 12:55:35 GMT+0300 (Arabian Standard Time)
  - Last Activity: 2025-10-18T09:55:35.665Z
  - Inactive: true
[Driver Activity Monitor] Driver2 Metro Taxi:
  - Location Update: Never
  - Status Update: 2025-10-18T09:55:35.663Z
  - Preferences Location: Never
  - User Updated: Sat Oct 18 2025 12:55:35 GMT+0300 (Arabian Standard Time)
  - Last Activity: 2025-10-18T09:55:35.665Z
  - Inactive: true
[Driver Activity Monitor] Driver1 Quick Ride:
  - Location Update: Never
  - Status Update: 2025-10-18T09:55:35.663Z
  - Preferences Location: Never
  - User Updated: Sat Oct 18 2025 12:55:35 GMT+0300 (Arabian Standard Time)
  - Last Activity: 2025-10-18T09:55:35.665Z
  - Inactive: true
[Driver Activity Monitor] Driver1 Metro Taxi:
  - Location Update: Never
  - Status Update: 2025-10-18T09:55:35.663Z
  - Preferences Location: Never
  - User Updated: Sat Oct 18 2025 12:55:35 GMT+0300 (Arabian Standard Time)
  - Last Activity: 2025-10-18T09:55:35.665Z
  - Inactive: true
[Driver Activity Monitor] Driver3 Metro Taxi:
  - Location Update: Never
  - Status Update: 2025-10-18T09:55:35.663Z
  - Preferences Location: Never
  - User Updated: Sat Oct 18 2025 12:55:35 GMT+0300 (Arabian Standard Time)
  - Last Activity: 2025-10-18T09:55:35.665Z
  - Inactive: true
[Driver Activity Monitor] Driver3 City Cabs:
  - Location Update: Never
  - Status Update: 2025-10-22T11:00:39.313Z
  - Preferences Location: Never
  - User Updated: Fri Oct 24 2025 19:30:17 GMT+0300 (Arabian Standard Time)
  - Last Activity: 2025-10-24T16:30:17.836Z
  - Inactive: true
[Driver Activity Monitor] Driver1 City Cabs:
  - Location Update: 2025-10-28T09:15:27.605Z
  - Status Update: 2025-10-28T09:15:29.691Z
  - Preferences Location: Never
  - User Updated: Tue Oct 28 2025 12:15:30 GMT+0300 (Arabian Standard Time)
  - Last Activity: 2025-10-28T09:15:30.262Z
  - Inactive: true
[Driver Activity Monitor] Driver2 City Cabs:
  - Location Update: Never
  - Status Update: 2025-10-18T09:55:35.663Z
  - Preferences Location: Never
  - User Updated: Sat Oct 18 2025 12:55:35 GMT+0300 (Arabian Standard Time)
  - Last Activity: 2025-10-18T09:55:35.665Z
  - Inactive: true
[Driver Activity Monitor] Found 9 inactive drivers
[Driver Activity Monitor] Processing driver cmgt7lmye001imxarbrwufab7 (Driver3 Quick Ride)
  - Last location update: Never
  - Active jobs: 0
  - Active shifts: 0
  - Current shift status: OFFLINE
  ✓ Emitted driver:status:changed for driver cmgt7lmye001imxarbrwufab7
[Driver Activity Monitor] Processing driver cmgt7lmww001emxarm6fiocom (Driver2 Quick Ride)
  - Last location update: Never
  - Active jobs: 0
  - Active shifts: 0
  - Current shift status: OFFLINE
  ✓ Emitted driver:status:changed for driver cmgt7lmww001emxarm6fiocom
[Driver Activity Monitor] Processing driver cmgt7lmns000qmxarybo79dix (Driver2 Metro Taxi)
  - Last location update: Never
  - Active jobs: 0
  - Active shifts: 0
  - Current shift status: OFFLINE
  ✓ Emitted driver:status:changed for driver cmgt7lmns000qmxarybo79dix
[Driver Activity Monitor] Processing driver cmgt7lmva001amxargvvis3qo (Driver1 Quick Ride)
  - Last location update: Never
  - Active jobs: 0
  - Active shifts: 0
  - Current shift status: OFFLINE
  ✓ Emitted driver:status:changed for driver cmgt7lmva001amxargvvis3qo
[Driver Activity Monitor] Processing driver cmgt7lmm7000mmxarb23yrhm4 (Driver1 Metro Taxi)
  - Last location update: Never
  - Active jobs: 0
  - Active shifts: 0
  - Current shift status: OFFLINE
  ✓ Emitted driver:status:changed for driver cmgt7lmm7000mmxarb23yrhm4
[Driver Activity Monitor] Processing driver cmgt7lmpa000umxaro9mk6xmc (Driver3 Metro Taxi)
  - Last location update: Never
  - Active jobs: 0
  - Active shifts: 0
  - Current shift status: OFFLINE
  ✓ Emitted driver:status:changed for driver cmgt7lmpa000umxaro9mk6xmc
[Driver Activity Monitor] Processing driver cmgt7lmts0016mxar09d3mqpx (Driver3 City Cabs)
  - Last location update: Never
  - Active jobs: 0
  - Active shifts: 0
  - Current shift status: OFFLINE
  ✓ Emitted driver:status:changed for driver cmgt7lmts0016mxar09d3mqpx
[Driver Activity Monitor] Processing driver cmgt7lmqs000ymxarz2f1edxx (Driver1 City Cabs)
  - Last location update: 2025-10-28T09:15:27.605Z
  - Active jobs: 0
  - Active shifts: 0
  - Current shift status: OFFLINE
  ✓ Emitted driver:status:changed for driver cmgt7lmqs000ymxarz2f1edxx
[Driver Activity Monitor] Processing driver cmgt7lms90012mxare5ugbirp (Driver2 City Cabs)
  - Last location update: Never
  - Active jobs: 0
  - Active shifts: 0
  - Current shift status: OFFLINE
  ✓ Emitted driver:status:changed for driver cmgt7lms90012mxare5ugbirp
[Driver Activity Monitor] Processed 9 inactive drivers
[Cron - Driver Activity] Processed inactive drivers: {
  count: 9,
  drivers: [
    {
      id: 'cmgt7lmye001imxarbrwufab7',
      name: 'Driver3 Quick Ride',
      unassignedJobs: 0
    },
    {
      id: 'cmgt7lmww001emxarm6fiocom',
      name: 'Driver2 Quick Ride',
      unassignedJobs: 0
    },
    {
      id: 'cmgt7lmns000qmxarybo79dix',
      name: 'Driver2 Metro Taxi',
      unassignedJobs: 0
    },
    {
      id: 'cmgt7lmva001amxargvvis3qo',
      name: 'Driver1 Quick Ride',
      unassignedJobs: 0
    },
    {
      id: 'cmgt7lmm7000mmxarb23yrhm4',
      name: 'Driver1 Metro Taxi',
      unassignedJobs: 0
    },
    {
      id: 'cmgt7lmpa000umxaro9mk6xmc',
      name: 'Driver3 Metro Taxi',
      unassignedJobs: 0
    },
    {
      id: 'cmgt7lmts0016mxar09d3mqpx',
      name: 'Driver3 City Cabs',
      unassignedJobs: 0
    },
    {
      id: 'cmgt7lmqs000ymxarz2f1edxx',
      name: 'Driver1 City Cabs',
      unassignedJobs: 0
    },
    {
      id: 'cmgt7lms90012mxare5ugbirp',
      name: 'Driver2 City Cabs',
      unassignedJobs: 0
    }
  ]
}
🕐 [UPDATE JOB] Scheduling parameters: {
  scheduledFor: '2025-10-29T00:40:00.000Z',
  scheduledForType: 'string',
  scheduledTime: '2025-10-29T00:40:00.000Z',
  scheduledTimeType: 'string',
  willSetScheduledAt: true,
  scheduledForValue: '2025-10-29T00:40:00.000Z'
}
🕐 [UPDATE JOB] Set scheduled time: 2025-10-29T00:40:00.000Z
🕐 [UPDATE JOB] Scheduling parameters: {
  scheduledFor: '2025-10-29T00:40:00.000Z',
  scheduledForType: 'string',
  scheduledTime: '2025-10-29T00:40:00.000Z',
  scheduledTimeType: 'string',
  willSetScheduledAt: true,
  scheduledForValue: '2025-10-29T00:40:00.000Z'
}
🕐 [UPDATE JOB] Set scheduled time: 2025-10-29T00:40:00.000Z
🕐 [UPDATE JOB] Scheduling parameters: {
  scheduledFor: '2025-10-29T00:40:00.000Z',
  scheduledForType: 'string',
  scheduledTime: '2025-10-29T00:40:00.000Z',
  scheduledTimeType: 'string',
  willSetScheduledAt: true,
  scheduledForValue: '2025-10-29T00:40:00.000Z'
}
🕐 [UPDATE JOB] Set scheduled time: 2025-10-29T00:40:00.000Z
🕐 [UPDATE JOB] Scheduling parameters: {
  scheduledFor: '2025-10-29T00:40:00.000Z',
  scheduledForType: 'string',
  scheduledTime: '2025-10-29T00:40:00.000Z',
  scheduledTimeType: 'string',
  willSetScheduledAt: true,
  scheduledForValue: '2025-10-29T00:40:00.000Z'
}
🕐 [UPDATE JOB] Set scheduled time: 2025-10-29T00:40:00.000Z
🕐 [UPDATE JOB] Scheduling parameters: {
  scheduledFor: '2025-10-29T00:40:00.000Z',
  scheduledForType: 'string',
  scheduledTime: '2025-10-29T00:40:00.000Z',
  scheduledTimeType: 'string',
  willSetScheduledAt: true,
  scheduledForValue: '2025-10-29T00:40:00.000Z'
}
🕐 [UPDATE JOB] Set scheduled time: 2025-10-29T00:40:00.000Z
[Driver Activity Monitor] Checking driver activity at 2025-10-28T09:32:00.006Z
[Driver Activity Monitor] Threshold: 2025-10-28T09:22:00.006Z
[Driver Activity Monitor] Found 9 total active drivers
[Driver Activity Monitor] Driver3 Quick Ride:
  - Location Update: Never
  - Status Update: 2025-10-18T09:55:35.663Z
  - Preferences Location: Never
  - User Updated: Sat Oct 18 2025 12:55:35 GMT+0300 (Arabian Standard Time)
  - Last Activity: 2025-10-18T09:55:35.665Z
  - Inactive: true
[Driver Activity Monitor] Driver2 Quick Ride:
  - Location Update: Never
  - Status Update: 2025-10-18T09:55:35.663Z
  - Preferences Location: Never
  - User Updated: Sat Oct 18 2025 12:55:35 GMT+0300 (Arabian Standard Time)
  - Last Activity: 2025-10-18T09:55:35.665Z
  - Inactive: true
[Driver Activity Monitor] Driver2 Metro Taxi:
  - Location Update: Never
  - Status Update: 2025-10-18T09:55:35.663Z
  - Preferences Location: Never
  - User Updated: Sat Oct 18 2025 12:55:35 GMT+0300 (Arabian Standard Time)
  - Last Activity: 2025-10-18T09:55:35.665Z
  - Inactive: true
[Driver Activity Monitor] Driver1 Quick Ride:
  - Location Update: Never
  - Status Update: 2025-10-18T09:55:35.663Z
  - Preferences Location: Never
  - User Updated: Sat Oct 18 2025 12:55:35 GMT+0300 (Arabian Standard Time)
  - Last Activity: 2025-10-18T09:55:35.665Z
  - Inactive: true
[Driver Activity Monitor] Driver1 Metro Taxi:
  - Location Update: Never
  - Status Update: 2025-10-18T09:55:35.663Z
  - Preferences Location: Never
  - User Updated: Sat Oct 18 2025 12:55:35 GMT+0300 (Arabian Standard Time)
  - Last Activity: 2025-10-18T09:55:35.665Z
  - Inactive: true
[Driver Activity Monitor] Driver3 Metro Taxi:
  - Location Update: Never
  - Status Update: 2025-10-18T09:55:35.663Z
  - Preferences Location: Never
  - User Updated: Sat Oct 18 2025 12:55:35 GMT+0300 (Arabian Standard Time)
  - Last Activity: 2025-10-18T09:55:35.665Z
  - Inactive: true
[Driver Activity Monitor] Driver3 City Cabs:
  - Location Update: Never
  - Status Update: 2025-10-22T11:00:39.313Z
  - Preferences Location: Never
  - User Updated: Fri Oct 24 2025 19:30:17 GMT+0300 (Arabian Standard Time)
  - Last Activity: 2025-10-24T16:30:17.836Z
  - Inactive: true
[Driver Activity Monitor] Driver1 City Cabs:
  - Location Update: 2025-10-28T09:15:27.605Z
  - Status Update: 2025-10-28T09:15:29.691Z
  - Preferences Location: Never
  - User Updated: Tue Oct 28 2025 12:15:30 GMT+0300 (Arabian Standard Time)
  - Last Activity: 2025-10-28T09:15:30.262Z
  - Inactive: true
[Driver Activity Monitor] Driver2 City Cabs:
  - Location Update: Never
  - Status Update: 2025-10-18T09:55:35.663Z
  - Preferences Location: Never
  - User Updated: Sat Oct 18 2025 12:55:35 GMT+0300 (Arabian Standard Time)
  - Last Activity: 2025-10-18T09:55:35.665Z
  - Inactive: true
[Driver Activity Monitor] Found 9 inactive drivers
[Driver Activity Monitor] Processing driver cmgt7lmye001imxarbrwufab7 (Driver3 Quick Ride)
  - Last location update: Never
  - Active jobs: 0
  - Active shifts: 0
  - Current shift status: OFFLINE
  ✓ Emitted driver:status:changed for driver cmgt7lmye001imxarbrwufab7
[Driver Activity Monitor] Processing driver cmgt7lmww001emxarm6fiocom (Driver2 Quick Ride)
  - Last location update: Never
  - Active jobs: 0
  - Active shifts: 0
  - Current shift status: OFFLINE
  ✓ Emitted driver:status:changed for driver cmgt7lmww001emxarm6fiocom
[Driver Activity Monitor] Processing driver cmgt7lmns000qmxarybo79dix (Driver2 Metro Taxi)
  - Last location update: Never
  - Active jobs: 0
  - Active shifts: 0
  - Current shift status: OFFLINE
  ✓ Emitted driver:status:changed for driver cmgt7lmns000qmxarybo79dix
[Driver Activity Monitor] Processing driver cmgt7lmva001amxargvvis3qo (Driver1 Quick Ride)
  - Last location update: Never
  - Active jobs: 0
  - Active shifts: 0
  - Current shift status: OFFLINE
  ✓ Emitted driver:status:changed for driver cmgt7lmva001amxargvvis3qo
[Driver Activity Monitor] Processing driver cmgt7lmm7000mmxarb23yrhm4 (Driver1 Metro Taxi)
  - Last location update: Never
  - Active jobs: 0
  - Active shifts: 0
  - Current shift status: OFFLINE
  ✓ Emitted driver:status:changed for driver cmgt7lmm7000mmxarb23yrhm4
[Driver Activity Monitor] Processing driver cmgt7lmpa000umxaro9mk6xmc (Driver3 Metro Taxi)
  - Last location update: Never
  - Active jobs: 0
  - Active shifts: 0
  - Current shift status: OFFLINE
  ✓ Emitted driver:status:changed for driver cmgt7lmpa000umxaro9mk6xmc
[Driver Activity Monitor] Processing driver cmgt7lmts0016mxar09d3mqpx (Driver3 City Cabs)
  - Last location update: Never
  - Active jobs: 0
  - Active shifts: 0
  - Current shift status: OFFLINE
  ✓ Emitted driver:status:changed for driver cmgt7lmts0016mxar09d3mqpx
[Driver Activity Monitor] Processing driver cmgt7lmqs000ymxarz2f1edxx (Driver1 City Cabs)
  - Last location update: 2025-10-28T09:15:27.605Z
  - Active jobs: 0
  - Active shifts: 0
  - Current shift status: OFFLINE
  ✓ Emitted driver:status:changed for driver cmgt7lmqs000ymxarz2f1edxx
[Driver Activity Monitor] Processing driver cmgt7lms90012mxare5ugbirp (Driver2 City Cabs)
  - Last location update: Never
  - Active jobs: 0
  - Active shifts: 0
  - Current shift status: OFFLINE
  ✓ Emitted driver:status:changed for driver cmgt7lms90012mxare5ugbirp
[Driver Activity Monitor] Processed 9 inactive drivers
[Cron - Driver Activity] Processed inactive drivers: {
  count: 9,
  drivers: [
    {
      id: 'cmgt7lmye001imxarbrwufab7',
      name: 'Driver3 Quick Ride',
      unassignedJobs: 0
    },
    {
      id: 'cmgt7lmww001emxarm6fiocom',
      name: 'Driver2 Quick Ride',
      unassignedJobs: 0
    },
    {
      id: 'cmgt7lmns000qmxarybo79dix',
      name: 'Driver2 Metro Taxi',
      unassignedJobs: 0
    },
    {
      id: 'cmgt7lmva001amxargvvis3qo',
      name: 'Driver1 Quick Ride',
      unassignedJobs: 0
    },
    {
      id: 'cmgt7lmm7000mmxarb23yrhm4',
      name: 'Driver1 Metro Taxi',
      unassignedJobs: 0
    },
    {
      id: 'cmgt7lmpa000umxaro9mk6xmc',
      name: 'Driver3 Metro Taxi',
      unassignedJobs: 0
    },
    {
      id: 'cmgt7lmts0016mxar09d3mqpx',
      name: 'Driver3 City Cabs',
      unassignedJobs: 0
    },
    {
      id: 'cmgt7lmqs000ymxarz2f1edxx',
      name: 'Driver1 City Cabs',
      unassignedJobs: 0
    },
    {
      id: 'cmgt7lms90012mxare5ugbirp',
      name: 'Driver2 City Cabs',
      unassignedJobs: 0
    }
  ]
}
[Driver Activity Monitor] Checking driver activity at 2025-10-28T09:33:00.015Z
[Driver Activity Monitor] Threshold: 2025-10-28T09:23:00.015Z
[Driver Activity Monitor] Found 9 total active drivers
[Driver Activity Monitor] Driver3 Quick Ride:
  - Location Update: Never
  - Status Update: 2025-10-18T09:55:35.663Z
  - Preferences Location: Never
  - User Updated: Sat Oct 18 2025 12:55:35 GMT+0300 (Arabian Standard Time)
  - Last Activity: 2025-10-18T09:55:35.665Z
  - Inactive: true
[Driver Activity Monitor] Driver2 Quick Ride:
  - Location Update: Never
  - Status Update: 2025-10-18T09:55:35.663Z
  - Preferences Location: Never
  - User Updated: Sat Oct 18 2025 12:55:35 GMT+0300 (Arabian Standard Time)
  - Last Activity: 2025-10-18T09:55:35.665Z
  - Inactive: true
[Driver Activity Monitor] Driver2 Metro Taxi:
  - Location Update: Never
  - Status Update: 2025-10-18T09:55:35.663Z
  - Preferences Location: Never
  - User Updated: Sat Oct 18 2025 12:55:35 GMT+0300 (Arabian Standard Time)
  - Last Activity: 2025-10-18T09:55:35.665Z
  - Inactive: true
[Driver Activity Monitor] Driver1 Quick Ride:
  - Location Update: Never
  - Status Update: 2025-10-18T09:55:35.663Z
  - Preferences Location: Never
  - User Updated: Sat Oct 18 2025 12:55:35 GMT+0300 (Arabian Standard Time)
  - Last Activity: 2025-10-18T09:55:35.665Z
  - Inactive: true
[Driver Activity Monitor] Driver1 Metro Taxi:
  - Location Update: Never
  - Status Update: 2025-10-18T09:55:35.663Z
  - Preferences Location: Never
  - User Updated: Sat Oct 18 2025 12:55:35 GMT+0300 (Arabian Standard Time)
  - Last Activity: 2025-10-18T09:55:35.665Z
  - Inactive: true
[Driver Activity Monitor] Driver3 Metro Taxi:
  - Location Update: Never
  - Status Update: 2025-10-18T09:55:35.663Z
  - Preferences Location: Never
  - User Updated: Sat Oct 18 2025 12:55:35 GMT+0300 (Arabian Standard Time)
  - Last Activity: 2025-10-18T09:55:35.665Z
  - Inactive: true
[Driver Activity Monitor] Driver3 City Cabs:
  - Location Update: Never
  - Status Update: 2025-10-22T11:00:39.313Z
  - Preferences Location: Never
  - User Updated: Fri Oct 24 2025 19:30:17 GMT+0300 (Arabian Standard Time)
  - Last Activity: 2025-10-24T16:30:17.836Z
  - Inactive: true
[Driver Activity Monitor] Driver1 City Cabs:
  - Location Update: 2025-10-28T09:15:27.605Z
  - Status Update: 2025-10-28T09:15:29.691Z
  - Preferences Location: Never
  - User Updated: Tue Oct 28 2025 12:15:30 GMT+0300 (Arabian Standard Time)
  - Last Activity: 2025-10-28T09:15:30.262Z
  - Inactive: true
[Driver Activity Monitor] Driver2 City Cabs:
  - Location Update: Never
  - Status Update: 2025-10-18T09:55:35.663Z
  - Preferences Location: Never
  - User Updated: Sat Oct 18 2025 12:55:35 GMT+0300 (Arabian Standard Time)
  - Last Activity: 2025-10-18T09:55:35.665Z
  - Inactive: true
[Driver Activity Monitor] Found 9 inactive drivers
[Driver Activity Monitor] Processing driver cmgt7lmye001imxarbrwufab7 (Driver3 Quick Ride)
  - Last location update: Never
  - Active jobs: 0
  - Active shifts: 0
  - Current shift status: OFFLINE
  ✓ Emitted driver:status:changed for driver cmgt7lmye001imxarbrwufab7
[Driver Activity Monitor] Processing driver cmgt7lmww001emxarm6fiocom (Driver2 Quick Ride)
  - Last location update: Never
  - Active jobs: 0
  - Active shifts: 0
  - Current shift status: OFFLINE
  ✓ Emitted driver:status:changed for driver cmgt7lmww001emxarm6fiocom
[Driver Activity Monitor] Processing driver cmgt7lmns000qmxarybo79dix (Driver2 Metro Taxi)
  - Last location update: Never
  - Active jobs: 0
  - Active shifts: 0
  - Current shift status: OFFLINE
  ✓ Emitted driver:status:changed for driver cmgt7lmns000qmxarybo79dix
[Driver Activity Monitor] Processing driver cmgt7lmva001amxargvvis3qo (Driver1 Quick Ride)
  - Last location update: Never
  - Active jobs: 0
  - Active shifts: 0
  - Current shift status: OFFLINE
  ✓ Emitted driver:status:changed for driver cmgt7lmva001amxargvvis3qo
[Driver Activity Monitor] Processing driver cmgt7lmm7000mmxarb23yrhm4 (Driver1 Metro Taxi)
  - Last location update: Never
  - Active jobs: 0
  - Active shifts: 0
  - Current shift status: OFFLINE
  ✓ Emitted driver:status:changed for driver cmgt7lmm7000mmxarb23yrhm4
[Driver Activity Monitor] Processing driver cmgt7lmpa000umxaro9mk6xmc (Driver3 Metro Taxi)
  - Last location update: Never
  - Active jobs: 0
  - Active shifts: 0
  - Current shift status: OFFLINE
  ✓ Emitted driver:status:changed for driver cmgt7lmpa000umxaro9mk6xmc
[Driver Activity Monitor] Processing driver cmgt7lmts0016mxar09d3mqpx (Driver3 City Cabs)
  - Last location update: Never
  - Active jobs: 0
  - Active shifts: 0
  - Current shift status: OFFLINE
  ✓ Emitted driver:status:changed for driver cmgt7lmts0016mxar09d3mqpx
[Driver Activity Monitor] Processing driver cmgt7lmqs000ymxarz2f1edxx (Driver1 City Cabs)
  - Last location update: 2025-10-28T09:15:27.605Z
  - Active jobs: 0
  - Active shifts: 0
  - Current shift status: OFFLINE
  ✓ Emitted driver:status:changed for driver cmgt7lmqs000ymxarz2f1edxx
[Driver Activity Monitor] Processing driver cmgt7lms90012mxare5ugbirp (Driver2 City Cabs)
  - Last location update: Never
  - Active jobs: 0
  - Active shifts: 0
  - Current shift status: OFFLINE
  ✓ Emitted driver:status:changed for driver cmgt7lms90012mxare5ugbirp
[Driver Activity Monitor] Processed 9 inactive drivers
[Cron - Driver Activity] Processed inactive drivers: {
  count: 9,
  drivers: [
    {
      id: 'cmgt7lmye001imxarbrwufab7',
      name: 'Driver3 Quick Ride',
      unassignedJobs: 0
    },
    {
      id: 'cmgt7lmww001emxarm6fiocom',
      name: 'Driver2 Quick Ride',
      unassignedJobs: 0
    },
    {
      id: 'cmgt7lmns000qmxarybo79dix',
      name: 'Driver2 Metro Taxi',
      unassignedJobs: 0
    },
    {
      id: 'cmgt7lmva001amxargvvis3qo',
      name: 'Driver1 Quick Ride',
      unassignedJobs: 0
    },
    {
      id: 'cmgt7lmm7000mmxarb23yrhm4',
      name: 'Driver1 Metro Taxi',
      unassignedJobs: 0
    },
    {
      id: 'cmgt7lmpa000umxaro9mk6xmc',
      name: 'Driver3 Metro Taxi',
      unassignedJobs: 0
    },
    {
      id: 'cmgt7lmts0016mxar09d3mqpx',
      name: 'Driver3 City Cabs',
      unassignedJobs: 0
    },
    {
      id: 'cmgt7lmqs000ymxarz2f1edxx',
      name: 'Driver1 City Cabs',
      unassignedJobs: 0
    },
    {
      id: 'cmgt7lms90012mxare5ugbirp',
      name: 'Driver2 City Cabs',
      unassignedJobs: 0
    }
  ]
}
[Driver Activity Monitor] Checking driver activity at 2025-10-28T09:34:00.022Z
[Driver Activity Monitor] Threshold: 2025-10-28T09:24:00.022Z
[Driver Activity Monitor] Found 9 total active drivers
[Driver Activity Monitor] Driver3 Quick Ride:
  - Location Update: Never
  - Status Update: 2025-10-18T09:55:35.663Z
  - Preferences Location: Never
  - User Updated: Sat Oct 18 2025 12:55:35 GMT+0300 (Arabian Standard Time)
  - Last Activity: 2025-10-18T09:55:35.665Z
  - Inactive: true
[Driver Activity Monitor] Driver2 Quick Ride:
  - Location Update: Never
  - Status Update: 2025-10-18T09:55:35.663Z
  - Preferences Location: Never
  - User Updated: Sat Oct 18 2025 12:55:35 GMT+0300 (Arabian Standard Time)
  - Last Activity: 2025-10-18T09:55:35.665Z
  - Inactive: true
[Driver Activity Monitor] Driver2 Metro Taxi:
  - Location Update: Never
  - Status Update: 2025-10-18T09:55:35.663Z
  - Preferences Location: Never
  - User Updated: Sat Oct 18 2025 12:55:35 GMT+0300 (Arabian Standard Time)
  - Last Activity: 2025-10-18T09:55:35.665Z
  - Inactive: true
[Driver Activity Monitor] Driver1 Quick Ride:
  - Location Update: Never
  - Status Update: 2025-10-18T09:55:35.663Z
  - Preferences Location: Never
  - User Updated: Sat Oct 18 2025 12:55:35 GMT+0300 (Arabian Standard Time)
  - Last Activity: 2025-10-18T09:55:35.665Z
  - Inactive: true
[Driver Activity Monitor] Driver1 Metro Taxi:
  - Location Update: Never
  - Status Update: 2025-10-18T09:55:35.663Z
  - Preferences Location: Never
  - User Updated: Sat Oct 18 2025 12:55:35 GMT+0300 (Arabian Standard Time)
  - Last Activity: 2025-10-18T09:55:35.665Z
  - Inactive: true
[Driver Activity Monitor] Driver3 Metro Taxi:
  - Location Update: Never
  - Status Update: 2025-10-18T09:55:35.663Z
  - Preferences Location: Never
  - User Updated: Sat Oct 18 2025 12:55:35 GMT+0300 (Arabian Standard Time)
  - Last Activity: 2025-10-18T09:55:35.665Z
  - Inactive: true
[Driver Activity Monitor] Driver3 City Cabs:
  - Location Update: Never
  - Status Update: 2025-10-22T11:00:39.313Z
  - Preferences Location: Never
  - User Updated: Fri Oct 24 2025 19:30:17 GMT+0300 (Arabian Standard Time)
  - Last Activity: 2025-10-24T16:30:17.836Z
  - Inactive: true
[Driver Activity Monitor] Driver1 City Cabs:
  - Location Update: 2025-10-28T09:15:27.605Z
  - Status Update: 2025-10-28T09:15:29.691Z
  - Preferences Location: Never
  - User Updated: Tue Oct 28 2025 12:15:30 GMT+0300 (Arabian Standard Time)
  - Last Activity: 2025-10-28T09:15:30.262Z
  - Inactive: true
[Driver Activity Monitor] Driver2 City Cabs:
  - Location Update: Never
  - Status Update: 2025-10-18T09:55:35.663Z
  - Preferences Location: Never
  - User Updated: Sat Oct 18 2025 12:55:35 GMT+0300 (Arabian Standard Time)
  - Last Activity: 2025-10-18T09:55:35.665Z
  - Inactive: true
[Driver Activity Monitor] Found 9 inactive drivers
[Driver Activity Monitor] Processing driver cmgt7lmye001imxarbrwufab7 (Driver3 Quick Ride)
  - Last location update: Never
  - Active jobs: 0
  - Active shifts: 0
  - Current shift status: OFFLINE
  ✓ Emitted driver:status:changed for driver cmgt7lmye001imxarbrwufab7
[Driver Activity Monitor] Processing driver cmgt7lmww001emxarm6fiocom (Driver2 Quick Ride)
  - Last location update: Never
  - Active jobs: 0
  - Active shifts: 0
  - Current shift status: OFFLINE
  ✓ Emitted driver:status:changed for driver cmgt7lmww001emxarm6fiocom
[Driver Activity Monitor] Processing driver cmgt7lmns000qmxarybo79dix (Driver2 Metro Taxi)
  - Last location update: Never
  - Active jobs: 0
  - Active shifts: 0
  - Current shift status: OFFLINE
  ✓ Emitted driver:status:changed for driver cmgt7lmns000qmxarybo79dix
[Driver Activity Monitor] Processing driver cmgt7lmva001amxargvvis3qo (Driver1 Quick Ride)
  - Last location update: Never
  - Active jobs: 0
  - Active shifts: 0
  - Current shift status: OFFLINE
  ✓ Emitted driver:status:changed for driver cmgt7lmva001amxargvvis3qo
[Driver Activity Monitor] Processing driver cmgt7lmm7000mmxarb23yrhm4 (Driver1 Metro Taxi)
  - Last location update: Never
  - Active jobs: 0
  - Active shifts: 0
  - Current shift status: OFFLINE
  ✓ Emitted driver:status:changed for driver cmgt7lmm7000mmxarb23yrhm4
[Driver Activity Monitor] Processing driver cmgt7lmpa000umxaro9mk6xmc (Driver3 Metro Taxi)
  - Last location update: Never
  - Active jobs: 0
  - Active shifts: 0
  - Current shift status: OFFLINE
  ✓ Emitted driver:status:changed for driver cmgt7lmpa000umxaro9mk6xmc
[Driver Activity Monitor] Processing driver cmgt7lmts0016mxar09d3mqpx (Driver3 City Cabs)
  - Last location update: Never
  - Active jobs: 0
  - Active shifts: 0
  - Current shift status: OFFLINE
  ✓ Emitted driver:status:changed for driver cmgt7lmts0016mxar09d3mqpx
[Driver Activity Monitor] Processing driver cmgt7lmqs000ymxarz2f1edxx (Driver1 City Cabs)
  - Last location update: 2025-10-28T09:15:27.605Z
  - Active jobs: 0
  - Active shifts: 0
  - Current shift status: OFFLINE
  ✓ Emitted driver:status:changed for driver cmgt7lmqs000ymxarz2f1edxx
[Driver Activity Monitor] Processing driver cmgt7lms90012mxare5ugbirp (Driver2 City Cabs)
  - Last location update: Never
  - Active jobs: 0
  - Active shifts: 0
  - Current shift status: OFFLINE
  ✓ Emitted driver:status:changed for driver cmgt7lms90012mxare5ugbirp
[Driver Activity Monitor] Processed 9 inactive drivers
[Cron - Driver Activity] Processed inactive drivers: {
  count: 9,
  drivers: [
    {
      id: 'cmgt7lmye001imxarbrwufab7',
      name: 'Driver3 Quick Ride',
      unassignedJobs: 0
    },
    {
      id: 'cmgt7lmww001emxarm6fiocom',
      name: 'Driver2 Quick Ride',
      unassignedJobs: 0
    },
    {
      id: 'cmgt7lmns000qmxarybo79dix',
      name: 'Driver2 Metro Taxi',
      unassignedJobs: 0
    },
    {
      id: 'cmgt7lmva001amxargvvis3qo',
      name: 'Driver1 Quick Ride',
      unassignedJobs: 0
    },
    {
      id: 'cmgt7lmm7000mmxarb23yrhm4',
      name: 'Driver1 Metro Taxi',
      unassignedJobs: 0
    },
    {
      id: 'cmgt7lmpa000umxaro9mk6xmc',
      name: 'Driver3 Metro Taxi',
      unassignedJobs: 0
    },
    {
      id: 'cmgt7lmts0016mxar09d3mqpx',
      name: 'Driver3 City Cabs',
      unassignedJobs: 0
    },
    {
      id: 'cmgt7lmqs000ymxarz2f1edxx',
      name: 'Driver1 City Cabs',
      unassignedJobs: 0
    },
    {
      id: 'cmgt7lms90012mxare5ugbirp',
      name: 'Driver2 City Cabs',
      unassignedJobs: 0
    }
  ]
}
[Driver Activity Monitor] Checking driver activity at 2025-10-28T09:35:00.024Z
[Driver Activity Monitor] Threshold: 2025-10-28T09:25:00.024Z
[Driver Activity Monitor] Found 9 total active drivers
[Driver Activity Monitor] Driver3 Quick Ride:
  - Location Update: Never
  - Status Update: 2025-10-18T09:55:35.663Z
  - Preferences Location: Never
  - User Updated: Sat Oct 18 2025 12:55:35 GMT+0300 (Arabian Standard Time)
  - Last Activity: 2025-10-18T09:55:35.665Z
  - Inactive: true
[Driver Activity Monitor] Driver2 Quick Ride:
  - Location Update: Never
  - Status Update: 2025-10-18T09:55:35.663Z
  - Preferences Location: Never
  - User Updated: Sat Oct 18 2025 12:55:35 GMT+0300 (Arabian Standard Time)
  - Last Activity: 2025-10-18T09:55:35.665Z
  - Inactive: true
[Driver Activity Monitor] Driver2 Metro Taxi:
  - Location Update: Never
  - Status Update: 2025-10-18T09:55:35.663Z
  - Preferences Location: Never
  - User Updated: Sat Oct 18 2025 12:55:35 GMT+0300 (Arabian Standard Time)
  - Last Activity: 2025-10-18T09:55:35.665Z
  - Inactive: true
[Driver Activity Monitor] Driver1 Quick Ride:
  - Location Update: Never
  - Status Update: 2025-10-18T09:55:35.663Z
  - Preferences Location: Never
  - User Updated: Sat Oct 18 2025 12:55:35 GMT+0300 (Arabian Standard Time)
  - Last Activity: 2025-10-18T09:55:35.665Z
  - Inactive: true
[Driver Activity Monitor] Driver1 Metro Taxi:
  - Location Update: Never
  - Status Update: 2025-10-18T09:55:35.663Z
  - Preferences Location: Never
  - User Updated: Sat Oct 18 2025 12:55:35 GMT+0300 (Arabian Standard Time)
  - Last Activity: 2025-10-18T09:55:35.665Z
  - Inactive: true
[Driver Activity Monitor] Driver3 Metro Taxi:
  - Location Update: Never
  - Status Update: 2025-10-18T09:55:35.663Z
  - Preferences Location: Never
  - User Updated: Sat Oct 18 2025 12:55:35 GMT+0300 (Arabian Standard Time)
  - Last Activity: 2025-10-18T09:55:35.665Z
  - Inactive: true
[Driver Activity Monitor] Driver3 City Cabs:
  - Location Update: Never
  - Status Update: 2025-10-22T11:00:39.313Z
  - Preferences Location: Never
  - User Updated: Fri Oct 24 2025 19:30:17 GMT+0300 (Arabian Standard Time)
  - Last Activity: 2025-10-24T16:30:17.836Z
  - Inactive: true
[Driver Activity Monitor] Driver1 City Cabs:
  - Location Update: 2025-10-28T09:15:27.605Z
  - Status Update: 2025-10-28T09:15:29.691Z
  - Preferences Location: Never
  - User Updated: Tue Oct 28 2025 12:15:30 GMT+0300 (Arabian Standard Time)
  - Last Activity: 2025-10-28T09:15:30.262Z
  - Inactive: true
[Driver Activity Monitor] Driver2 City Cabs:
  - Location Update: Never
  - Status Update: 2025-10-18T09:55:35.663Z
  - Preferences Location: Never
  - User Updated: Sat Oct 18 2025 12:55:35 GMT+0300 (Arabian Standard Time)
  - Last Activity: 2025-10-18T09:55:35.665Z
  - Inactive: true
[Driver Activity Monitor] Found 9 inactive drivers
[Driver Activity Monitor] Processing driver cmgt7lmye001imxarbrwufab7 (Driver3 Quick Ride)
  - Last location update: Never
  - Active jobs: 0
  - Active shifts: 0
  - Current shift status: OFFLINE
  ✓ Emitted driver:status:changed for driver cmgt7lmye001imxarbrwufab7
[Driver Activity Monitor] Processing driver cmgt7lmww001emxarm6fiocom (Driver2 Quick Ride)
  - Last location update: Never
  - Active jobs: 0
  - Active shifts: 0
  - Current shift status: OFFLINE
  ✓ Emitted driver:status:changed for driver cmgt7lmww001emxarm6fiocom
[Driver Activity Monitor] Processing driver cmgt7lmns000qmxarybo79dix (Driver2 Metro Taxi)
  - Last location update: Never
  - Active jobs: 0
  - Active shifts: 0
  - Current shift status: OFFLINE
  ✓ Emitted driver:status:changed for driver cmgt7lmns000qmxarybo79dix
[Driver Activity Monitor] Processing driver cmgt7lmva001amxargvvis3qo (Driver1 Quick Ride)
  - Last location update: Never
  - Active jobs: 0
  - Active shifts: 0
  - Current shift status: OFFLINE
  ✓ Emitted driver:status:changed for driver cmgt7lmva001amxargvvis3qo
[Driver Activity Monitor] Processing driver cmgt7lmm7000mmxarb23yrhm4 (Driver1 Metro Taxi)
  - Last location update: Never
  - Active jobs: 0
  - Active shifts: 0
  - Current shift status: OFFLINE
  ✓ Emitted driver:status:changed for driver cmgt7lmm7000mmxarb23yrhm4
[Driver Activity Monitor] Processing driver cmgt7lmpa000umxaro9mk6xmc (Driver3 Metro Taxi)
  - Last location update: Never
  - Active jobs: 0
  - Active shifts: 0
  - Current shift status: OFFLINE
  ✓ Emitted driver:status:changed for driver cmgt7lmpa000umxaro9mk6xmc
[Driver Activity Monitor] Processing driver cmgt7lmts0016mxar09d3mqpx (Driver3 City Cabs)
  - Last location update: Never
  - Active jobs: 0
  - Active shifts: 0
  - Current shift status: OFFLINE
  ✓ Emitted driver:status:changed for driver cmgt7lmts0016mxar09d3mqpx
[Driver Activity Monitor] Processing driver cmgt7lmqs000ymxarz2f1edxx (Driver1 City Cabs)
  - Last location update: 2025-10-28T09:15:27.605Z
  - Active jobs: 0
  - Active shifts: 0
  - Current shift status: OFFLINE
  ✓ Emitted driver:status:changed for driver cmgt7lmqs000ymxarz2f1edxx
[Driver Activity Monitor] Processing driver cmgt7lms90012mxare5ugbirp (Driver2 City Cabs)
  - Last location update: Never
  - Active jobs: 0
  - Active shifts: 0
  - Current shift status: OFFLINE
  ✓ Emitted driver:status:changed for driver cmgt7lms90012mxare5ugbirp
[Driver Activity Monitor] Processed 9 inactive drivers
[Cron - Driver Activity] Processed inactive drivers: {
  count: 9,
  drivers: [
    {
      id: 'cmgt7lmye001imxarbrwufab7',
      name: 'Driver3 Quick Ride',
      unassignedJobs: 0
    },
    {
      id: 'cmgt7lmww001emxarm6fiocom',
      name: 'Driver2 Quick Ride',
      unassignedJobs: 0
    },
    {
      id: 'cmgt7lmns000qmxarybo79dix',
      name: 'Driver2 Metro Taxi',
      unassignedJobs: 0
    },
    {
      id: 'cmgt7lmva001amxargvvis3qo',
      name: 'Driver1 Quick Ride',
      unassignedJobs: 0
    },
    {
      id: 'cmgt7lmm7000mmxarb23yrhm4',
      name: 'Driver1 Metro Taxi',
      unassignedJobs: 0
    },
    {
      id: 'cmgt7lmpa000umxaro9mk6xmc',
      name: 'Driver3 Metro Taxi',
      unassignedJobs: 0
    },
    {
      id: 'cmgt7lmts0016mxar09d3mqpx',
      name: 'Driver3 City Cabs',
      unassignedJobs: 0
    },
    {
      id: 'cmgt7lmqs000ymxarz2f1edxx',
      name: 'Driver1 City Cabs',
      unassignedJobs: 0
    },
    {
      id: 'cmgt7lms90012mxare5ugbirp',
      name: 'Driver2 City Cabs',
      unassignedJobs: 0
    }
  ]
}
[Driver Activity Monitor] Checking driver activity at 2025-10-28T09:36:00.009Z
[Driver Activity Monitor] Threshold: 2025-10-28T09:26:00.009Z
[Driver Activity Monitor] Found 9 total active drivers
[Driver Activity Monitor] Driver3 Quick Ride:
  - Location Update: Never
  - Status Update: 2025-10-18T09:55:35.663Z
  - Preferences Location: Never
  - User Updated: Sat Oct 18 2025 12:55:35 GMT+0300 (Arabian Standard Time)
  - Last Activity: 2025-10-18T09:55:35.665Z
  - Inactive: true
[Driver Activity Monitor] Driver2 Quick Ride:
  - Location Update: Never
  - Status Update: 2025-10-18T09:55:35.663Z
  - Preferences Location: Never
  - User Updated: Sat Oct 18 2025 12:55:35 GMT+0300 (Arabian Standard Time)
  - Last Activity: 2025-10-18T09:55:35.665Z
  - Inactive: true
[Driver Activity Monitor] Driver2 Metro Taxi:
  - Location Update: Never
  - Status Update: 2025-10-18T09:55:35.663Z
  - Preferences Location: Never
  - User Updated: Sat Oct 18 2025 12:55:35 GMT+0300 (Arabian Standard Time)
  - Last Activity: 2025-10-18T09:55:35.665Z
  - Inactive: true
[Driver Activity Monitor] Driver1 Quick Ride:
  - Location Update: Never
  - Status Update: 2025-10-18T09:55:35.663Z
  - Preferences Location: Never
  - User Updated: Sat Oct 18 2025 12:55:35 GMT+0300 (Arabian Standard Time)
  - Last Activity: 2025-10-18T09:55:35.665Z
  - Inactive: true
[Driver Activity Monitor] Driver1 Metro Taxi:
  - Location Update: Never
  - Status Update: 2025-10-18T09:55:35.663Z
  - Preferences Location: Never
  - User Updated: Sat Oct 18 2025 12:55:35 GMT+0300 (Arabian Standard Time)
  - Last Activity: 2025-10-18T09:55:35.665Z
  - Inactive: true
[Driver Activity Monitor] Driver3 Metro Taxi:
  - Location Update: Never
  - Status Update: 2025-10-18T09:55:35.663Z
  - Preferences Location: Never
  - User Updated: Sat Oct 18 2025 12:55:35 GMT+0300 (Arabian Standard Time)
  - Last Activity: 2025-10-18T09:55:35.665Z
  - Inactive: true
[Driver Activity Monitor] Driver3 City Cabs:
  - Location Update: Never
  - Status Update: 2025-10-22T11:00:39.313Z
  - Preferences Location: Never
  - User Updated: Fri Oct 24 2025 19:30:17 GMT+0300 (Arabian Standard Time)
  - Last Activity: 2025-10-24T16:30:17.836Z
  - Inactive: true
[Driver Activity Monitor] Driver1 City Cabs:
  - Location Update: 2025-10-28T09:15:27.605Z
  - Status Update: 2025-10-28T09:15:29.691Z
  - Preferences Location: Never
  - User Updated: Tue Oct 28 2025 12:15:30 GMT+0300 (Arabian Standard Time)
  - Last Activity: 2025-10-28T09:15:30.262Z
  - Inactive: true
[Driver Activity Monitor] Driver2 City Cabs:
  - Location Update: Never
  - Status Update: 2025-10-18T09:55:35.663Z
  - Preferences Location: Never
  - User Updated: Sat Oct 18 2025 12:55:35 GMT+0300 (Arabian Standard Time)
  - Last Activity: 2025-10-18T09:55:35.665Z
  - Inactive: true
[Driver Activity Monitor] Found 9 inactive drivers
[Driver Activity Monitor] Processing driver cmgt7lmye001imxarbrwufab7 (Driver3 Quick Ride)
  - Last location update: Never
  - Active jobs: 0
  - Active shifts: 0
  - Current shift status: OFFLINE
  ✓ Emitted driver:status:changed for driver cmgt7lmye001imxarbrwufab7
[Driver Activity Monitor] Processing driver cmgt7lmww001emxarm6fiocom (Driver2 Quick Ride)
  - Last location update: Never
  - Active jobs: 0
  - Active shifts: 0
  - Current shift status: OFFLINE
  ✓ Emitted driver:status:changed for driver cmgt7lmww001emxarm6fiocom
[Driver Activity Monitor] Processing driver cmgt7lmns000qmxarybo79dix (Driver2 Metro Taxi)
  - Last location update: Never
  - Active jobs: 0
  - Active shifts: 0
  - Current shift status: OFFLINE
  ✓ Emitted driver:status:changed for driver cmgt7lmns000qmxarybo79dix
[Driver Activity Monitor] Processing driver cmgt7lmva001amxargvvis3qo (Driver1 Quick Ride)
  - Last location update: Never
  - Active jobs: 0
  - Active shifts: 0
  - Current shift status: OFFLINE
  ✓ Emitted driver:status:changed for driver cmgt7lmva001amxargvvis3qo
[Driver Activity Monitor] Processing driver cmgt7lmm7000mmxarb23yrhm4 (Driver1 Metro Taxi)
  - Last location update: Never
  - Active jobs: 0
  - Active shifts: 0
  - Current shift status: OFFLINE
  ✓ Emitted driver:status:changed for driver cmgt7lmm7000mmxarb23yrhm4
[Driver Activity Monitor] Processing driver cmgt7lmpa000umxaro9mk6xmc (Driver3 Metro Taxi)
  - Last location update: Never
  - Active jobs: 0
  - Active shifts: 0
  - Current shift status: OFFLINE
  ✓ Emitted driver:status:changed for driver cmgt7lmpa000umxaro9mk6xmc
[Driver Activity Monitor] Processing driver cmgt7lmts0016mxar09d3mqpx (Driver3 City Cabs)
  - Last location update: Never
  - Active jobs: 0
  - Active shifts: 0
  - Current shift status: OFFLINE
  ✓ Emitted driver:status:changed for driver cmgt7lmts0016mxar09d3mqpx
[Driver Activity Monitor] Processing driver cmgt7lmqs000ymxarz2f1edxx (Driver1 City Cabs)
  - Last location update: 2025-10-28T09:15:27.605Z
  - Active jobs: 0
  - Active shifts: 0
  - Current shift status: OFFLINE
  ✓ Emitted driver:status:changed for driver cmgt7lmqs000ymxarz2f1edxx
[Driver Activity Monitor] Processing driver cmgt7lms90012mxare5ugbirp (Driver2 City Cabs)
  - Last location update: Never
  - Active jobs: 0
  - Active shifts: 0
  - Current shift status: OFFLINE
  ✓ Emitted driver:status:changed for driver cmgt7lms90012mxare5ugbirp
[Driver Activity Monitor] Processed 9 inactive drivers
[Cron - Driver Activity] Processed inactive drivers: {
  count: 9,
  drivers: [
    {
      id: 'cmgt7lmye001imxarbrwufab7',
      name: 'Driver3 Quick Ride',
      unassignedJobs: 0
    },
    {
      id: 'cmgt7lmww001emxarm6fiocom',
      name: 'Driver2 Quick Ride',
      unassignedJobs: 0
    },
    {
      id: 'cmgt7lmns000qmxarybo79dix',
      name: 'Driver2 Metro Taxi',
      unassignedJobs: 0
    },
    {
      id: 'cmgt7lmva001amxargvvis3qo',
      name: 'Driver1 Quick Ride',
      unassignedJobs: 0
    },
    {
      id: 'cmgt7lmm7000mmxarb23yrhm4',
      name: 'Driver1 Metro Taxi',
      unassignedJobs: 0
    },
    {
      id: 'cmgt7lmpa000umxaro9mk6xmc',
      name: 'Driver3 Metro Taxi',
      unassignedJobs: 0
    },
    {
      id: 'cmgt7lmts0016mxar09d3mqpx',
      name: 'Driver3 City Cabs',
      unassignedJobs: 0
    },
    {
      id: 'cmgt7lmqs000ymxarz2f1edxx',
      name: 'Driver1 City Cabs',
      unassignedJobs: 0
    },
    {
      id: 'cmgt7lms90012mxare5ugbirp',
      name: 'Driver2 City Cabs',
      unassignedJobs: 0
    }
  ]
}
🔍 Mobile API Request: POST /api/mobile/driver/shift/start
Driver shift started: cmgt7lmqs000ymxarz2f1edxx - Shift ID: cmhadh9uc000pmxpcur7jzoa5
📍 Emitted zone change to mobile driver cmgt7lmqs000ymxarz2f1edxx: { zoneId: 'cmh87ng5j00079kxcd9v0jk7k', zoneName: undefined }
✅ Queue management updated for driver cmgt7lmqs000ymxarz2f1edxx on shift start
📡 Driver online broadcasted: cmgt7lmqs000ymxarz2f1edxx (Driver1)
🔍 Mobile API Request: PUT /api/mobile/driver/shift/status
🔍 Mobile API Request: GET /api/mobile/driver/shift/current
Driver status updated: cmgt7lmqs000ymxarz2f1edxx - Status: AVAILABLE
📍 Emitted zone change to mobile driver cmgt7lmqs000ymxarz2f1edxx: { zoneId: 'cmh87ng5j00079kxcd9v0jk7k', zoneName: undefined }
✅ Queue management updated for driver cmgt7lmqs000ymxarz2f1edxx -> AVAILABLE
📡 Driver status broadcasted via socket: cmgt7lmqs000ymxarz2f1edxx (Driver1) -> AVAILABLE
   Rooms: dispatch_cmgt7lmip0005mxarxkkjup1p, company_cmgt7lmip0005mxarxkkjup1p, super_admin
👤 Driver status update: {
  driverId: 'cmgt7lmqs000ymxarz2f1edxx',
  companyId: 'cmgt7lmip0005mxarxkkjup1p',
  status: 'AVAILABLE',
  newStatus: 'AVAILABLE',
  timestamp: 1761644209985,
  reason: 'manual'
}
📍 Emitted zone change to mobile driver cmgt7lmqs000ymxarz2f1edxx: { zoneId: 'cmh87ng5j00079kxcd9v0jk7k', zoneName: undefined }
[BROADCAST STATUS] Driver: cmgt7lmqs000ymxarz2f1edxx, Status: AVAILABLE
[Socket Broadcast] Event: driver:status:update, Rooms: dispatch_cmgt7lmip0005mxarxkkjup1p, company_cmgt7lmip0005mxarxkkjup1p, super_admin, all_dispatchers
[Socket Broadcast] Event: driver:status:updated, Rooms: dispatch_cmgt7lmip0005mxarxkkjup1p, company_cmgt7lmip0005mxarxkkjup1p, super_admin, all_dispatchers
🔍 Mobile API Request: GET /api/mobile/driver/shift/current
🔍 Mobile API Request: GET /api/mobile/driver/jobs/history?limit=3&status=COMPLETED&includeEarnings=true
🔍 Mobile API Request: PUT /api/mobile/driver/shift/status
🔍 Mobile API Request: GET /api/mobile/driver/vehicles
🔍 Mobile API Request: GET /api/mobile/driver/jobs/history?limit=3&status=COMPLETED&includeEarnings=true
🔍 Mobile API Request: GET /api/mobile/driver/shift/current
Driver status updated: cmgt7lmqs000ymxarz2f1edxx - Status: AVAILABLE
📍 Emitted zone change to mobile driver cmgt7lmqs000ymxarz2f1edxx: { zoneId: 'cmh87ng5j00079kxcd9v0jk7k', zoneName: undefined }
✅ Queue management updated for driver cmgt7lmqs000ymxarz2f1edxx -> AVAILABLE
📡 Driver status broadcasted via socket: cmgt7lmqs000ymxarz2f1edxx (Driver1) -> AVAILABLE
   Rooms: dispatch_cmgt7lmip0005mxarxkkjup1p, company_cmgt7lmip0005mxarxkkjup1p, super_admin
🔍 Mobile API Request: GET /api/mobile/driver/jobs/history?limit=3&status=COMPLETED&includeEarnings=true
🔍 Mobile API Request: GET /api/mobile/driver/shift/current
👤 Driver status update: {
  driverId: 'cmgt7lmqs000ymxarz2f1edxx',
  companyId: 'cmgt7lmip0005mxarxkkjup1p',
  status: 'AVAILABLE',
  newStatus: 'AVAILABLE',
  timestamp: 1761644210265,
  reason: 'manual'
}
📍 Emitted zone change to mobile driver cmgt7lmqs000ymxarz2f1edxx: { zoneId: 'cmh87ng5j00079kxcd9v0jk7k', zoneName: undefined }
[BROADCAST STATUS] Driver: cmgt7lmqs000ymxarz2f1edxx, Status: AVAILABLE
[Socket Broadcast] Event: driver:status:update, Rooms: dispatch_cmgt7lmip0005mxarxkkjup1p, company_cmgt7lmip0005mxarxkkjup1p, super_admin, all_dispatchers
[Socket Broadcast] Event: driver:status:updated, Rooms: dispatch_cmgt7lmip0005mxarxkkjup1p, company_cmgt7lmip0005mxarxkkjup1p, super_admin, all_dispatchers
🔄 Zone cache MISS for company cmgt7lmip0005mxarxkkjup1p - fetching from DB
✅ Cached 4 zones for company cmgt7lmip0005mxarxkkjup1p
🔍 Zone detection: 3/4 candidates after bounds check
✅ Zone detected: "Iusto et distinctio" (cmh87ng5j00079kxcd9v0jk7k) in 2ms
⏳ Zone stability pending for driver cmgt7lmqs000ymxarz2f1edxx (need 3 consecutive detections)
[BROADCAST LOCATION] Driver: cmgt7lmqs000ymxarz2f1edxx, Lat: 25.2841722, Lng: 51.5289844
[Socket Broadcast] Event: driver:location:update, Rooms: dispatch_cmgt7lmip0005mxarxkkjup1p, company_cmgt7lmip0005mxarxkkjup1p, super_admin, all_dispatchers
[Socket Broadcast] Event: driverLocationUpdate, Rooms: dispatch_cmgt7lmip0005mxarxkkjup1p, company_cmgt7lmip0005mxarxkkjup1p, super_admin, all_dispatchers
[Socket Broadcast] Event: driver:location:realtime, Rooms: dispatch_cmgt7lmip0005mxarxkkjup1p, company_cmgt7lmip0005mxarxkkjup1p, super_admin, all_dispatchers
[Socket Broadcast] Event: driver:zone:changed, Rooms: dispatch_cmgt7lmip0005mxarxkkjup1p, company_cmgt7lmip0005mxarxkkjup1p, super_admin, all_dispatchers
🔍 Mobile API Request: GET /api/mobile/driver/shift/current
🔍 Mobile API Request: GET /api/mobile/driver/jobs/history?limit=3&status=COMPLETED&includeEarnings=true
🔍 Mobile API Request: GET /api/mobile/driver/shift/current
🔍 Mobile API Request: GET /api/mobile/driver/jobs/history?limit=3&status=COMPLETED&includeEarnings=true
[Driver Activity Monitor] Checking driver activity at 2025-10-28T09:37:00.007Z
[Driver Activity Monitor] Threshold: 2025-10-28T09:27:00.007Z
[Driver Activity Monitor] Found 9 total active drivers
[Driver Activity Monitor] Driver3 Quick Ride:
  - Location Update: Never
  - Status Update: 2025-10-18T09:55:35.663Z
  - Preferences Location: Never
  - User Updated: Sat Oct 18 2025 12:55:35 GMT+0300 (Arabian Standard Time)
  - Last Activity: 2025-10-18T09:55:35.665Z
  - Inactive: true
[Driver Activity Monitor] Driver2 Quick Ride:
  - Location Update: Never
  - Status Update: 2025-10-18T09:55:35.663Z
  - Preferences Location: Never
  - User Updated: Sat Oct 18 2025 12:55:35 GMT+0300 (Arabian Standard Time)
  - Last Activity: 2025-10-18T09:55:35.665Z
  - Inactive: true
[Driver Activity Monitor] Driver2 Metro Taxi:
  - Location Update: Never
  - Status Update: 2025-10-18T09:55:35.663Z
  - Preferences Location: Never
  - User Updated: Sat Oct 18 2025 12:55:35 GMT+0300 (Arabian Standard Time)
  - Last Activity: 2025-10-18T09:55:35.665Z
  - Inactive: true
[Driver Activity Monitor] Driver1 Quick Ride:
  - Location Update: Never
  - Status Update: 2025-10-18T09:55:35.663Z
  - Preferences Location: Never
  - User Updated: Sat Oct 18 2025 12:55:35 GMT+0300 (Arabian Standard Time)
  - Last Activity: 2025-10-18T09:55:35.665Z
  - Inactive: true
[Driver Activity Monitor] Driver1 Metro Taxi:
  - Location Update: Never
  - Status Update: 2025-10-18T09:55:35.663Z
  - Preferences Location: Never
  - User Updated: Sat Oct 18 2025 12:55:35 GMT+0300 (Arabian Standard Time)
  - Last Activity: 2025-10-18T09:55:35.665Z
  - Inactive: true
[Driver Activity Monitor] Driver3 Metro Taxi:
  - Location Update: Never
  - Status Update: 2025-10-18T09:55:35.663Z
  - Preferences Location: Never
  - User Updated: Sat Oct 18 2025 12:55:35 GMT+0300 (Arabian Standard Time)
  - Last Activity: 2025-10-18T09:55:35.665Z
  - Inactive: true
[Driver Activity Monitor] Driver3 City Cabs:
  - Location Update: Never
  - Status Update: 2025-10-22T11:00:39.313Z
  - Preferences Location: Never
  - User Updated: Fri Oct 24 2025 19:30:17 GMT+0300 (Arabian Standard Time)
  - Last Activity: 2025-10-24T16:30:17.836Z
  - Inactive: true
[Driver Activity Monitor] Driver1 City Cabs:
  - Location Update: 2025-10-28T09:36:52.502Z
  - Status Update: 2025-10-28T09:36:52.891Z
  - Preferences Location: Never
  - User Updated: Tue Oct 28 2025 12:36:52 GMT+0300 (Arabian Standard Time)
  - Last Activity: 2025-10-28T09:36:52.948Z
  - Inactive: false
[Driver Activity Monitor] Driver2 City Cabs:
  - Location Update: Never
  - Status Update: 2025-10-18T09:55:35.663Z
  - Preferences Location: Never
  - User Updated: Sat Oct 18 2025 12:55:35 GMT+0300 (Arabian Standard Time)
  - Last Activity: 2025-10-18T09:55:35.665Z
  - Inactive: true
[Driver Activity Monitor] Found 8 inactive drivers
[Driver Activity Monitor] Processing driver cmgt7lmye001imxarbrwufab7 (Driver3 Quick Ride)
  - Last location update: Never
  - Active jobs: 0
  - Active shifts: 0
  - Current shift status: OFFLINE
  ✓ Emitted driver:status:changed for driver cmgt7lmye001imxarbrwufab7
[Driver Activity Monitor] Processing driver cmgt7lmww001emxarm6fiocom (Driver2 Quick Ride)
  - Last location update: Never
  - Active jobs: 0
  - Active shifts: 0
  - Current shift status: OFFLINE
  ✓ Emitted driver:status:changed for driver cmgt7lmww001emxarm6fiocom
[Driver Activity Monitor] Processing driver cmgt7lmns000qmxarybo79dix (Driver2 Metro Taxi)
  - Last location update: Never
  - Active jobs: 0
  - Active shifts: 0
  - Current shift status: OFFLINE
  ✓ Emitted driver:status:changed for driver cmgt7lmns000qmxarybo79dix
[Driver Activity Monitor] Processing driver cmgt7lmva001amxargvvis3qo (Driver1 Quick Ride)
  - Last location update: Never
  - Active jobs: 0
  - Active shifts: 0
  - Current shift status: OFFLINE
  ✓ Emitted driver:status:changed for driver cmgt7lmva001amxargvvis3qo
[Driver Activity Monitor] Processing driver cmgt7lmm7000mmxarb23yrhm4 (Driver1 Metro Taxi)
  - Last location update: Never
  - Active jobs: 0
  - Active shifts: 0
  - Current shift status: OFFLINE
  ✓ Emitted driver:status:changed for driver cmgt7lmm7000mmxarb23yrhm4
[Driver Activity Monitor] Processing driver cmgt7lmpa000umxaro9mk6xmc (Driver3 Metro Taxi)
  - Last location update: Never
  - Active jobs: 0
  - Active shifts: 0
  - Current shift status: OFFLINE
  ✓ Emitted driver:status:changed for driver cmgt7lmpa000umxaro9mk6xmc
[Driver Activity Monitor] Processing driver cmgt7lmts0016mxar09d3mqpx (Driver3 City Cabs)
  - Last location update: Never
  - Active jobs: 0
  - Active shifts: 0
  - Current shift status: OFFLINE
  ✓ Emitted driver:status:changed for driver cmgt7lmts0016mxar09d3mqpx
[Driver Activity Monitor] Processing driver cmgt7lms90012mxare5ugbirp (Driver2 City Cabs)
  - Last location update: Never
  - Active jobs: 0
  - Active shifts: 0
  - Current shift status: OFFLINE
  ✓ Emitted driver:status:changed for driver cmgt7lms90012mxare5ugbirp
[Driver Activity Monitor] Processed 8 inactive drivers
[Cron - Driver Activity] Processed inactive drivers: {
  count: 8,
  drivers: [
    {
      id: 'cmgt7lmye001imxarbrwufab7',
      name: 'Driver3 Quick Ride',
      unassignedJobs: 0
    },
    {
      id: 'cmgt7lmww001emxarm6fiocom',
      name: 'Driver2 Quick Ride',
      unassignedJobs: 0
    },
    {
      id: 'cmgt7lmns000qmxarybo79dix',
      name: 'Driver2 Metro Taxi',
      unassignedJobs: 0
    },
    {
      id: 'cmgt7lmva001amxargvvis3qo',
      name: 'Driver1 Quick Ride',
      unassignedJobs: 0
    },
    {
      id: 'cmgt7lmm7000mmxarb23yrhm4',
      name: 'Driver1 Metro Taxi',
      unassignedJobs: 0
    },
    {
      id: 'cmgt7lmpa000umxaro9mk6xmc',
      name: 'Driver3 Metro Taxi',
      unassignedJobs: 0
    },
    {
      id: 'cmgt7lmts0016mxar09d3mqpx',
      name: 'Driver3 City Cabs',
      unassignedJobs: 0
    },
    {
      id: 'cmgt7lms90012mxare5ugbirp',
      name: 'Driver2 City Cabs',
      unassignedJobs: 0
    }
  ]
}
🔍 Mobile API Request: GET /api/mobile/driver/shift/current
🔍 Mobile API Request: GET /api/mobile/driver/jobs/history?limit=3&status=COMPLETED&includeEarnings=true
🔍 Mobile API Request: GET /api/mobile/driver/jobs/history?limit=3&status=COMPLETED&includeEarnings=true
🔍 Mobile API Request: GET /api/mobile/driver/shift/current
🔍 Mobile API Request: GET /api/mobile/driver/shift/current
🔍 Mobile API Request: GET /api/mobile/driver/jobs/history?limit=3&status=COMPLETED&includeEarnings=true
🔍 Mobile API Request: GET /api/mobile/driver/jobs/history?limit=3&status=COMPLETED&includeEarnings=true
🔍 Mobile API Request: GET /api/mobile/driver/shift/current
🔍 Mobile API Request: GET /api/mobile/driver/shift/current
🔍 Mobile API Request: GET /api/mobile/driver/jobs/history?limit=3&status=COMPLETED&includeEarnings=true
[Driver Activity Monitor] Checking driver activity at 2025-10-28T09:38:00.009Z
[Driver Activity Monitor] Threshold: 2025-10-28T09:28:00.009Z
[Driver Activity Monitor] Found 9 total active drivers
[Driver Activity Monitor] Driver3 Quick Ride:
  - Location Update: Never
  - Status Update: 2025-10-18T09:55:35.663Z
  - Preferences Location: Never
  - User Updated: Sat Oct 18 2025 12:55:35 GMT+0300 (Arabian Standard Time)
  - Last Activity: 2025-10-18T09:55:35.665Z
  - Inactive: true
[Driver Activity Monitor] Driver2 Quick Ride:
  - Location Update: Never
  - Status Update: 2025-10-18T09:55:35.663Z
  - Preferences Location: Never
  - User Updated: Sat Oct 18 2025 12:55:35 GMT+0300 (Arabian Standard Time)
  - Last Activity: 2025-10-18T09:55:35.665Z
  - Inactive: true
[Driver Activity Monitor] Driver2 Metro Taxi:
  - Location Update: Never
  - Status Update: 2025-10-18T09:55:35.663Z
  - Preferences Location: Never
  - User Updated: Sat Oct 18 2025 12:55:35 GMT+0300 (Arabian Standard Time)
  - Last Activity: 2025-10-18T09:55:35.665Z
  - Inactive: true
[Driver Activity Monitor] Driver1 Quick Ride:
  - Location Update: Never
  - Status Update: 2025-10-18T09:55:35.663Z
  - Preferences Location: Never
  - User Updated: Sat Oct 18 2025 12:55:35 GMT+0300 (Arabian Standard Time)
  - Last Activity: 2025-10-18T09:55:35.665Z
  - Inactive: true
[Driver Activity Monitor] Driver1 Metro Taxi:
  - Location Update: Never
  - Status Update: 2025-10-18T09:55:35.663Z
  - Preferences Location: Never
  - User Updated: Sat Oct 18 2025 12:55:35 GMT+0300 (Arabian Standard Time)
  - Last Activity: 2025-10-18T09:55:35.665Z
  - Inactive: true
[Driver Activity Monitor] Driver3 Metro Taxi:
  - Location Update: Never
  - Status Update: 2025-10-18T09:55:35.663Z
  - Preferences Location: Never
  - User Updated: Sat Oct 18 2025 12:55:35 GMT+0300 (Arabian Standard Time)
  - Last Activity: 2025-10-18T09:55:35.665Z
  - Inactive: true
[Driver Activity Monitor] Driver3 City Cabs:
  - Location Update: Never
  - Status Update: 2025-10-22T11:00:39.313Z
  - Preferences Location: Never
  - User Updated: Fri Oct 24 2025 19:30:17 GMT+0300 (Arabian Standard Time)
  - Last Activity: 2025-10-24T16:30:17.836Z
  - Inactive: true
[Driver Activity Monitor] Driver1 City Cabs:
  - Location Update: 2025-10-28T09:36:52.502Z
  - Status Update: 2025-10-28T09:36:52.891Z
  - Preferences Location: Never
  - User Updated: Tue Oct 28 2025 12:36:52 GMT+0300 (Arabian Standard Time)
  - Last Activity: 2025-10-28T09:36:52.948Z
  - Inactive: false
[Driver Activity Monitor] Driver2 City Cabs:
  - Location Update: Never
  - Status Update: 2025-10-18T09:55:35.663Z
  - Preferences Location: Never
  - User Updated: Sat Oct 18 2025 12:55:35 GMT+0300 (Arabian Standard Time)
  - Last Activity: 2025-10-18T09:55:35.665Z
  - Inactive: true
[Driver Activity Monitor] Found 8 inactive drivers
[Driver Activity Monitor] Processing driver cmgt7lmye001imxarbrwufab7 (Driver3 Quick Ride)
  - Last location update: Never
  - Active jobs: 0
  - Active shifts: 0
  - Current shift status: OFFLINE
  ✓ Emitted driver:status:changed for driver cmgt7lmye001imxarbrwufab7
[Driver Activity Monitor] Processing driver cmgt7lmww001emxarm6fiocom (Driver2 Quick Ride)
  - Last location update: Never
  - Active jobs: 0
  - Active shifts: 0
  - Current shift status: OFFLINE
  ✓ Emitted driver:status:changed for driver cmgt7lmww001emxarm6fiocom
[Driver Activity Monitor] Processing driver cmgt7lmns000qmxarybo79dix (Driver2 Metro Taxi)
  - Last location update: Never
  - Active jobs: 0
  - Active shifts: 0
  - Current shift status: OFFLINE
  ✓ Emitted driver:status:changed for driver cmgt7lmns000qmxarybo79dix
[Driver Activity Monitor] Processing driver cmgt7lmva001amxargvvis3qo (Driver1 Quick Ride)
  - Last location update: Never
  - Active jobs: 0
  - Active shifts: 0
  - Current shift status: OFFLINE
  ✓ Emitted driver:status:changed for driver cmgt7lmva001amxargvvis3qo
[Driver Activity Monitor] Processing driver cmgt7lmm7000mmxarb23yrhm4 (Driver1 Metro Taxi)
  - Last location update: Never
  - Active jobs: 0
  - Active shifts: 0
  - Current shift status: OFFLINE
  ✓ Emitted driver:status:changed for driver cmgt7lmm7000mmxarb23yrhm4
[Driver Activity Monitor] Processing driver cmgt7lmpa000umxaro9mk6xmc (Driver3 Metro Taxi)
  - Last location update: Never
  - Active jobs: 0
  - Active shifts: 0
  - Current shift status: OFFLINE
  ✓ Emitted driver:status:changed for driver cmgt7lmpa000umxaro9mk6xmc
[Driver Activity Monitor] Processing driver cmgt7lmts0016mxar09d3mqpx (Driver3 City Cabs)
  - Last location update: Never
  - Active jobs: 0
  - Active shifts: 0
  - Current shift status: OFFLINE
  ✓ Emitted driver:status:changed for driver cmgt7lmts0016mxar09d3mqpx
[Driver Activity Monitor] Processing driver cmgt7lms90012mxare5ugbirp (Driver2 City Cabs)
  - Last location update: Never
  - Active jobs: 0
  - Active shifts: 0
  - Current shift status: OFFLINE
  ✓ Emitted driver:status:changed for driver cmgt7lms90012mxare5ugbirp
[Driver Activity Monitor] Processed 8 inactive drivers
[Cron - Driver Activity] Processed inactive drivers: {
  count: 8,
  drivers: [
    {
      id: 'cmgt7lmye001imxarbrwufab7',
      name: 'Driver3 Quick Ride',
      unassignedJobs: 0
    },
    {
      id: 'cmgt7lmww001emxarm6fiocom',
      name: 'Driver2 Quick Ride',
      unassignedJobs: 0
    },
    {
      id: 'cmgt7lmns000qmxarybo79dix',
      name: 'Driver2 Metro Taxi',
      unassignedJobs: 0
    },
    {
      id: 'cmgt7lmva001amxargvvis3qo',
      name: 'Driver1 Quick Ride',
      unassignedJobs: 0
    },
    {
      id: 'cmgt7lmm7000mmxarb23yrhm4',
      name: 'Driver1 Metro Taxi',
      unassignedJobs: 0
    },
    {
      id: 'cmgt7lmpa000umxaro9mk6xmc',
      name: 'Driver3 Metro Taxi',
      unassignedJobs: 0
    },
    {
      id: 'cmgt7lmts0016mxar09d3mqpx',
      name: 'Driver3 City Cabs',
      unassignedJobs: 0
    },
    {
      id: 'cmgt7lms90012mxare5ugbirp',
      name: 'Driver2 City Cabs',
      unassignedJobs: 0
    }
  ]
}
[Driver Activity Monitor] Checking driver activity at 2025-10-28T09:39:00.006Z
[Driver Activity Monitor] Threshold: 2025-10-28T09:29:00.006Z
[Driver Activity Monitor] Found 9 total active drivers
[Driver Activity Monitor] Driver3 Quick Ride:
  - Location Update: Never
  - Status Update: 2025-10-18T09:55:35.663Z
  - Preferences Location: Never
  - User Updated: Sat Oct 18 2025 12:55:35 GMT+0300 (Arabian Standard Time)
  - Last Activity: 2025-10-18T09:55:35.665Z
  - Inactive: true
[Driver Activity Monitor] Driver2 Quick Ride:
  - Location Update: Never
  - Status Update: 2025-10-18T09:55:35.663Z
  - Preferences Location: Never
  - User Updated: Sat Oct 18 2025 12:55:35 GMT+0300 (Arabian Standard Time)
  - Last Activity: 2025-10-18T09:55:35.665Z
  - Inactive: true
[Driver Activity Monitor] Driver2 Metro Taxi:
  - Location Update: Never
  - Status Update: 2025-10-18T09:55:35.663Z
  - Preferences Location: Never
  - User Updated: Sat Oct 18 2025 12:55:35 GMT+0300 (Arabian Standard Time)
  - Last Activity: 2025-10-18T09:55:35.665Z
  - Inactive: true
[Driver Activity Monitor] Driver1 Quick Ride:
  - Location Update: Never
  - Status Update: 2025-10-18T09:55:35.663Z
  - Preferences Location: Never
  - User Updated: Sat Oct 18 2025 12:55:35 GMT+0300 (Arabian Standard Time)
  - Last Activity: 2025-10-18T09:55:35.665Z
  - Inactive: true
[Driver Activity Monitor] Driver1 Metro Taxi:
  - Location Update: Never
  - Status Update: 2025-10-18T09:55:35.663Z
  - Preferences Location: Never
  - User Updated: Sat Oct 18 2025 12:55:35 GMT+0300 (Arabian Standard Time)
  - Last Activity: 2025-10-18T09:55:35.665Z
  - Inactive: true
[Driver Activity Monitor] Driver3 Metro Taxi:
  - Location Update: Never
  - Status Update: 2025-10-18T09:55:35.663Z
  - Preferences Location: Never
  - User Updated: Sat Oct 18 2025 12:55:35 GMT+0300 (Arabian Standard Time)
  - Last Activity: 2025-10-18T09:55:35.665Z
  - Inactive: true
[Driver Activity Monitor] Driver3 City Cabs:
  - Location Update: Never
  - Status Update: 2025-10-22T11:00:39.313Z
  - Preferences Location: Never
  - User Updated: Fri Oct 24 2025 19:30:17 GMT+0300 (Arabian Standard Time)
  - Last Activity: 2025-10-24T16:30:17.836Z
  - Inactive: true
[Driver Activity Monitor] Driver1 City Cabs:
  - Location Update: 2025-10-28T09:36:52.502Z
  - Status Update: 2025-10-28T09:36:52.891Z
  - Preferences Location: Never
  - User Updated: Tue Oct 28 2025 12:36:52 GMT+0300 (Arabian Standard Time)
  - Last Activity: 2025-10-28T09:36:52.948Z
  - Inactive: false
[Driver Activity Monitor] Driver2 City Cabs:
  - Location Update: Never
  - Status Update: 2025-10-18T09:55:35.663Z
  - Preferences Location: Never
  - User Updated: Sat Oct 18 2025 12:55:35 GMT+0300 (Arabian Standard Time)
  - Last Activity: 2025-10-18T09:55:35.665Z
  - Inactive: true
[Driver Activity Monitor] Found 8 inactive drivers
[Driver Activity Monitor] Processing driver cmgt7lmye001imxarbrwufab7 (Driver3 Quick Ride)
  - Last location update: Never
  - Active jobs: 0
  - Active shifts: 0
  - Current shift status: OFFLINE
  ✓ Emitted driver:status:changed for driver cmgt7lmye001imxarbrwufab7
[Driver Activity Monitor] Processing driver cmgt7lmww001emxarm6fiocom (Driver2 Quick Ride)
  - Last location update: Never
  - Active jobs: 0
  - Active shifts: 0
  - Current shift status: OFFLINE
  ✓ Emitted driver:status:changed for driver cmgt7lmww001emxarm6fiocom
[Driver Activity Monitor] Processing driver cmgt7lmns000qmxarybo79dix (Driver2 Metro Taxi)
  - Last location update: Never
  - Active jobs: 0
  - Active shifts: 0
  - Current shift status: OFFLINE
  ✓ Emitted driver:status:changed for driver cmgt7lmns000qmxarybo79dix
[Driver Activity Monitor] Processing driver cmgt7lmva001amxargvvis3qo (Driver1 Quick Ride)
  - Last location update: Never
  - Active jobs: 0
  - Active shifts: 0
  - Current shift status: OFFLINE
  ✓ Emitted driver:status:changed for driver cmgt7lmva001amxargvvis3qo
[Driver Activity Monitor] Processing driver cmgt7lmm7000mmxarb23yrhm4 (Driver1 Metro Taxi)
  - Last location update: Never
  - Active jobs: 0
  - Active shifts: 0
  - Current shift status: OFFLINE
  ✓ Emitted driver:status:changed for driver cmgt7lmm7000mmxarb23yrhm4
[Driver Activity Monitor] Processing driver cmgt7lmpa000umxaro9mk6xmc (Driver3 Metro Taxi)
  - Last location update: Never
  - Active jobs: 0
  - Active shifts: 0
  - Current shift status: OFFLINE
  ✓ Emitted driver:status:changed for driver cmgt7lmpa000umxaro9mk6xmc
[Driver Activity Monitor] Processing driver cmgt7lmts0016mxar09d3mqpx (Driver3 City Cabs)
  - Last location update: Never
  - Active jobs: 0
  - Active shifts: 0
  - Current shift status: OFFLINE
  ✓ Emitted driver:status:changed for driver cmgt7lmts0016mxar09d3mqpx
[Driver Activity Monitor] Processing driver cmgt7lms90012mxare5ugbirp (Driver2 City Cabs)
  - Last location update: Never
  - Active jobs: 0
  - Active shifts: 0
  - Current shift status: OFFLINE
  ✓ Emitted driver:status:changed for driver cmgt7lms90012mxare5ugbirp
[Driver Activity Monitor] Processed 8 inactive drivers
[Cron - Driver Activity] Processed inactive drivers: {
  count: 8,
  drivers: [
    {
      id: 'cmgt7lmye001imxarbrwufab7',
      name: 'Driver3 Quick Ride',
      unassignedJobs: 0
    },
    {
      id: 'cmgt7lmww001emxarm6fiocom',
      name: 'Driver2 Quick Ride',
      unassignedJobs: 0
    },
    {
      id: 'cmgt7lmns000qmxarybo79dix',
      name: 'Driver2 Metro Taxi',
      unassignedJobs: 0
    },
    {
      id: 'cmgt7lmva001amxargvvis3qo',
      name: 'Driver1 Quick Ride',
      unassignedJobs: 0
    },
    {
      id: 'cmgt7lmm7000mmxarb23yrhm4',
      name: 'Driver1 Metro Taxi',
      unassignedJobs: 0
    },
    {
      id: 'cmgt7lmpa000umxaro9mk6xmc',
      name: 'Driver3 Metro Taxi',
      unassignedJobs: 0
    },
    {
      id: 'cmgt7lmts0016mxar09d3mqpx',
      name: 'Driver3 City Cabs',
      unassignedJobs: 0
    },
    {
      id: 'cmgt7lms90012mxare5ugbirp',
      name: 'Driver2 City Cabs',
      unassignedJobs: 0
    }
  ]
}
[Driver Activity Monitor] Checking driver activity at 2025-10-28T09:40:00.005Z
[Driver Activity Monitor] Threshold: 2025-10-28T09:30:00.005Z
[Driver Activity Monitor] Found 9 total active drivers
[Driver Activity Monitor] Driver3 Quick Ride:
  - Location Update: Never
  - Status Update: 2025-10-18T09:55:35.663Z
  - Preferences Location: Never
  - User Updated: Sat Oct 18 2025 12:55:35 GMT+0300 (Arabian Standard Time)
  - Last Activity: 2025-10-18T09:55:35.665Z
  - Inactive: true
[Driver Activity Monitor] Driver2 Quick Ride:
  - Location Update: Never
  - Status Update: 2025-10-18T09:55:35.663Z
  - Preferences Location: Never
  - User Updated: Sat Oct 18 2025 12:55:35 GMT+0300 (Arabian Standard Time)
  - Last Activity: 2025-10-18T09:55:35.665Z
  - Inactive: true
[Driver Activity Monitor] Driver2 Metro Taxi:
  - Location Update: Never
  - Status Update: 2025-10-18T09:55:35.663Z
  - Preferences Location: Never
  - User Updated: Sat Oct 18 2025 12:55:35 GMT+0300 (Arabian Standard Time)
  - Last Activity: 2025-10-18T09:55:35.665Z
  - Inactive: true
[Driver Activity Monitor] Driver1 Quick Ride:
  - Location Update: Never
  - Status Update: 2025-10-18T09:55:35.663Z
  - Preferences Location: Never
  - User Updated: Sat Oct 18 2025 12:55:35 GMT+0300 (Arabian Standard Time)
  - Last Activity: 2025-10-18T09:55:35.665Z
  - Inactive: true
[Driver Activity Monitor] Driver1 Metro Taxi:
  - Location Update: Never
  - Status Update: 2025-10-18T09:55:35.663Z
  - Preferences Location: Never
  - User Updated: Sat Oct 18 2025 12:55:35 GMT+0300 (Arabian Standard Time)
  - Last Activity: 2025-10-18T09:55:35.665Z
  - Inactive: true
[Driver Activity Monitor] Driver3 Metro Taxi:
  - Location Update: Never
  - Status Update: 2025-10-18T09:55:35.663Z
  - Preferences Location: Never
  - User Updated: Sat Oct 18 2025 12:55:35 GMT+0300 (Arabian Standard Time)
  - Last Activity: 2025-10-18T09:55:35.665Z
  - Inactive: true
[Driver Activity Monitor] Driver3 City Cabs:
  - Location Update: Never
  - Status Update: 2025-10-22T11:00:39.313Z
  - Preferences Location: Never
  - User Updated: Fri Oct 24 2025 19:30:17 GMT+0300 (Arabian Standard Time)
  - Last Activity: 2025-10-24T16:30:17.836Z
  - Inactive: true
[Driver Activity Monitor] Driver1 City Cabs:
  - Location Update: 2025-10-28T09:36:52.502Z
  - Status Update: 2025-10-28T09:36:52.891Z
  - Preferences Location: Never
  - User Updated: Tue Oct 28 2025 12:36:52 GMT+0300 (Arabian Standard Time)
  - Last Activity: 2025-10-28T09:36:52.948Z
  - Inactive: false
[Driver Activity Monitor] Driver2 City Cabs:
  - Location Update: Never
  - Status Update: 2025-10-18T09:55:35.663Z
  - Preferences Location: Never
  - User Updated: Sat Oct 18 2025 12:55:35 GMT+0300 (Arabian Standard Time)
  - Last Activity: 2025-10-18T09:55:35.665Z
  - Inactive: true
[Driver Activity Monitor] Found 8 inactive drivers
[Driver Activity Monitor] Processing driver cmgt7lmye001imxarbrwufab7 (Driver3 Quick Ride)
  - Last location update: Never
  - Active jobs: 0
  - Active shifts: 0
  - Current shift status: OFFLINE
  ✓ Emitted driver:status:changed for driver cmgt7lmye001imxarbrwufab7
[Driver Activity Monitor] Processing driver cmgt7lmww001emxarm6fiocom (Driver2 Quick Ride)
  - Last location update: Never
  - Active jobs: 0
  - Active shifts: 0
  - Current shift status: OFFLINE
  ✓ Emitted driver:status:changed for driver cmgt7lmww001emxarm6fiocom
[Driver Activity Monitor] Processing driver cmgt7lmns000qmxarybo79dix (Driver2 Metro Taxi)
  - Last location update: Never
  - Active jobs: 0
  - Active shifts: 0
  - Current shift status: OFFLINE
  ✓ Emitted driver:status:changed for driver cmgt7lmns000qmxarybo79dix
[Driver Activity Monitor] Processing driver cmgt7lmva001amxargvvis3qo (Driver1 Quick Ride)
  - Last location update: Never
  - Active jobs: 0
  - Active shifts: 0
  - Current shift status: OFFLINE
  ✓ Emitted driver:status:changed for driver cmgt7lmva001amxargvvis3qo
[Driver Activity Monitor] Processing driver cmgt7lmm7000mmxarb23yrhm4 (Driver1 Metro Taxi)
  - Last location update: Never
  - Active jobs: 0
  - Active shifts: 0
  - Current shift status: OFFLINE
  ✓ Emitted driver:status:changed for driver cmgt7lmm7000mmxarb23yrhm4
[Driver Activity Monitor] Processing driver cmgt7lmpa000umxaro9mk6xmc (Driver3 Metro Taxi)
  - Last location update: Never
  - Active jobs: 0
  - Active shifts: 0
  - Current shift status: OFFLINE
  ✓ Emitted driver:status:changed for driver cmgt7lmpa000umxaro9mk6xmc
[Driver Activity Monitor] Processing driver cmgt7lmts0016mxar09d3mqpx (Driver3 City Cabs)
  - Last location update: Never
  - Active jobs: 0
  - Active shifts: 0
  - Current shift status: OFFLINE
  ✓ Emitted driver:status:changed for driver cmgt7lmts0016mxar09d3mqpx
[Driver Activity Monitor] Processing driver cmgt7lms90012mxare5ugbirp (Driver2 City Cabs)
  - Last location update: Never
  - Active jobs: 0
  - Active shifts: 0
  - Current shift status: OFFLINE
  ✓ Emitted driver:status:changed for driver cmgt7lms90012mxare5ugbirp
[Driver Activity Monitor] Processed 8 inactive drivers
[Cron - Driver Activity] Processed inactive drivers: {
  count: 8,
  drivers: [
    {
      id: 'cmgt7lmye001imxarbrwufab7',
      name: 'Driver3 Quick Ride',
      unassignedJobs: 0
    },
    {
      id: 'cmgt7lmww001emxarm6fiocom',
      name: 'Driver2 Quick Ride',
      unassignedJobs: 0
    },
    {
      id: 'cmgt7lmns000qmxarybo79dix',
      name: 'Driver2 Metro Taxi',
      unassignedJobs: 0
    },
    {
      id: 'cmgt7lmva001amxargvvis3qo',
      name: 'Driver1 Quick Ride',
      unassignedJobs: 0
    },
    {
      id: 'cmgt7lmm7000mmxarb23yrhm4',
      name: 'Driver1 Metro Taxi',
      unassignedJobs: 0
    },
    {
      id: 'cmgt7lmpa000umxaro9mk6xmc',
      name: 'Driver3 Metro Taxi',
      unassignedJobs: 0
    },
    {
      id: 'cmgt7lmts0016mxar09d3mqpx',
      name: 'Driver3 City Cabs',
      unassignedJobs: 0
    },
    {
      id: 'cmgt7lms90012mxare5ugbirp',
      name: 'Driver2 City Cabs',
      unassignedJobs: 0
    }
  ]
}
[Driver Activity Monitor] Checking driver activity at 2025-10-28T09:41:00.005Z
[Driver Activity Monitor] Threshold: 2025-10-28T09:31:00.005Z
[Driver Activity Monitor] Found 9 total active drivers
[Driver Activity Monitor] Driver3 Quick Ride:
  - Location Update: Never
  - Status Update: 2025-10-18T09:55:35.663Z
  - Preferences Location: Never
  - User Updated: Sat Oct 18 2025 12:55:35 GMT+0300 (Arabian Standard Time)
  - Last Activity: 2025-10-18T09:55:35.665Z
  - Inactive: true
[Driver Activity Monitor] Driver2 Quick Ride:
  - Location Update: Never
  - Status Update: 2025-10-18T09:55:35.663Z
  - Preferences Location: Never
  - User Updated: Sat Oct 18 2025 12:55:35 GMT+0300 (Arabian Standard Time)
  - Last Activity: 2025-10-18T09:55:35.665Z
  - Inactive: true
[Driver Activity Monitor] Driver2 Metro Taxi:
  - Location Update: Never
  - Status Update: 2025-10-18T09:55:35.663Z
  - Preferences Location: Never
  - User Updated: Sat Oct 18 2025 12:55:35 GMT+0300 (Arabian Standard Time)
  - Last Activity: 2025-10-18T09:55:35.665Z
  - Inactive: true
[Driver Activity Monitor] Driver1 Quick Ride:
  - Location Update: Never
  - Status Update: 2025-10-18T09:55:35.663Z
  - Preferences Location: Never
  - User Updated: Sat Oct 18 2025 12:55:35 GMT+0300 (Arabian Standard Time)
  - Last Activity: 2025-10-18T09:55:35.665Z
  - Inactive: true
[Driver Activity Monitor] Driver1 Metro Taxi:
  - Location Update: Never
  - Status Update: 2025-10-18T09:55:35.663Z
  - Preferences Location: Never
  - User Updated: Sat Oct 18 2025 12:55:35 GMT+0300 (Arabian Standard Time)
  - Last Activity: 2025-10-18T09:55:35.665Z
  - Inactive: true
[Driver Activity Monitor] Driver3 Metro Taxi:
  - Location Update: Never
  - Status Update: 2025-10-18T09:55:35.663Z
  - Preferences Location: Never
  - User Updated: Sat Oct 18 2025 12:55:35 GMT+0300 (Arabian Standard Time)
  - Last Activity: 2025-10-18T09:55:35.665Z
  - Inactive: true
[Driver Activity Monitor] Driver3 City Cabs:
  - Location Update: Never
  - Status Update: 2025-10-22T11:00:39.313Z
  - Preferences Location: Never
  - User Updated: Fri Oct 24 2025 19:30:17 GMT+0300 (Arabian Standard Time)
  - Last Activity: 2025-10-24T16:30:17.836Z
  - Inactive: true
[Driver Activity Monitor] Driver1 City Cabs:
  - Location Update: 2025-10-28T09:36:52.502Z
  - Status Update: 2025-10-28T09:36:52.891Z
  - Preferences Location: Never
  - User Updated: Tue Oct 28 2025 12:36:52 GMT+0300 (Arabian Standard Time)
  - Last Activity: 2025-10-28T09:36:52.948Z
  - Inactive: false
[Driver Activity Monitor] Driver2 City Cabs:
  - Location Update: Never
  - Status Update: 2025-10-18T09:55:35.663Z
  - Preferences Location: Never
  - User Updated: Sat Oct 18 2025 12:55:35 GMT+0300 (Arabian Standard Time)
  - Last Activity: 2025-10-18T09:55:35.665Z
  - Inactive: true
[Driver Activity Monitor] Found 8 inactive drivers
[Driver Activity Monitor] Processing driver cmgt7lmye001imxarbrwufab7 (Driver3 Quick Ride)
  - Last location update: Never
  - Active jobs: 0
  - Active shifts: 0
  - Current shift status: OFFLINE
  ✓ Emitted driver:status:changed for driver cmgt7lmye001imxarbrwufab7
[Driver Activity Monitor] Processing driver cmgt7lmww001emxarm6fiocom (Driver2 Quick Ride)
  - Last location update: Never
  - Active jobs: 0
  - Active shifts: 0
  - Current shift status: OFFLINE
  ✓ Emitted driver:status:changed for driver cmgt7lmww001emxarm6fiocom
[Driver Activity Monitor] Processing driver cmgt7lmns000qmxarybo79dix (Driver2 Metro Taxi)
  - Last location update: Never
  - Active jobs: 0
  - Active shifts: 0
  - Current shift status: OFFLINE
  ✓ Emitted driver:status:changed for driver cmgt7lmns000qmxarybo79dix
[Driver Activity Monitor] Processing driver cmgt7lmva001amxargvvis3qo (Driver1 Quick Ride)
  - Last location update: Never
  - Active jobs: 0
  - Active shifts: 0
  - Current shift status: OFFLINE
  ✓ Emitted driver:status:changed for driver cmgt7lmva001amxargvvis3qo
[Driver Activity Monitor] Processing driver cmgt7lmm7000mmxarb23yrhm4 (Driver1 Metro Taxi)
  - Last location update: Never
  - Active jobs: 0
  - Active shifts: 0
  - Current shift status: OFFLINE
  ✓ Emitted driver:status:changed for driver cmgt7lmm7000mmxarb23yrhm4
[Driver Activity Monitor] Processing driver cmgt7lmpa000umxaro9mk6xmc (Driver3 Metro Taxi)
  - Last location update: Never
  - Active jobs: 0
  - Active shifts: 0
  - Current shift status: OFFLINE
  ✓ Emitted driver:status:changed for driver cmgt7lmpa000umxaro9mk6xmc
[Driver Activity Monitor] Processing driver cmgt7lmts0016mxar09d3mqpx (Driver3 City Cabs)
  - Last location update: Never
  - Active jobs: 0
  - Active shifts: 0
  - Current shift status: OFFLINE
  ✓ Emitted driver:status:changed for driver cmgt7lmts0016mxar09d3mqpx
[Driver Activity Monitor] Processing driver cmgt7lms90012mxare5ugbirp (Driver2 City Cabs)
  - Last location update: Never
  - Active jobs: 0
  - Active shifts: 0
  - Current shift status: OFFLINE
  ✓ Emitted driver:status:changed for driver cmgt7lms90012mxare5ugbirp
[Driver Activity Monitor] Processed 8 inactive drivers
[Cron - Driver Activity] Processed inactive drivers: {
  count: 8,
  drivers: [
    {
      id: 'cmgt7lmye001imxarbrwufab7',
      name: 'Driver3 Quick Ride',
      unassignedJobs: 0
    },
    {
      id: 'cmgt7lmww001emxarm6fiocom',
      name: 'Driver2 Quick Ride',
      unassignedJobs: 0
    },
    {
      id: 'cmgt7lmns000qmxarybo79dix',
      name: 'Driver2 Metro Taxi',
      unassignedJobs: 0
    },
    {
      id: 'cmgt7lmva001amxargvvis3qo',
      name: 'Driver1 Quick Ride',
      unassignedJobs: 0
    },
    {
      id: 'cmgt7lmm7000mmxarb23yrhm4',
      name: 'Driver1 Metro Taxi',
      unassignedJobs: 0
    },
    {
      id: 'cmgt7lmpa000umxaro9mk6xmc',
      name: 'Driver3 Metro Taxi',
      unassignedJobs: 0
    },
    {
      id: 'cmgt7lmts0016mxar09d3mqpx',
      name: 'Driver3 City Cabs',
      unassignedJobs: 0
    },
    {
      id: 'cmgt7lms90012mxare5ugbirp',
      name: 'Driver2 City Cabs',
      unassignedJobs: 0
    }
  ]
}
[Driver Activity Monitor] Checking driver activity at 2025-10-28T09:42:00.008Z
[Driver Activity Monitor] Threshold: 2025-10-28T09:32:00.008Z
[Driver Activity Monitor] Found 9 total active drivers
[Driver Activity Monitor] Driver3 Quick Ride:
  - Location Update: Never
  - Status Update: 2025-10-18T09:55:35.663Z
  - Preferences Location: Never
  - User Updated: Sat Oct 18 2025 12:55:35 GMT+0300 (Arabian Standard Time)
  - Last Activity: 2025-10-18T09:55:35.665Z
  - Inactive: true
[Driver Activity Monitor] Driver2 Quick Ride:
  - Location Update: Never
  - Status Update: 2025-10-18T09:55:35.663Z
  - Preferences Location: Never
  - User Updated: Sat Oct 18 2025 12:55:35 GMT+0300 (Arabian Standard Time)
  - Last Activity: 2025-10-18T09:55:35.665Z
  - Inactive: true
[Driver Activity Monitor] Driver2 Metro Taxi:
  - Location Update: Never
  - Status Update: 2025-10-18T09:55:35.663Z
  - Preferences Location: Never
  - User Updated: Sat Oct 18 2025 12:55:35 GMT+0300 (Arabian Standard Time)
  - Last Activity: 2025-10-18T09:55:35.665Z
  - Inactive: true
[Driver Activity Monitor] Driver1 Quick Ride:
  - Location Update: Never
  - Status Update: 2025-10-18T09:55:35.663Z
  - Preferences Location: Never
  - User Updated: Sat Oct 18 2025 12:55:35 GMT+0300 (Arabian Standard Time)
  - Last Activity: 2025-10-18T09:55:35.665Z
  - Inactive: true
[Driver Activity Monitor] Driver1 Metro Taxi:
  - Location Update: Never
  - Status Update: 2025-10-18T09:55:35.663Z
  - Preferences Location: Never
  - User Updated: Sat Oct 18 2025 12:55:35 GMT+0300 (Arabian Standard Time)
  - Last Activity: 2025-10-18T09:55:35.665Z
  - Inactive: true
[Driver Activity Monitor] Driver3 Metro Taxi:
  - Location Update: Never
  - Status Update: 2025-10-18T09:55:35.663Z
  - Preferences Location: Never
  - User Updated: Sat Oct 18 2025 12:55:35 GMT+0300 (Arabian Standard Time)
  - Last Activity: 2025-10-18T09:55:35.665Z
  - Inactive: true
[Driver Activity Monitor] Driver3 City Cabs:
  - Location Update: Never
  - Status Update: 2025-10-22T11:00:39.313Z
  - Preferences Location: Never
  - User Updated: Fri Oct 24 2025 19:30:17 GMT+0300 (Arabian Standard Time)
  - Last Activity: 2025-10-24T16:30:17.836Z
  - Inactive: true
[Driver Activity Monitor] Driver1 City Cabs:
  - Location Update: 2025-10-28T09:36:52.502Z
  - Status Update: 2025-10-28T09:36:52.891Z
  - Preferences Location: Never
  - User Updated: Tue Oct 28 2025 12:36:52 GMT+0300 (Arabian Standard Time)
  - Last Activity: 2025-10-28T09:36:52.948Z
  - Inactive: false
[Driver Activity Monitor] Driver2 City Cabs:
  - Location Update: Never
  - Status Update: 2025-10-18T09:55:35.663Z
  - Preferences Location: Never
  - User Updated: Sat Oct 18 2025 12:55:35 GMT+0300 (Arabian Standard Time)
  - Last Activity: 2025-10-18T09:55:35.665Z
  - Inactive: true
[Driver Activity Monitor] Found 8 inactive drivers
[Driver Activity Monitor] Processing driver cmgt7lmye001imxarbrwufab7 (Driver3 Quick Ride)
  - Last location update: Never
  - Active jobs: 0
  - Active shifts: 0
  - Current shift status: OFFLINE
  ✓ Emitted driver:status:changed for driver cmgt7lmye001imxarbrwufab7
[Driver Activity Monitor] Processing driver cmgt7lmww001emxarm6fiocom (Driver2 Quick Ride)
  - Last location update: Never
  - Active jobs: 0
  - Active shifts: 0
  - Current shift status: OFFLINE
  ✓ Emitted driver:status:changed for driver cmgt7lmww001emxarm6fiocom
[Driver Activity Monitor] Processing driver cmgt7lmns000qmxarybo79dix (Driver2 Metro Taxi)
  - Last location update: Never
  - Active jobs: 0
  - Active shifts: 0
  - Current shift status: OFFLINE
  ✓ Emitted driver:status:changed for driver cmgt7lmns000qmxarybo79dix
[Driver Activity Monitor] Processing driver cmgt7lmva001amxargvvis3qo (Driver1 Quick Ride)
  - Last location update: Never
  - Active jobs: 0
  - Active shifts: 0
  - Current shift status: OFFLINE
  ✓ Emitted driver:status:changed for driver cmgt7lmva001amxargvvis3qo
[Driver Activity Monitor] Processing driver cmgt7lmm7000mmxarb23yrhm4 (Driver1 Metro Taxi)
  - Last location update: Never
  - Active jobs: 0
  - Active shifts: 0
  - Current shift status: OFFLINE
  ✓ Emitted driver:status:changed for driver cmgt7lmm7000mmxarb23yrhm4
[Driver Activity Monitor] Processing driver cmgt7lmpa000umxaro9mk6xmc (Driver3 Metro Taxi)
  - Last location update: Never
  - Active jobs: 0
  - Active shifts: 0
  - Current shift status: OFFLINE
  ✓ Emitted driver:status:changed for driver cmgt7lmpa000umxaro9mk6xmc
[Driver Activity Monitor] Processing driver cmgt7lmts0016mxar09d3mqpx (Driver3 City Cabs)
  - Last location update: Never
  - Active jobs: 0
  - Active shifts: 0
  - Current shift status: OFFLINE
  ✓ Emitted driver:status:changed for driver cmgt7lmts0016mxar09d3mqpx
[Driver Activity Monitor] Processing driver cmgt7lms90012mxare5ugbirp (Driver2 City Cabs)
  - Last location update: Never
  - Active jobs: 0
  - Active shifts: 0
  - Current shift status: OFFLINE
  ✓ Emitted driver:status:changed for driver cmgt7lms90012mxare5ugbirp
[Driver Activity Monitor] Processed 8 inactive drivers
[Cron - Driver Activity] Processed inactive drivers: {
  count: 8,
  drivers: [
    {
      id: 'cmgt7lmye001imxarbrwufab7',
      name: 'Driver3 Quick Ride',
      unassignedJobs: 0
    },
    {
      id: 'cmgt7lmww001emxarm6fiocom',
      name: 'Driver2 Quick Ride',
      unassignedJobs: 0
    },
    {
      id: 'cmgt7lmns000qmxarybo79dix',
      name: 'Driver2 Metro Taxi',
      unassignedJobs: 0
    },
    {
      id: 'cmgt7lmva001amxargvvis3qo',
      name: 'Driver1 Quick Ride',
      unassignedJobs: 0
    },
    {
      id: 'cmgt7lmm7000mmxarb23yrhm4',
      name: 'Driver1 Metro Taxi',
      unassignedJobs: 0
    },
    {
      id: 'cmgt7lmpa000umxaro9mk6xmc',
      name: 'Driver3 Metro Taxi',
      unassignedJobs: 0
    },
    {
      id: 'cmgt7lmts0016mxar09d3mqpx',
      name: 'Driver3 City Cabs',
      unassignedJobs: 0
    },
    {
      id: 'cmgt7lms90012mxare5ugbirp',
      name: 'Driver2 City Cabs',
      unassignedJobs: 0
    }
  ]
}
[Driver Activity Monitor] Checking driver activity at 2025-10-28T09:43:00.067Z
[Driver Activity Monitor] Threshold: 2025-10-28T09:33:00.067Z
[Driver Activity Monitor] Found 9 total active drivers
[Driver Activity Monitor] Driver3 Quick Ride:
  - Location Update: Never
  - Status Update: 2025-10-18T09:55:35.663Z
  - Preferences Location: Never
  - User Updated: Sat Oct 18 2025 12:55:35 GMT+0300 (Arabian Standard Time)
  - Last Activity: 2025-10-18T09:55:35.665Z
  - Inactive: true
[Driver Activity Monitor] Driver2 Quick Ride:
  - Location Update: Never
  - Status Update: 2025-10-18T09:55:35.663Z
  - Preferences Location: Never
  - User Updated: Sat Oct 18 2025 12:55:35 GMT+0300 (Arabian Standard Time)
  - Last Activity: 2025-10-18T09:55:35.665Z
  - Inactive: true
[Driver Activity Monitor] Driver2 Metro Taxi:
  - Location Update: Never
  - Status Update: 2025-10-18T09:55:35.663Z
  - Preferences Location: Never
  - User Updated: Sat Oct 18 2025 12:55:35 GMT+0300 (Arabian Standard Time)
  - Last Activity: 2025-10-18T09:55:35.665Z
  - Inactive: true
[Driver Activity Monitor] Driver1 Quick Ride:
  - Location Update: Never
  - Status Update: 2025-10-18T09:55:35.663Z
  - Preferences Location: Never
  - User Updated: Sat Oct 18 2025 12:55:35 GMT+0300 (Arabian Standard Time)
  - Last Activity: 2025-10-18T09:55:35.665Z
  - Inactive: true
[Driver Activity Monitor] Driver1 Metro Taxi:
  - Location Update: Never
  - Status Update: 2025-10-18T09:55:35.663Z
  - Preferences Location: Never
  - User Updated: Sat Oct 18 2025 12:55:35 GMT+0300 (Arabian Standard Time)
  - Last Activity: 2025-10-18T09:55:35.665Z
  - Inactive: true
[Driver Activity Monitor] Driver3 Metro Taxi:
  - Location Update: Never
  - Status Update: 2025-10-18T09:55:35.663Z
  - Preferences Location: Never
  - User Updated: Sat Oct 18 2025 12:55:35 GMT+0300 (Arabian Standard Time)
  - Last Activity: 2025-10-18T09:55:35.665Z
  - Inactive: true
[Driver Activity Monitor] Driver3 City Cabs:
  - Location Update: Never
  - Status Update: 2025-10-22T11:00:39.313Z
  - Preferences Location: Never
  - User Updated: Fri Oct 24 2025 19:30:17 GMT+0300 (Arabian Standard Time)
  - Last Activity: 2025-10-24T16:30:17.836Z
  - Inactive: true
[Driver Activity Monitor] Driver1 City Cabs:
  - Location Update: 2025-10-28T09:36:52.502Z
  - Status Update: 2025-10-28T09:36:52.891Z
  - Preferences Location: Never
  - User Updated: Tue Oct 28 2025 12:36:52 GMT+0300 (Arabian Standard Time)
  - Last Activity: 2025-10-28T09:36:52.948Z
  - Inactive: false
[Driver Activity Monitor] Driver2 City Cabs:
  - Location Update: Never
  - Status Update: 2025-10-18T09:55:35.663Z
  - Preferences Location: Never
  - User Updated: Sat Oct 18 2025 12:55:35 GMT+0300 (Arabian Standard Time)
  - Last Activity: 2025-10-18T09:55:35.665Z
  - Inactive: true
[Driver Activity Monitor] Found 8 inactive drivers
[Driver Activity Monitor] Processing driver cmgt7lmye001imxarbrwufab7 (Driver3 Quick Ride)
  - Last location update: Never
  - Active jobs: 0
  - Active shifts: 0
  - Current shift status: OFFLINE
  ✓ Emitted driver:status:changed for driver cmgt7lmye001imxarbrwufab7
[Driver Activity Monitor] Processing driver cmgt7lmww001emxarm6fiocom (Driver2 Quick Ride)
  - Last location update: Never
  - Active jobs: 0
  - Active shifts: 0
  - Current shift status: OFFLINE
  ✓ Emitted driver:status:changed for driver cmgt7lmww001emxarm6fiocom
[Driver Activity Monitor] Processing driver cmgt7lmns000qmxarybo79dix (Driver2 Metro Taxi)
  - Last location update: Never
  - Active jobs: 0
  - Active shifts: 0
  - Current shift status: OFFLINE
  ✓ Emitted driver:status:changed for driver cmgt7lmns000qmxarybo79dix
[Driver Activity Monitor] Processing driver cmgt7lmva001amxargvvis3qo (Driver1 Quick Ride)
  - Last location update: Never
  - Active jobs: 0
  - Active shifts: 0
  - Current shift status: OFFLINE
  ✓ Emitted driver:status:changed for driver cmgt7lmva001amxargvvis3qo
[Driver Activity Monitor] Processing driver cmgt7lmm7000mmxarb23yrhm4 (Driver1 Metro Taxi)
  - Last location update: Never
  - Active jobs: 0
  - Active shifts: 0
  - Current shift status: OFFLINE
  ✓ Emitted driver:status:changed for driver cmgt7lmm7000mmxarb23yrhm4
[Driver Activity Monitor] Processing driver cmgt7lmpa000umxaro9mk6xmc (Driver3 Metro Taxi)
  - Last location update: Never
  - Active jobs: 0
  - Active shifts: 0
  - Current shift status: OFFLINE
  ✓ Emitted driver:status:changed for driver cmgt7lmpa000umxaro9mk6xmc
[Driver Activity Monitor] Processing driver cmgt7lmts0016mxar09d3mqpx (Driver3 City Cabs)
  - Last location update: Never
  - Active jobs: 0
  - Active shifts: 0
  - Current shift status: OFFLINE
  ✓ Emitted driver:status:changed for driver cmgt7lmts0016mxar09d3mqpx
[Driver Activity Monitor] Processing driver cmgt7lms90012mxare5ugbirp (Driver2 City Cabs)
  - Last location update: Never
  - Active jobs: 0
  - Active shifts: 0
  - Current shift status: OFFLINE
  ✓ Emitted driver:status:changed for driver cmgt7lms90012mxare5ugbirp
[Driver Activity Monitor] Processed 8 inactive drivers
[Cron - Driver Activity] Processed inactive drivers: {
  count: 8,
  drivers: [
    {
      id: 'cmgt7lmye001imxarbrwufab7',
      name: 'Driver3 Quick Ride',
      unassignedJobs: 0
    },
    {
      id: 'cmgt7lmww001emxarm6fiocom',
      name: 'Driver2 Quick Ride',
      unassignedJobs: 0
    },
    {
      id: 'cmgt7lmns000qmxarybo79dix',
      name: 'Driver2 Metro Taxi',
      unassignedJobs: 0
    },
    {
      id: 'cmgt7lmva001amxargvvis3qo',
      name: 'Driver1 Quick Ride',
      unassignedJobs: 0
    },
    {
      id: 'cmgt7lmm7000mmxarb23yrhm4',
      name: 'Driver1 Metro Taxi',
      unassignedJobs: 0
    },
    {
      id: 'cmgt7lmpa000umxaro9mk6xmc',
      name: 'Driver3 Metro Taxi',
      unassignedJobs: 0
    },
    {
      id: 'cmgt7lmts0016mxar09d3mqpx',
      name: 'Driver3 City Cabs',
      unassignedJobs: 0
    },
    {
      id: 'cmgt7lms90012mxare5ugbirp',
      name: 'Driver2 City Cabs',
      unassignedJobs: 0
    }
  ]
}
[Driver Activity Monitor] Checking driver activity at 2025-10-28T09:44:00.009Z
[Driver Activity Monitor] Threshold: 2025-10-28T09:34:00.009Z
[Driver Activity Monitor] Found 9 total active drivers
[Driver Activity Monitor] Driver3 Quick Ride:
  - Location Update: Never
  - Status Update: 2025-10-18T09:55:35.663Z
  - Preferences Location: Never
  - User Updated: Sat Oct 18 2025 12:55:35 GMT+0300 (Arabian Standard Time)
  - Last Activity: 2025-10-18T09:55:35.665Z
  - Inactive: true
[Driver Activity Monitor] Driver2 Quick Ride:
  - Location Update: Never
  - Status Update: 2025-10-18T09:55:35.663Z
  - Preferences Location: Never
  - User Updated: Sat Oct 18 2025 12:55:35 GMT+0300 (Arabian Standard Time)
  - Last Activity: 2025-10-18T09:55:35.665Z
  - Inactive: true
[Driver Activity Monitor] Driver2 Metro Taxi:
  - Location Update: Never
  - Status Update: 2025-10-18T09:55:35.663Z
  - Preferences Location: Never
  - User Updated: Sat Oct 18 2025 12:55:35 GMT+0300 (Arabian Standard Time)
  - Last Activity: 2025-10-18T09:55:35.665Z
  - Inactive: true
[Driver Activity Monitor] Driver1 Quick Ride:
  - Location Update: Never
  - Status Update: 2025-10-18T09:55:35.663Z
  - Preferences Location: Never
  - User Updated: Sat Oct 18 2025 12:55:35 GMT+0300 (Arabian Standard Time)
  - Last Activity: 2025-10-18T09:55:35.665Z
  - Inactive: true
[Driver Activity Monitor] Driver1 Metro Taxi:
  - Location Update: Never
  - Status Update: 2025-10-18T09:55:35.663Z
  - Preferences Location: Never
  - User Updated: Sat Oct 18 2025 12:55:35 GMT+0300 (Arabian Standard Time)
  - Last Activity: 2025-10-18T09:55:35.665Z
  - Inactive: true
[Driver Activity Monitor] Driver3 Metro Taxi:
  - Location Update: Never
  - Status Update: 2025-10-18T09:55:35.663Z
  - Preferences Location: Never
  - User Updated: Sat Oct 18 2025 12:55:35 GMT+0300 (Arabian Standard Time)
  - Last Activity: 2025-10-18T09:55:35.665Z
  - Inactive: true
[Driver Activity Monitor] Driver3 City Cabs:
  - Location Update: Never
  - Status Update: 2025-10-22T11:00:39.313Z
  - Preferences Location: Never
  - User Updated: Fri Oct 24 2025 19:30:17 GMT+0300 (Arabian Standard Time)
  - Last Activity: 2025-10-24T16:30:17.836Z
  - Inactive: true
[Driver Activity Monitor] Driver1 City Cabs:
  - Location Update: 2025-10-28T09:36:52.502Z
  - Status Update: 2025-10-28T09:36:52.891Z
  - Preferences Location: Never
  - User Updated: Tue Oct 28 2025 12:36:52 GMT+0300 (Arabian Standard Time)
  - Last Activity: 2025-10-28T09:36:52.948Z
  - Inactive: false
[Driver Activity Monitor] Driver2 City Cabs:
  - Location Update: Never
  - Status Update: 2025-10-18T09:55:35.663Z
  - Preferences Location: Never
  - User Updated: Sat Oct 18 2025 12:55:35 GMT+0300 (Arabian Standard Time)
  - Last Activity: 2025-10-18T09:55:35.665Z
  - Inactive: true
[Driver Activity Monitor] Found 8 inactive drivers
[Driver Activity Monitor] Processing driver cmgt7lmye001imxarbrwufab7 (Driver3 Quick Ride)
  - Last location update: Never
  - Active jobs: 0
  - Active shifts: 0
  - Current shift status: OFFLINE
  ✓ Emitted driver:status:changed for driver cmgt7lmye001imxarbrwufab7
[Driver Activity Monitor] Processing driver cmgt7lmww001emxarm6fiocom (Driver2 Quick Ride)
  - Last location update: Never
  - Active jobs: 0
  - Active shifts: 0
  - Current shift status: OFFLINE
  ✓ Emitted driver:status:changed for driver cmgt7lmww001emxarm6fiocom
[Driver Activity Monitor] Processing driver cmgt7lmns000qmxarybo79dix (Driver2 Metro Taxi)
  - Last location update: Never
  - Active jobs: 0
  - Active shifts: 0
  - Current shift status: OFFLINE
  ✓ Emitted driver:status:changed for driver cmgt7lmns000qmxarybo79dix
[Driver Activity Monitor] Processing driver cmgt7lmva001amxargvvis3qo (Driver1 Quick Ride)
  - Last location update: Never
  - Active jobs: 0
  - Active shifts: 0
  - Current shift status: OFFLINE
  ✓ Emitted driver:status:changed for driver cmgt7lmva001amxargvvis3qo
[Driver Activity Monitor] Processing driver cmgt7lmm7000mmxarb23yrhm4 (Driver1 Metro Taxi)
  - Last location update: Never
  - Active jobs: 0
  - Active shifts: 0
  - Current shift status: OFFLINE
  ✓ Emitted driver:status:changed for driver cmgt7lmm7000mmxarb23yrhm4
[Driver Activity Monitor] Processing driver cmgt7lmpa000umxaro9mk6xmc (Driver3 Metro Taxi)
  - Last location update: Never
  - Active jobs: 0
  - Active shifts: 0
  - Current shift status: OFFLINE
  ✓ Emitted driver:status:changed for driver cmgt7lmpa000umxaro9mk6xmc
[Driver Activity Monitor] Processing driver cmgt7lmts0016mxar09d3mqpx (Driver3 City Cabs)
  - Last location update: Never
  - Active jobs: 0
  - Active shifts: 0
  - Current shift status: OFFLINE
  ✓ Emitted driver:status:changed for driver cmgt7lmts0016mxar09d3mqpx
[Driver Activity Monitor] Processing driver cmgt7lms90012mxare5ugbirp (Driver2 City Cabs)
  - Last location update: Never
  - Active jobs: 0
  - Active shifts: 0
  - Current shift status: OFFLINE
  ✓ Emitted driver:status:changed for driver cmgt7lms90012mxare5ugbirp
[Driver Activity Monitor] Processed 8 inactive drivers
[Cron - Driver Activity] Processed inactive drivers: {
  count: 8,
  drivers: [
    {
      id: 'cmgt7lmye001imxarbrwufab7',
      name: 'Driver3 Quick Ride',
      unassignedJobs: 0
    },
    {
      id: 'cmgt7lmww001emxarm6fiocom',
      name: 'Driver2 Quick Ride',
      unassignedJobs: 0
    },
    {
      id: 'cmgt7lmns000qmxarybo79dix',
      name: 'Driver2 Metro Taxi',
      unassignedJobs: 0
    },
    {
      id: 'cmgt7lmva001amxargvvis3qo',
      name: 'Driver1 Quick Ride',
      unassignedJobs: 0
    },
    {
      id: 'cmgt7lmm7000mmxarb23yrhm4',
      name: 'Driver1 Metro Taxi',
      unassignedJobs: 0
    },
    {
      id: 'cmgt7lmpa000umxaro9mk6xmc',
      name: 'Driver3 Metro Taxi',
      unassignedJobs: 0
    },
    {
      id: 'cmgt7lmts0016mxar09d3mqpx',
      name: 'Driver3 City Cabs',
      unassignedJobs: 0
    },
    {
      id: 'cmgt7lms90012mxare5ugbirp',
      name: 'Driver2 City Cabs',
      unassignedJobs: 0
    }
  ]
}
[Driver Activity Monitor] Checking driver activity at 2025-10-28T09:45:00.005Z
[Driver Activity Monitor] Threshold: 2025-10-28T09:35:00.005Z
[Driver Activity Monitor] Found 9 total active drivers
[Driver Activity Monitor] Driver3 Quick Ride:
  - Location Update: Never
  - Status Update: 2025-10-18T09:55:35.663Z
  - Preferences Location: Never
  - User Updated: Sat Oct 18 2025 12:55:35 GMT+0300 (Arabian Standard Time)
  - Last Activity: 2025-10-18T09:55:35.665Z
  - Inactive: true
[Driver Activity Monitor] Driver2 Quick Ride:
  - Location Update: Never
  - Status Update: 2025-10-18T09:55:35.663Z
  - Preferences Location: Never
  - User Updated: Sat Oct 18 2025 12:55:35 GMT+0300 (Arabian Standard Time)
  - Last Activity: 2025-10-18T09:55:35.665Z
  - Inactive: true
[Driver Activity Monitor] Driver2 Metro Taxi:
  - Location Update: Never
  - Status Update: 2025-10-18T09:55:35.663Z
  - Preferences Location: Never
  - User Updated: Sat Oct 18 2025 12:55:35 GMT+0300 (Arabian Standard Time)
  - Last Activity: 2025-10-18T09:55:35.665Z
  - Inactive: true
[Driver Activity Monitor] Driver1 Quick Ride:
  - Location Update: Never
  - Status Update: 2025-10-18T09:55:35.663Z
  - Preferences Location: Never
  - User Updated: Sat Oct 18 2025 12:55:35 GMT+0300 (Arabian Standard Time)
  - Last Activity: 2025-10-18T09:55:35.665Z
  - Inactive: true
[Driver Activity Monitor] Driver1 Metro Taxi:
  - Location Update: Never
  - Status Update: 2025-10-18T09:55:35.663Z
  - Preferences Location: Never
  - User Updated: Sat Oct 18 2025 12:55:35 GMT+0300 (Arabian Standard Time)
  - Last Activity: 2025-10-18T09:55:35.665Z
  - Inactive: true
[Driver Activity Monitor] Driver3 Metro Taxi:
  - Location Update: Never
  - Status Update: 2025-10-18T09:55:35.663Z
  - Preferences Location: Never
  - User Updated: Sat Oct 18 2025 12:55:35 GMT+0300 (Arabian Standard Time)
  - Last Activity: 2025-10-18T09:55:35.665Z
  - Inactive: true
[Driver Activity Monitor] Driver3 City Cabs:
  - Location Update: Never
  - Status Update: 2025-10-22T11:00:39.313Z
  - Preferences Location: Never
  - User Updated: Fri Oct 24 2025 19:30:17 GMT+0300 (Arabian Standard Time)
  - Last Activity: 2025-10-24T16:30:17.836Z
  - Inactive: true
[Driver Activity Monitor] Driver1 City Cabs:
  - Location Update: 2025-10-28T09:36:52.502Z
  - Status Update: 2025-10-28T09:36:52.891Z
  - Preferences Location: Never
  - User Updated: Tue Oct 28 2025 12:36:52 GMT+0300 (Arabian Standard Time)
  - Last Activity: 2025-10-28T09:36:52.948Z
  - Inactive: false
[Driver Activity Monitor] Driver2 City Cabs:
  - Location Update: Never
  - Status Update: 2025-10-18T09:55:35.663Z
  - Preferences Location: Never
  - User Updated: Sat Oct 18 2025 12:55:35 GMT+0300 (Arabian Standard Time)
  - Last Activity: 2025-10-18T09:55:35.665Z
  - Inactive: true
[Driver Activity Monitor] Found 8 inactive drivers
[Driver Activity Monitor] Processing driver cmgt7lmye001imxarbrwufab7 (Driver3 Quick Ride)
  - Last location update: Never
  - Active jobs: 0
  - Active shifts: 0
  - Current shift status: OFFLINE
  ✓ Emitted driver:status:changed for driver cmgt7lmye001imxarbrwufab7
[Driver Activity Monitor] Processing driver cmgt7lmww001emxarm6fiocom (Driver2 Quick Ride)
  - Last location update: Never
  - Active jobs: 0
  - Active shifts: 0
  - Current shift status: OFFLINE
  ✓ Emitted driver:status:changed for driver cmgt7lmww001emxarm6fiocom
[Driver Activity Monitor] Processing driver cmgt7lmns000qmxarybo79dix (Driver2 Metro Taxi)
  - Last location update: Never
  - Active jobs: 0
  - Active shifts: 0
  - Current shift status: OFFLINE
  ✓ Emitted driver:status:changed for driver cmgt7lmns000qmxarybo79dix
[Driver Activity Monitor] Processing driver cmgt7lmva001amxargvvis3qo (Driver1 Quick Ride)
  - Last location update: Never
  - Active jobs: 0
  - Active shifts: 0
  - Current shift status: OFFLINE
  ✓ Emitted driver:status:changed for driver cmgt7lmva001amxargvvis3qo
[Driver Activity Monitor] Processing driver cmgt7lmm7000mmxarb23yrhm4 (Driver1 Metro Taxi)
  - Last location update: Never
  - Active jobs: 0
  - Active shifts: 0
  - Current shift status: OFFLINE
  ✓ Emitted driver:status:changed for driver cmgt7lmm7000mmxarb23yrhm4
[Driver Activity Monitor] Processing driver cmgt7lmpa000umxaro9mk6xmc (Driver3 Metro Taxi)
  - Last location update: Never
  - Active jobs: 0
  - Active shifts: 0
  - Current shift status: OFFLINE
  ✓ Emitted driver:status:changed for driver cmgt7lmpa000umxaro9mk6xmc
[Driver Activity Monitor] Processing driver cmgt7lmts0016mxar09d3mqpx (Driver3 City Cabs)
  - Last location update: Never
  - Active jobs: 0
  - Active shifts: 0
  - Current shift status: OFFLINE
  ✓ Emitted driver:status:changed for driver cmgt7lmts0016mxar09d3mqpx
[Driver Activity Monitor] Processing driver cmgt7lms90012mxare5ugbirp (Driver2 City Cabs)
  - Last location update: Never
  - Active jobs: 0
  - Active shifts: 0
  - Current shift status: OFFLINE
  ✓ Emitted driver:status:changed for driver cmgt7lms90012mxare5ugbirp
[Driver Activity Monitor] Processed 8 inactive drivers
[Cron - Driver Activity] Processed inactive drivers: {
  count: 8,
  drivers: [
    {
      id: 'cmgt7lmye001imxarbrwufab7',
      name: 'Driver3 Quick Ride',
      unassignedJobs: 0
    },
    {
      id: 'cmgt7lmww001emxarm6fiocom',
      name: 'Driver2 Quick Ride',
      unassignedJobs: 0
    },
    {
      id: 'cmgt7lmns000qmxarybo79dix',
      name: 'Driver2 Metro Taxi',
      unassignedJobs: 0
    },
    {
      id: 'cmgt7lmva001amxargvvis3qo',
      name: 'Driver1 Quick Ride',
      unassignedJobs: 0
    },
    {
      id: 'cmgt7lmm7000mmxarb23yrhm4',
      name: 'Driver1 Metro Taxi',
      unassignedJobs: 0
    },
    {
      id: 'cmgt7lmpa000umxaro9mk6xmc',
      name: 'Driver3 Metro Taxi',
      unassignedJobs: 0
    },
    {
      id: 'cmgt7lmts0016mxar09d3mqpx',
      name: 'Driver3 City Cabs',
      unassignedJobs: 0
    },
    {
      id: 'cmgt7lms90012mxare5ugbirp',
      name: 'Driver2 City Cabs',
      unassignedJobs: 0
    }
  ]
}
[Driver Activity Monitor] Checking driver activity at 2025-10-28T09:46:00.007Z
[Driver Activity Monitor] Threshold: 2025-10-28T09:36:00.007Z
[Driver Activity Monitor] Found 9 total active drivers
[Driver Activity Monitor] Driver3 Quick Ride:
  - Location Update: Never
  - Status Update: 2025-10-18T09:55:35.663Z
  - Preferences Location: Never
  - User Updated: Sat Oct 18 2025 12:55:35 GMT+0300 (Arabian Standard Time)
  - Last Activity: 2025-10-18T09:55:35.665Z
  - Inactive: true
[Driver Activity Monitor] Driver2 Quick Ride:
  - Location Update: Never
  - Status Update: 2025-10-18T09:55:35.663Z
  - Preferences Location: Never
  - User Updated: Sat Oct 18 2025 12:55:35 GMT+0300 (Arabian Standard Time)
  - Last Activity: 2025-10-18T09:55:35.665Z
  - Inactive: true
[Driver Activity Monitor] Driver2 Metro Taxi:
  - Location Update: Never
  - Status Update: 2025-10-18T09:55:35.663Z
  - Preferences Location: Never
  - User Updated: Sat Oct 18 2025 12:55:35 GMT+0300 (Arabian Standard Time)
  - Last Activity: 2025-10-18T09:55:35.665Z
  - Inactive: true
[Driver Activity Monitor] Driver1 Quick Ride:
  - Location Update: Never
  - Status Update: 2025-10-18T09:55:35.663Z
  - Preferences Location: Never
  - User Updated: Sat Oct 18 2025 12:55:35 GMT+0300 (Arabian Standard Time)
  - Last Activity: 2025-10-18T09:55:35.665Z
  - Inactive: true
[Driver Activity Monitor] Driver1 Metro Taxi:
  - Location Update: Never
  - Status Update: 2025-10-18T09:55:35.663Z
  - Preferences Location: Never
  - User Updated: Sat Oct 18 2025 12:55:35 GMT+0300 (Arabian Standard Time)
  - Last Activity: 2025-10-18T09:55:35.665Z
  - Inactive: true
[Driver Activity Monitor] Driver3 Metro Taxi:
  - Location Update: Never
  - Status Update: 2025-10-18T09:55:35.663Z
  - Preferences Location: Never
  - User Updated: Sat Oct 18 2025 12:55:35 GMT+0300 (Arabian Standard Time)
  - Last Activity: 2025-10-18T09:55:35.665Z
  - Inactive: true
[Driver Activity Monitor] Driver3 City Cabs:
  - Location Update: Never
  - Status Update: 2025-10-22T11:00:39.313Z
  - Preferences Location: Never
  - User Updated: Fri Oct 24 2025 19:30:17 GMT+0300 (Arabian Standard Time)
  - Last Activity: 2025-10-24T16:30:17.836Z
  - Inactive: true
[Driver Activity Monitor] Driver1 City Cabs:
  - Location Update: 2025-10-28T09:36:52.502Z
  - Status Update: 2025-10-28T09:36:52.891Z
  - Preferences Location: Never
  - User Updated: Tue Oct 28 2025 12:36:52 GMT+0300 (Arabian Standard Time)
  - Last Activity: 2025-10-28T09:36:52.948Z
  - Inactive: false
[Driver Activity Monitor] Driver2 City Cabs:
  - Location Update: Never
  - Status Update: 2025-10-18T09:55:35.663Z
  - Preferences Location: Never
  - User Updated: Sat Oct 18 2025 12:55:35 GMT+0300 (Arabian Standard Time)
  - Last Activity: 2025-10-18T09:55:35.665Z
  - Inactive: true
[Driver Activity Monitor] Found 8 inactive drivers
[Driver Activity Monitor] Processing driver cmgt7lmye001imxarbrwufab7 (Driver3 Quick Ride)
  - Last location update: Never
  - Active jobs: 0
  - Active shifts: 0
  - Current shift status: OFFLINE
  ✓ Emitted driver:status:changed for driver cmgt7lmye001imxarbrwufab7
[Driver Activity Monitor] Processing driver cmgt7lmww001emxarm6fiocom (Driver2 Quick Ride)
  - Last location update: Never
  - Active jobs: 0
  - Active shifts: 0
  - Current shift status: OFFLINE
  ✓ Emitted driver:status:changed for driver cmgt7lmww001emxarm6fiocom
[Driver Activity Monitor] Processing driver cmgt7lmns000qmxarybo79dix (Driver2 Metro Taxi)
  - Last location update: Never
  - Active jobs: 0
  - Active shifts: 0
  - Current shift status: OFFLINE
  ✓ Emitted driver:status:changed for driver cmgt7lmns000qmxarybo79dix
[Driver Activity Monitor] Processing driver cmgt7lmva001amxargvvis3qo (Driver1 Quick Ride)
  - Last location update: Never
  - Active jobs: 0
  - Active shifts: 0
  - Current shift status: OFFLINE
  ✓ Emitted driver:status:changed for driver cmgt7lmva001amxargvvis3qo
[Driver Activity Monitor] Processing driver cmgt7lmm7000mmxarb23yrhm4 (Driver1 Metro Taxi)
  - Last location update: Never
  - Active jobs: 0
  - Active shifts: 0
  - Current shift status: OFFLINE
  ✓ Emitted driver:status:changed for driver cmgt7lmm7000mmxarb23yrhm4
[Driver Activity Monitor] Processing driver cmgt7lmpa000umxaro9mk6xmc (Driver3 Metro Taxi)
  - Last location update: Never
  - Active jobs: 0
  - Active shifts: 0
  - Current shift status: OFFLINE
  ✓ Emitted driver:status:changed for driver cmgt7lmpa000umxaro9mk6xmc
[Driver Activity Monitor] Processing driver cmgt7lmts0016mxar09d3mqpx (Driver3 City Cabs)
  - Last location update: Never
  - Active jobs: 0
  - Active shifts: 0
  - Current shift status: OFFLINE
  ✓ Emitted driver:status:changed for driver cmgt7lmts0016mxar09d3mqpx
[Driver Activity Monitor] Processing driver cmgt7lms90012mxare5ugbirp (Driver2 City Cabs)
  - Last location update: Never
  - Active jobs: 0
  - Active shifts: 0
  - Current shift status: OFFLINE
  ✓ Emitted driver:status:changed for driver cmgt7lms90012mxare5ugbirp
[Driver Activity Monitor] Processed 8 inactive drivers
[Cron - Driver Activity] Processed inactive drivers: {
  count: 8,
  drivers: [
    {
      id: 'cmgt7lmye001imxarbrwufab7',
      name: 'Driver3 Quick Ride',
      unassignedJobs: 0
    },
    {
      id: 'cmgt7lmww001emxarm6fiocom',
      name: 'Driver2 Quick Ride',
      unassignedJobs: 0
    },
    {
      id: 'cmgt7lmns000qmxarybo79dix',
      name: 'Driver2 Metro Taxi',
      unassignedJobs: 0
    },
    {
      id: 'cmgt7lmva001amxargvvis3qo',
      name: 'Driver1 Quick Ride',
      unassignedJobs: 0
    },
    {
      id: 'cmgt7lmm7000mmxarb23yrhm4',
      name: 'Driver1 Metro Taxi',
      unassignedJobs: 0
    },
    {
      id: 'cmgt7lmpa000umxaro9mk6xmc',
      name: 'Driver3 Metro Taxi',
      unassignedJobs: 0
    },
    {
      id: 'cmgt7lmts0016mxar09d3mqpx',
      name: 'Driver3 City Cabs',
      unassignedJobs: 0
    },
    {
      id: 'cmgt7lms90012mxare5ugbirp',
      name: 'Driver2 City Cabs',
      unassignedJobs: 0
    }
  ]
}
[Driver Activity Monitor] Checking driver activity at 2025-10-28T09:47:00.011Z
[Driver Activity Monitor] Threshold: 2025-10-28T09:37:00.011Z
[Driver Activity Monitor] Found 9 total active drivers
[Driver Activity Monitor] Driver3 Quick Ride:
  - Location Update: Never
  - Status Update: 2025-10-18T09:55:35.663Z
  - Preferences Location: Never
  - User Updated: Sat Oct 18 2025 12:55:35 GMT+0300 (Arabian Standard Time)
  - Last Activity: 2025-10-18T09:55:35.665Z
  - Inactive: true
[Driver Activity Monitor] Driver2 Quick Ride:
  - Location Update: Never
  - Status Update: 2025-10-18T09:55:35.663Z
  - Preferences Location: Never
  - User Updated: Sat Oct 18 2025 12:55:35 GMT+0300 (Arabian Standard Time)
  - Last Activity: 2025-10-18T09:55:35.665Z
  - Inactive: true
[Driver Activity Monitor] Driver2 Metro Taxi:
  - Location Update: Never
  - Status Update: 2025-10-18T09:55:35.663Z
  - Preferences Location: Never
  - User Updated: Sat Oct 18 2025 12:55:35 GMT+0300 (Arabian Standard Time)
  - Last Activity: 2025-10-18T09:55:35.665Z
  - Inactive: true
[Driver Activity Monitor] Driver1 Quick Ride:
  - Location Update: Never
  - Status Update: 2025-10-18T09:55:35.663Z
  - Preferences Location: Never
  - User Updated: Sat Oct 18 2025 12:55:35 GMT+0300 (Arabian Standard Time)
  - Last Activity: 2025-10-18T09:55:35.665Z
  - Inactive: true
[Driver Activity Monitor] Driver1 Metro Taxi:
  - Location Update: Never
  - Status Update: 2025-10-18T09:55:35.663Z
  - Preferences Location: Never
  - User Updated: Sat Oct 18 2025 12:55:35 GMT+0300 (Arabian Standard Time)
  - Last Activity: 2025-10-18T09:55:35.665Z
  - Inactive: true
[Driver Activity Monitor] Driver3 Metro Taxi:
  - Location Update: Never
  - Status Update: 2025-10-18T09:55:35.663Z
  - Preferences Location: Never
  - User Updated: Sat Oct 18 2025 12:55:35 GMT+0300 (Arabian Standard Time)
  - Last Activity: 2025-10-18T09:55:35.665Z
  - Inactive: true
[Driver Activity Monitor] Driver3 City Cabs:
  - Location Update: Never
  - Status Update: 2025-10-22T11:00:39.313Z
  - Preferences Location: Never
  - User Updated: Fri Oct 24 2025 19:30:17 GMT+0300 (Arabian Standard Time)
  - Last Activity: 2025-10-24T16:30:17.836Z
  - Inactive: true
[Driver Activity Monitor] Driver1 City Cabs:
  - Location Update: 2025-10-28T09:36:52.502Z
  - Status Update: 2025-10-28T09:36:52.891Z
  - Preferences Location: Never
  - User Updated: Tue Oct 28 2025 12:36:52 GMT+0300 (Arabian Standard Time)
  - Last Activity: 2025-10-28T09:36:52.948Z
  - Inactive: true
[Driver Activity Monitor] Driver2 City Cabs:
  - Location Update: Never
  - Status Update: 2025-10-18T09:55:35.663Z
  - Preferences Location: Never
  - User Updated: Sat Oct 18 2025 12:55:35 GMT+0300 (Arabian Standard Time)
  - Last Activity: 2025-10-18T09:55:35.665Z
  - Inactive: true
[Driver Activity Monitor] Found 9 inactive drivers
[Driver Activity Monitor] Processing driver cmgt7lmye001imxarbrwufab7 (Driver3 Quick Ride)
  - Last location update: Never
  - Active jobs: 0
  - Active shifts: 0
  - Current shift status: OFFLINE
  ✓ Emitted driver:status:changed for driver cmgt7lmye001imxarbrwufab7
[Driver Activity Monitor] Processing driver cmgt7lmww001emxarm6fiocom (Driver2 Quick Ride)
  - Last location update: Never
  - Active jobs: 0
  - Active shifts: 0
  - Current shift status: OFFLINE
  ✓ Emitted driver:status:changed for driver cmgt7lmww001emxarm6fiocom
[Driver Activity Monitor] Processing driver cmgt7lmns000qmxarybo79dix (Driver2 Metro Taxi)
  - Last location update: Never
  - Active jobs: 0
  - Active shifts: 0
  - Current shift status: OFFLINE
  ✓ Emitted driver:status:changed for driver cmgt7lmns000qmxarybo79dix
[Driver Activity Monitor] Processing driver cmgt7lmva001amxargvvis3qo (Driver1 Quick Ride)
  - Last location update: Never
  - Active jobs: 0
  - Active shifts: 0
  - Current shift status: OFFLINE
  ✓ Emitted driver:status:changed for driver cmgt7lmva001amxargvvis3qo
[Driver Activity Monitor] Processing driver cmgt7lmm7000mmxarb23yrhm4 (Driver1 Metro Taxi)
  - Last location update: Never
  - Active jobs: 0
  - Active shifts: 0
  - Current shift status: OFFLINE
  ✓ Emitted driver:status:changed for driver cmgt7lmm7000mmxarb23yrhm4
[Driver Activity Monitor] Processing driver cmgt7lmpa000umxaro9mk6xmc (Driver3 Metro Taxi)
  - Last location update: Never
  - Active jobs: 0
  - Active shifts: 0
  - Current shift status: OFFLINE
  ✓ Emitted driver:status:changed for driver cmgt7lmpa000umxaro9mk6xmc
[Driver Activity Monitor] Processing driver cmgt7lmts0016mxar09d3mqpx (Driver3 City Cabs)
  - Last location update: Never
  - Active jobs: 0
  - Active shifts: 0
  - Current shift status: OFFLINE
  ✓ Emitted driver:status:changed for driver cmgt7lmts0016mxar09d3mqpx
[Driver Activity Monitor] Processing driver cmgt7lmqs000ymxarz2f1edxx (Driver1 City Cabs)
  - Last location update: 2025-10-28T09:36:52.502Z
  - Active jobs: 0
  - Active shifts: 1
  - Current shift status: ONLINE
  ✓ Set shift cmhadh9uc000pmxpcur7jzoa5 to OFFLINE and ended it
  ✓ Emitted driver:status:changed for driver cmgt7lmqs000ymxarz2f1edxx
[Driver Activity Monitor] Processing driver cmgt7lms90012mxare5ugbirp (Driver2 City Cabs)
  - Last location update: Never
  - Active jobs: 0
  - Active shifts: 0
  - Current shift status: OFFLINE
  ✓ Emitted driver:status:changed for driver cmgt7lms90012mxare5ugbirp
[Driver Activity Monitor] Processed 9 inactive drivers
[Cron - Driver Activity] Processed inactive drivers: {
  count: 9,
  drivers: [
    {
      id: 'cmgt7lmye001imxarbrwufab7',
      name: 'Driver3 Quick Ride',
      unassignedJobs: 0
    },
    {
      id: 'cmgt7lmww001emxarm6fiocom',
      name: 'Driver2 Quick Ride',
      unassignedJobs: 0
    },
    {
      id: 'cmgt7lmns000qmxarybo79dix',
      name: 'Driver2 Metro Taxi',
      unassignedJobs: 0
    },
    {
      id: 'cmgt7lmva001amxargvvis3qo',
      name: 'Driver1 Quick Ride',
      unassignedJobs: 0
    },
    {
      id: 'cmgt7lmm7000mmxarb23yrhm4',
      name: 'Driver1 Metro Taxi',
      unassignedJobs: 0
    },
    {
      id: 'cmgt7lmpa000umxaro9mk6xmc',
      name: 'Driver3 Metro Taxi',
      unassignedJobs: 0
    },
    {
      id: 'cmgt7lmts0016mxar09d3mqpx',
      name: 'Driver3 City Cabs',
      unassignedJobs: 0
    },
    {
      id: 'cmgt7lmqs000ymxarz2f1edxx',
      name: 'Driver1 City Cabs',
      unassignedJobs: 0
    },
    {
      id: 'cmgt7lms90012mxare5ugbirp',
      name: 'Driver2 City Cabs',
      unassignedJobs: 0
    }
  ]
}
🔍 Mobile API Request: GET /api/mobile/driver/shift/current
🔍 Mobile API Request: GET /api/mobile/driver/jobs/history?limit=3&status=COMPLETED&includeEarnings=true
🔍 Mobile API Request: POST /api/mobile/driver/shift/start
Driver shift started: cmgt7lmqs000ymxarz2f1edxx - Shift ID: cmhadupv0000vmxpcsa1pxda6
📍 Emitted zone change to mobile driver cmgt7lmqs000ymxarz2f1edxx: { zoneId: 'cmh87ng5j00079kxcd9v0jk7k', zoneName: undefined }
✅ Queue management updated for driver cmgt7lmqs000ymxarz2f1edxx on shift start
📡 Driver online broadcasted: cmgt7lmqs000ymxarz2f1edxx (Driver1)
🔍 Mobile API Request: GET /api/mobile/driver/shift/current
🔍 Mobile API Request: PUT /api/mobile/driver/shift/status
🔍 Mobile API Request: PUT /api/mobile/driver/shift/status
Driver status updated: cmgt7lmqs000ymxarz2f1edxx - Status: AVAILABLE
📍 Emitted zone change to mobile driver cmgt7lmqs000ymxarz2f1edxx: { zoneId: 'cmh87ng5j00079kxcd9v0jk7k', zoneName: undefined }
✅ Queue management updated for driver cmgt7lmqs000ymxarz2f1edxx -> AVAILABLE
📡 Driver status broadcasted via socket: cmgt7lmqs000ymxarz2f1edxx (Driver1) -> AVAILABLE
   Rooms: dispatch_cmgt7lmip0005mxarxkkjup1p, company_cmgt7lmip0005mxarxkkjup1p, super_admin
👤 Driver status update: {
  driverId: 'cmgt7lmqs000ymxarz2f1edxx',
  companyId: 'cmgt7lmip0005mxarxkkjup1p',
  status: 'AVAILABLE',
  newStatus: 'AVAILABLE',
  timestamp: 1761644837257,
  reason: 'manual'
}
📍 Emitted zone change to mobile driver cmgt7lmqs000ymxarz2f1edxx: { zoneId: 'cmh87ng5j00079kxcd9v0jk7k', zoneName: undefined }
Driver status updated: cmgt7lmqs000ymxarz2f1edxx - Status: AVAILABLE
[BROADCAST STATUS] Driver: cmgt7lmqs000ymxarz2f1edxx, Status: AVAILABLE
[Socket Broadcast] Event: driver:status:update, Rooms: dispatch_cmgt7lmip0005mxarxkkjup1p, company_cmgt7lmip0005mxarxkkjup1p, super_admin, all_dispatchers
[Socket Broadcast] Event: driver:status:updated, Rooms: dispatch_cmgt7lmip0005mxarxkkjup1p, company_cmgt7lmip0005mxarxkkjup1p, super_admin, all_dispatchers
📍 Emitted zone change to mobile driver cmgt7lmqs000ymxarz2f1edxx: { zoneId: 'cmh87ng5j00079kxcd9v0jk7k', zoneName: undefined }
✅ Queue management updated for driver cmgt7lmqs000ymxarz2f1edxx -> AVAILABLE
📡 Driver status broadcasted via socket: cmgt7lmqs000ymxarz2f1edxx (Driver1) -> AVAILABLE
   Rooms: dispatch_cmgt7lmip0005mxarxkkjup1p, company_cmgt7lmip0005mxarxkkjup1p, super_admin
👤 Driver status update: {
  driverId: 'cmgt7lmqs000ymxarz2f1edxx',
  companyId: 'cmgt7lmip0005mxarxkkjup1p',
  status: 'AVAILABLE',
  newStatus: 'AVAILABLE',
  timestamp: 1761644837268,
  reason: 'manual'
}
📍 Emitted zone change to mobile driver cmgt7lmqs000ymxarz2f1edxx: { zoneId: 'cmh87ng5j00079kxcd9v0jk7k', zoneName: undefined }
[BROADCAST STATUS] Driver: cmgt7lmqs000ymxarz2f1edxx, Status: AVAILABLE
[Socket Broadcast] Event: driver:status:update, Rooms: dispatch_cmgt7lmip0005mxarxkkjup1p, company_cmgt7lmip0005mxarxkkjup1p, super_admin, all_dispatchers
[Socket Broadcast] Event: driver:status:updated, Rooms: dispatch_cmgt7lmip0005mxarxkkjup1p, company_cmgt7lmip0005mxarxkkjup1p, super_admin, all_dispatchers
🔍 Mobile API Request: GET /api/mobile/driver/shift/current
🔍 Mobile API Request: GET /api/mobile/driver/jobs/history?limit=3&status=COMPLETED&includeEarnings=true
🔍 Mobile API Request: PUT /api/mobile/driver/shift/status
🔍 Mobile API Request: GET /api/mobile/driver/jobs/history?limit=3&status=COMPLETED&includeEarnings=true
🔍 Mobile API Request: GET /api/mobile/driver/vehicles
🔍 Mobile API Request: GET /api/mobile/driver/shift/current
🔍 Mobile API Request: GET /api/mobile/driver/shift/current
Driver status updated: cmgt7lmqs000ymxarz2f1edxx - Status: AVAILABLE
📍 Emitted zone change to mobile driver cmgt7lmqs000ymxarz2f1edxx: { zoneId: 'cmh87ng5j00079kxcd9v0jk7k', zoneName: undefined }
✅ Queue management updated for driver cmgt7lmqs000ymxarz2f1edxx -> AVAILABLE
📡 Driver status broadcasted via socket: cmgt7lmqs000ymxarz2f1edxx (Driver1) -> AVAILABLE
   Rooms: dispatch_cmgt7lmip0005mxarxkkjup1p, company_cmgt7lmip0005mxarxkkjup1p, super_admin
🔍 Mobile API Request: GET /api/mobile/driver/jobs/history?limit=3&status=COMPLETED&includeEarnings=true
👤 Driver status update: {
  driverId: 'cmgt7lmqs000ymxarz2f1edxx',
  companyId: 'cmgt7lmip0005mxarxkkjup1p',
  status: 'AVAILABLE',
  newStatus: 'AVAILABLE',
  timestamp: 1761644837663,
  reason: 'manual'
}
📍 Emitted zone change to mobile driver cmgt7lmqs000ymxarz2f1edxx: { zoneId: 'cmh87ng5j00079kxcd9v0jk7k', zoneName: undefined }
[BROADCAST STATUS] Driver: cmgt7lmqs000ymxarz2f1edxx, Status: AVAILABLE
[Socket Broadcast] Event: driver:status:update, Rooms: dispatch_cmgt7lmip0005mxarxkkjup1p, company_cmgt7lmip0005mxarxkkjup1p, super_admin, all_dispatchers
[Socket Broadcast] Event: driver:status:updated, Rooms: dispatch_cmgt7lmip0005mxarxkkjup1p, company_cmgt7lmip0005mxarxkkjup1p, super_admin, all_dispatchers
🔄 Zone cache MISS for company cmgt7lmip0005mxarxkkjup1p - fetching from DB
✅ Cached 4 zones for company cmgt7lmip0005mxarxkkjup1p
🔍 Zone detection: 3/4 candidates after bounds check
✅ Zone detected: "Iusto et distinctio" (cmh87ng5j00079kxcd9v0jk7k) in 1ms
⏳ Zone stability pending for driver cmgt7lmqs000ymxarz2f1edxx (need 3 consecutive detections)
[BROADCAST LOCATION] Driver: cmgt7lmqs000ymxarz2f1edxx, Lat: 25.2841722, Lng: 51.5289844
[Socket Broadcast] Event: driver:location:update, Rooms: dispatch_cmgt7lmip0005mxarxkkjup1p, company_cmgt7lmip0005mxarxkkjup1p, super_admin, all_dispatchers
[Socket Broadcast] Event: driverLocationUpdate, Rooms: dispatch_cmgt7lmip0005mxarxkkjup1p, company_cmgt7lmip0005mxarxkkjup1p, super_admin, all_dispatchers
[Socket Broadcast] Event: driver:location:realtime, Rooms: dispatch_cmgt7lmip0005mxarxkkjup1p, company_cmgt7lmip0005mxarxkkjup1p, super_admin, all_dispatchers
[Socket Broadcast] Event: driver:zone:changed, Rooms: dispatch_cmgt7lmip0005mxarxkkjup1p, company_cmgt7lmip0005mxarxkkjup1p, super_admin, all_dispatchers
🔍 Mobile API Request: GET /api/mobile/driver/jobs/history?limit=3&status=COMPLETED&includeEarnings=true
🔍 Mobile API Request: GET /api/mobile/driver/shift/current
🔍 Mobile API Request: GET /api/mobile/driver/shift/current
🔍 Mobile API Request: GET /api/mobile/driver/jobs/history?limit=3&status=COMPLETED&includeEarnings=true
🔍 Mobile API Request: GET /api/mobile/driver/jobs/history?limit=3&status=COMPLETED&includeEarnings=true
🔍 Mobile API Request: GET /api/mobile/driver/shift/current
🔍 Mobile API Request: GET /api/mobile/driver/shift/current
🔍 Mobile API Request: GET /api/mobile/driver/jobs/history?limit=3&status=COMPLETED&includeEarnings=true
🔍 Mobile API Request: GET /api/mobile/driver/shift/current
🔍 Mobile API Request: GET /api/mobile/driver/jobs/history?limit=3&status=COMPLETED&includeEarnings=true
[Driver Activity Monitor] Checking driver activity at 2025-10-28T09:48:00.006Z
[Driver Activity Monitor] Threshold: 2025-10-28T09:38:00.006Z
[Driver Activity Monitor] Found 9 total active drivers
[Driver Activity Monitor] Driver3 Quick Ride:
  - Location Update: Never
  - Status Update: 2025-10-18T09:55:35.663Z
  - Preferences Location: Never
  - User Updated: Sat Oct 18 2025 12:55:35 GMT+0300 (Arabian Standard Time)
  - Last Activity: 2025-10-18T09:55:35.665Z
  - Inactive: true
[Driver Activity Monitor] Driver2 Quick Ride:
  - Location Update: Never
  - Status Update: 2025-10-18T09:55:35.663Z
  - Preferences Location: Never
  - User Updated: Sat Oct 18 2025 12:55:35 GMT+0300 (Arabian Standard Time)
  - Last Activity: 2025-10-18T09:55:35.665Z
  - Inactive: true
[Driver Activity Monitor] Driver2 Metro Taxi:
  - Location Update: Never
  - Status Update: 2025-10-18T09:55:35.663Z
  - Preferences Location: Never
  - User Updated: Sat Oct 18 2025 12:55:35 GMT+0300 (Arabian Standard Time)
  - Last Activity: 2025-10-18T09:55:35.665Z
  - Inactive: true
[Driver Activity Monitor] Driver1 Quick Ride:
  - Location Update: Never
  - Status Update: 2025-10-18T09:55:35.663Z
  - Preferences Location: Never
  - User Updated: Sat Oct 18 2025 12:55:35 GMT+0300 (Arabian Standard Time)
  - Last Activity: 2025-10-18T09:55:35.665Z
  - Inactive: true
[Driver Activity Monitor] Driver1 Metro Taxi:
  - Location Update: Never
  - Status Update: 2025-10-18T09:55:35.663Z
  - Preferences Location: Never
  - User Updated: Sat Oct 18 2025 12:55:35 GMT+0300 (Arabian Standard Time)
  - Last Activity: 2025-10-18T09:55:35.665Z
  - Inactive: true
[Driver Activity Monitor] Driver3 Metro Taxi:
  - Location Update: Never
  - Status Update: 2025-10-18T09:55:35.663Z
  - Preferences Location: Never
  - User Updated: Sat Oct 18 2025 12:55:35 GMT+0300 (Arabian Standard Time)
  - Last Activity: 2025-10-18T09:55:35.665Z
  - Inactive: true
[Driver Activity Monitor] Driver3 City Cabs:
  - Location Update: Never
  - Status Update: 2025-10-22T11:00:39.313Z
  - Preferences Location: Never
  - User Updated: Fri Oct 24 2025 19:30:17 GMT+0300 (Arabian Standard Time)
  - Last Activity: 2025-10-24T16:30:17.836Z
  - Inactive: true
[Driver Activity Monitor] Driver1 City Cabs:
  - Location Update: 2025-10-28T09:47:19.790Z
  - Status Update: 2025-10-28T09:47:20.355Z
  - Preferences Location: Never
  - User Updated: Tue Oct 28 2025 12:47:20 GMT+0300 (Arabian Standard Time)
  - Last Activity: 2025-10-28T09:47:20.407Z
  - Inactive: false
[Driver Activity Monitor] Driver2 City Cabs:
  - Location Update: Never
  - Status Update: 2025-10-18T09:55:35.663Z
  - Preferences Location: Never
  - User Updated: Sat Oct 18 2025 12:55:35 GMT+0300 (Arabian Standard Time)
  - Last Activity: 2025-10-18T09:55:35.665Z
  - Inactive: true
[Driver Activity Monitor] Found 8 inactive drivers
[Driver Activity Monitor] Processing driver cmgt7lmye001imxarbrwufab7 (Driver3 Quick Ride)
  - Last location update: Never
  - Active jobs: 0
  - Active shifts: 0
  - Current shift status: OFFLINE
  ✓ Emitted driver:status:changed for driver cmgt7lmye001imxarbrwufab7
[Driver Activity Monitor] Processing driver cmgt7lmww001emxarm6fiocom (Driver2 Quick Ride)
  - Last location update: Never
  - Active jobs: 0
  - Active shifts: 0
  - Current shift status: OFFLINE
  ✓ Emitted driver:status:changed for driver cmgt7lmww001emxarm6fiocom
[Driver Activity Monitor] Processing driver cmgt7lmns000qmxarybo79dix (Driver2 Metro Taxi)
  - Last location update: Never
  - Active jobs: 0
  - Active shifts: 0
  - Current shift status: OFFLINE
  ✓ Emitted driver:status:changed for driver cmgt7lmns000qmxarybo79dix
[Driver Activity Monitor] Processing driver cmgt7lmva001amxargvvis3qo (Driver1 Quick Ride)
  - Last location update: Never
  - Active jobs: 0
  - Active shifts: 0
  - Current shift status: OFFLINE
  ✓ Emitted driver:status:changed for driver cmgt7lmva001amxargvvis3qo
[Driver Activity Monitor] Processing driver cmgt7lmm7000mmxarb23yrhm4 (Driver1 Metro Taxi)
  - Last location update: Never
  - Active jobs: 0
  - Active shifts: 0
  - Current shift status: OFFLINE
  ✓ Emitted driver:status:changed for driver cmgt7lmm7000mmxarb23yrhm4
[Driver Activity Monitor] Processing driver cmgt7lmpa000umxaro9mk6xmc (Driver3 Metro Taxi)
  - Last location update: Never
  - Active jobs: 0
  - Active shifts: 0
  - Current shift status: OFFLINE
  ✓ Emitted driver:status:changed for driver cmgt7lmpa000umxaro9mk6xmc
[Driver Activity Monitor] Processing driver cmgt7lmts0016mxar09d3mqpx (Driver3 City Cabs)
  - Last location update: Never
  - Active jobs: 0
  - Active shifts: 0
  - Current shift status: OFFLINE
  ✓ Emitted driver:status:changed for driver cmgt7lmts0016mxar09d3mqpx
[Driver Activity Monitor] Processing driver cmgt7lms90012mxare5ugbirp (Driver2 City Cabs)
  - Last location update: Never
  - Active jobs: 0
  - Active shifts: 0
  - Current shift status: OFFLINE
  ✓ Emitted driver:status:changed for driver cmgt7lms90012mxare5ugbirp
[Driver Activity Monitor] Processed 8 inactive drivers
[Cron - Driver Activity] Processed inactive drivers: {
  count: 8,
  drivers: [
    {
      id: 'cmgt7lmye001imxarbrwufab7',
      name: 'Driver3 Quick Ride',
      unassignedJobs: 0
    },
    {
      id: 'cmgt7lmww001emxarm6fiocom',
      name: 'Driver2 Quick Ride',
      unassignedJobs: 0
    },
    {
      id: 'cmgt7lmns000qmxarybo79dix',
      name: 'Driver2 Metro Taxi',
      unassignedJobs: 0
    },
    {
      id: 'cmgt7lmva001amxargvvis3qo',
      name: 'Driver1 Quick Ride',
      unassignedJobs: 0
    },
    {
      id: 'cmgt7lmm7000mmxarb23yrhm4',
      name: 'Driver1 Metro Taxi',
      unassignedJobs: 0
    },
    {
      id: 'cmgt7lmpa000umxaro9mk6xmc',
      name: 'Driver3 Metro Taxi',
      unassignedJobs: 0
    },
    {
      id: 'cmgt7lmts0016mxar09d3mqpx',
      name: 'Driver3 City Cabs',
      unassignedJobs: 0
    },
    {
      id: 'cmgt7lms90012mxare5ugbirp',
      name: 'Driver2 City Cabs',
      unassignedJobs: 0
    }
  ]
}
